БИН;Название;Рег. номер (лицензия);Руководитель (ФИО);Адрес;Контакты (тел./email/сайт);Дата включения в реестр;Дата исключения;Основание исключения;Статус
180340006014;"ТОО ""Досудебное коллекторское агентство""";53.К.18.002;Есполов Тимур Абильдаевич;050000, г.Алматы, Жетысуский район, ул.Серикова, д.6;8 (701) 980-36-13, info@rvka.kz, www.rvka.kz;18.04.2018;;;Действующее
080840007901;"ТОО ""Евразийское коллекторское агентство""";05.К.17.019;Ермухаметов Рахим Мекенович;050044, г.Алматы, Медеуский район, ул. Жибек жолы, дом 50, офис 806;356-07-33, 356-07-36 info@eka.kz www.eka.kz;20.11.2017;;;Действующее
231040035636;"ТОО ""КА ""Silver Collection""";13.K.24.001;Мубарак Дидар;город Алматы, Бостандыкский район, улица Джандарбекова, дом 238/91, 205/1 кабинет, почтовый индекс 050057;"8-777-322-2220; Silvercollection@mail.ru";18.04.2024;;;Действующее
190740011295;"ТОО ""КОЛЛЕКТОРСКОЕ АГЕНТСТВО ""Sirius Agency""";53.К.19.006;Рахметова Айгерим Биржановна;г. Астана, район Алматы, улица Ж.Жирентаева, д.4, кв.37 и фактический адрес: г. Астана, район Алматы, проспект Тауелсиздик, дом 24, офис ВП 3;87018482737, sirius.rakh@gmail.com;27.08.2019;;;Действующее
201040010010;"ТОО ""Коллекторское Агентство ""AGRO GROUP COLLECTION""";01.К.20.005;Ажикенова Гульжан Сериковна;г. Астана, район Байконур, улица Малика Габдуллина, 19/1, н.п. 1;email: ag-collection@mail.ru, ka-agc.kz;20.11.2020;;;Действующее
151140004682;"ТОО ""Коллекторское Агентство ""Debt Solution""";05.К.18.011;Байдагулов Руслан Аскарович;"юридический адрес: 050046, г.Алматы, Бостандыкский район, ул. Мынбаева, дом 151. Фактический адрес: 050000, г. Алматы, Алмалинский район, пр. Райымбека, д. 160 ""Б"", оф. 12";8 (727) 346 89 11, 87713951115, info@debtsolution.kz, www.debtsolution.kz;28.03.2018;;;Действующее
201140015461;"ТОО ""Коллекторское Агентство ""ELITE KZ""";01.К.20.006;Суинов Ерлан Арнашевич;Юридический адрес: г. Алматы, ул. Кожамкулова, д.273, н.п. 123 Фактический адрес: г. Алматы, ул. Кожамкулова, д.273, н.п. 123;8 700 724 81 31, 8 708 825 38 14, 8 708 825 38 15, 8 700 075 40 40, электронная почта: info@elite-01.kz, https://elite-01.kz/;11.03.2021;;;Действующее
180340003783;"ТОО ""Коллекторское Агентство ""KZ Finance""";05.К.18.015;Тохтямов Кадирдин Садирдинович;050026, г.Алматы, Алмалинский район, улица Карасай батыра, здание 152/1, офис 814;"8 (727) 317-99-31, 8(707) 577-07-81 info@kzfinance.kz; www.kzfinance.kz;";31.05.2018;;;Действующее
200540014198;"ТОО ""Коллекторское Агентство ""Qarjy Qyzmet""";01.К.20.003;Байбаракова Айдана Әбдібекқызы;г.Астана, район Сарыарка, проспект Жеңіс, здание 79, оф. 320;8 702 699 59 51, электронная почта: Qarjy_qyzmet@mail.ru;16.07.2020;;;Действующее
230940000188;"ТОО ""Коллекторское Агентство ""Капитал Инвест""";02.K.23.013;Ғаппар Жансая Қанатқызы;г. Шымкент, Каратауский р-он, мкр. Мирас, ул. Жанажол, д.39 почтовый индекс 160024;8-775-430-77-77, kapital.invest.87@mail.ru;06.10.2023;;;Действующее
171040035573;"ТОО ""Коллекторское Агентство ""Парыз""";53.К.18.001;Хасенов Серик Тукенович;г. Астана, район Алматы, ЖМ «Ак-булак-2», переулок Талды, д. 2, ВП-1;8(7172)28-71-59, 87470943049, tooparyz@gmail.com;12.01.2018;;;Действующее
210440003795;"ТОО ""Коллекторское Агентство ""Престиж""";02.К.21.015;Мамбетов Ануар Амантаевич;050010, г. Алматы, Медеуский район, ул. Казыбек би д. 22;8-777-626-5151 prestigekzka@mail.ru, Prestigeka.wixsite.com/about;16.07.2021;;;Действующее
180140040205;"ТОО ""Коллекторское Агентство ""Прогресс""";05.К.18.017;Латыпаева Мубяряк Кенжеевна;190000, область Жетісу, город Талдыкорган, Микрорайон Гарышкер, строение 1Г;"8 (747) 559-91-89 kaprogress.kz@mail.ru; www.Kaprogress.kz;";19.06.2018;;;Действующее
180140032402;"ТОО ""Коллекторское Агентство Финанс контроль""";05.К.18.014;Ходжамкулова Диана Фархадовна;050057, г. Алматы, Бостандыкский район, ул.Тимирязева, дом 42, офис 301;8 (727) 712-90-42, 8(700) 470-04-41 8-775-185-30-86 finans_kontrol@inbox.ru https://finance-control-di.kz/;20.04.2018;;;Действующее
131240004721;"ТОО ""Коллекторское агенство ""Агенство по работе с дебиторами""";05.К.17.030;Айжариков Ернар Ельбрусович;050000, г. Алматы, Алмалинский район, пр. Райымбека, дом 160Б, офис 22;8(727) 339-96-66, info@1ard.kz, E.Aizharikov@1ard.kz, http://1ard.kz/;06.12.2017;;;Действующее
190740030618;"ТОО ""Коллекторское агенство ""Аспект Финанс""";02.K.23.010;Зюзюлькина Наталья Витальевна;050000, Алматы қаласы, Алмалы ауданы, Байтұрсынұлы көшесі, 1А-үй, 4-тұрғын емес үй жай, 4-қабат, 3-кеңсе;8 727 355 00 17, in@aspf.kz, www.aspf.kz;10.07.2023;;;Действующее
210440037244;"ТОО ""Коллекторское агенство ""ТОП-КОЛЛЕКТОР""";02.К.21.023;Утаргалиев Руслан Абатович;Астана қаласы, Байқоңыр ауданы, Бөгенбай батыр даңғылы, үй, пәтер. 56А, 53 кабинет.;8 775 928 83 38 электрондық пошта: topkollektor@gmail.com;08.12.2021;;;Действующее
220440029562;"ТОО ""Коллекторское агентство ""Aikus Kazakhstan"" (Aикус Казахстан)";02.K.22.009;Тохтарбаев Тимур Ерсаинович;050000, г. Алматы, Алмалинский район, ул. Гоголя, дом 86, Бизнес-Центр «Казжол», офис №616;+7 705 725 94 12, http//aikus.kz, info@aikus.kz;15.06.2022;;;Действующее
210140001738;"ТОО ""Коллекторское агентство ""Alfa Collection Group""";02.К.21.003;Оленбаева Маржан Бердгожаевна;050006, г. Алматы, Медеуский район, улица Жибек жолы, 76;8-771-704-0193, info@acg1.kz, acg1.kz;10.02.2021;;;Действующее
170540005903;"ТОО ""Коллекторское агентство ""Arbitrade""";58.К.18.005;Сматбекұлы Ақжол;г.Шымкент, район Каратау, мкр.Нуртас, улица Жас талап, дом 164;тел. +7 700 470 04 41, Arbitrade@bk.ru;02.04.2018;;;Действующее
180440003053;"ТОО ""Коллекторское агентство ""Asyl Group""";58.К.18.014;Шапаволов Владимир Владимирович;050000, г. Алматы, Турксибский район, мкр. Кайрат, д.282;"+7 707 669 7964, info@asylgroup.kz; https://www.asylgroup.kz/";04.07.2018;;;Действующее
230740021133;"ТОО ""Коллекторское агентство ""Atasen Group""";02.K.23.011;Абитаева Аида Николаевна;050000, город Алматы, Бостандыкский район, ул. Егизбаева 7/9, кв., 97;8 707 528 93 55, atasengroup@inbox.ru, www.atasen-group.kz;24.08.2023;;;Действующее
160240007233;"ТОО ""Коллекторское агентство ""BVK-Group Company""";05.К.17.027;Беляева Яна Маликовна;050016, г. Алматы, Жетысуский район, пр. Суюнбая, д. 89;"8 (727) 250 46 77, bvk_group@mail.ru; www.bvkgroup.kz";29.11.2017;;;Действующее
190140031842;"ТОО ""Коллекторское агентство ""Benestar """;58.К.19.002;Оразбаев Алимжан Гайфурович;город Шымкент, Енбекшинский район, мкр. Улагат, улица Кызылшокы, дом 25, почтовый индекс 160000;тел: +7 701 666 21 66 benestar2019@mail.ru;13.03.2019;;;Действующее
131240003199;"ТОО ""Коллекторское агентство ""Big Almaty Group""";05.К.17.029;Қылышбай Мүрат Абайүлы;Алматы, Бостандыкский район, пр. Райымбека, 160Б, оф 21;8 (727) 346 94 69, www.biggroup.kz info@biggroup.kz;05.12.2017;;;Действующее
210640030908;"ТОО ""Коллекторское агентство ""Big Finance""";02.K.21.016;Досумов Медет Кусманович;050036 г. Алматы, Ауэзовский район, микрорайон 6, дом 27а;"+7 707 979-51-31, kbigfinance@mail.ru; https://bfc.kz";05.08.2021;;;Действующее
210240031317;"ТОО ""Коллекторское агентство ""Big Star""";02.К.21.006;Урынбаев Ержан Ерсайнулы;A05A0D7, г. Алматы, Алмалинский район, микрорайон Тастак-2, дом 21;87761248422, too_bigstar@mail.ru, www.bigstarkollector.kz;26.04.2021;;;Действующее
181140011076;"ТОО ""Коллекторское агентство ""Capital Collection""";05.К.19.001;Лим Алла Борисовна;050012, г. Алматы, Алмалинский район, ул. Толе би, д. 83, 2 этаж, офис 203;+ 7 727 339 89 76, +7 775 007 03 58, info@capitalcollection.kz, www.capitalcollection.kz;03.01.2019;;;Действующее
240440001398;"ТОО ""Коллекторское агентство ""Control Collection""";09.К.24.001;Қалдыбек Шахназ Асанәліқызы;100026/M02F5H2, Карагандинская область, город Караганда, район имени Казыбек би, улица Язева, дом 2, 45,;"8-707-479-36-87; e-mail: controlcollection@mail.ru";03.05.2024;;;Действующее
160240033639;"ТОО ""Коллекторское агентство ""Credit Almaty""";02.К.20.023;Мухтаров Даурен Темирланович;050062, г. Алматы, Ауэзовский район, улица Кабдолова, дом 22Б, офис 607;8-727-356-35-45, info@creditalmatycollection.kz, сайт - www.creditalmatycollection.kz;25.09.2020;;;Действующее
150740001171;"ТОО ""Коллекторское агентство ""CreditKontakt""";05.К.17.034;Өмірбек Тоқжан Өмірбекқызы;050009, г.Алматы, Алмалинский район, ул. Абая, дом 151, офис 609;8 (727) 339 79 79, 8-702-929-7229 info@creditkontakt.kz, creditkontakt.kz@gmail.com, creditkontakt.kz@bk.ru, creditkontakt.kz,toocreditkontakt@gmail.com;12.12.2017;;;Действующее
230340016221;"ТОО ""Коллекторское агентство ""Debt Collection Services""";08.К.23.002;Нұрлыбай Меруерт Есжанқызы;080000, г. Тараз, проспект Толе би, строение 93;+7 775 031 66 65, info@debtcollect.kz, www.debtcollect.kz;03.10.2023;;;Действующее
200540019961;"ТОО ""Коллекторское агентство ""Diplomat collection""";32.К.20.001;Баратов Бауыржан Галиякпарович;140000, Павлодарская область, г.Павлодар, ул.Ворушина,26 Б 140000, Павлодарская область, г.Павлодар, ул. М.Жусупа д.189, оф.307;Номер телефона сот. тел: 87029942070, e-mail: dipkollect@mail.ru;25.08.2020;;;Действующее
180240036121;"ТОО ""Коллекторское агентство ""ENLEX""";18.К.18.001;Рымбек Ақбөпе Аманкелдіқызы;100012, Карагандинская область, г. Караганда, ул. Ерубаева, дом №50 А, нежилое помещение №6;"8 778 156 71 32; enlex2020@mail.ru";28.04.2018;;;Действующее
210740000107;"ТОО ""Коллекторское агентство ""Eagle""";01.К.21.007;Тлеулесов Бигали Жаксылыкович;г.Астана, улица Мәлік Ғабдуллин, дом 12/1, кв.89;8 7172 505 833, 8 707 847 29 64 электронная почта: ka_eagle@mail.ru;13.08.2021;;;Действующее
210940005155;"ТОО ""Коллекторское агентство ""Everest""";01.К.21.008;Байрамов Микаил Эльшан Оглы;г. Алматы, Ауэзовский р-н., ул. Толе би, д. 302а, оф. 110;8 707 749 08 53, kaeverest.016@gmail.com, www.everest-collect.kz;10.11.2021;;;Действующее
240140027211;"ТОО ""Коллекторское агентство ""F Collect""";02.K.24.004;Шаймахан Жансая Аббасқызы;000050, Алматы, Алмалинский район, пр. Сейфуллина 404/67, корпус №1, офисное помещение № 305;"8-708-007-14-17; info@fcollect.kz";14.03.2024;;;Действующее
210840003175;"ТОО ""Коллекторское агентство ""FD Collection""";02.K.21.018;Кузембаев Ерлан Серикович;050000, г. Алматы, Алмалинский район, улица Байзакова, дом 125, офис 500;+7 705 956 00 86, office@fdc.kz, www.FDC.kz;22.09.2021;;;Действующее
231140010753;"ТОО ""Коллекторское агентство ""Fast Collection""";02.K.23.015;Абдримова Альбина Владимировна;050051, г.Алматы, Медеуский район, проспект Достык, дом 140, офис 8;"8 771 704 49 08; fastcollectionllp@yandex.kz; fastcollection2@mail.ru";11.12.2023;;;Действующее
190940008768;"ТОО ""Коллекторское агентство ""Field контроль""";05.К.19.023;Уразыметов Ихтияр Эркенович;г. Тараз, проспект Толе би, строение 93, почтовый индекс 080000;"+7 702 052 1515, info@field-control.kz; www.field-control.kz";19.11.2019;;;Действующее
200640033396;"ТОО ""Коллекторское агентство ""Finance Elite""";02.К.20.021;Смамагзумова Индира Ахметкановна;050000, г. Алматы, Турксибский район, ул.Дунентаева, дом № 8Б;8-747-811-3425, finance_elite@mail.ru, finance-elite.kz;24.09.2020;;;Действующее
210140015565;"ТОО ""Коллекторское агентство ""Finance Tower""";17.К.21.004;Нурхалиев Ислам Сарсенович;050040, г. Алматы, Бостандыкский район, проспект Аль-фараби, дом 77/2, кв.37;8-707--555-2888, 8-701-757-6276 financetower@mail.ru;02.03.2021;;;Действующее
220240001961;"ТОО ""Коллекторское агентство ""Freedom TM""";17.К.22.001;Абдураимов Фахриддин Абдусаттарович;РК, Казахстан, г. Шымкент, район Каратау, Жилой массив Сайрам, улица Шахат ата, дом 68, почтовый индекс 160024;8-705-173-19-99, freedom_tm@list.kz, http://kollektorskoe.kz;22.04.2022;;;Действующее
210440000433;"ТОО ""Коллекторское агентство ""Gallus Finance""";17.К.23.004;Таттибаев Сапаргали Бекбулатович;Казахстан, г. Шымкент, Аль-Фарабийский район, улица Мухамед Хайдар Дулати, здание 201А, почтовый индекс 160000;8-775-031-66-66, info@gallus-finance.kz, http:// www.Gallus-finance.kz;01.09.2023;;;Действующее
180240039888;"ТОО ""Коллекторское агентство ""Garant Collection""";05.К.18.016;Буркитбаев Даулет Лукпанович;г. Атырау, мкр. Балықшы, проезд Білге Қаған, дом 1Б;"8-707-777-7663 info@garantcollection.kz; www.garantcollection.kz;";11.06.2018;;;Действующее
211040024230;"ТОО ""Коллекторское агентство ""Gold collection capital-2050""";08.К.22.001;Раушанов А.А.;"080000, Жамбылская область, г. Тараз, Ы.Сулейменова, 16 ""Г""";+7 771 969 66 60 gold_collection_capital@bk.ru;12.04.2022;;;Действующее
210640030713;"ТОО ""Коллекторское агентство ""GoldStar""";02.K.23.009;Кенжебаева Жанар Бекжигитовна;050040, г. Алматы, Бостандыкский район, бульвар Бухар Жырау, дом 32;8-701-500-00-66, too_goldenst@mail.ru, starcollector.kz;08.06.2023;;;Действующее
220740020976;"ТОО ""Коллекторское агентство ""HALL""";17.К.22.003;ИСМАИЛОВ АЙБЕК КУАТОВИЧ;050000, г.Алматы, Бостандыкский район, пр. Аль-Фараби, 21, н.п. 1196;8-708-889-9979, 220740020976@mail.ru, https://everest-01.kz;21.12.2022;;;Действующее
180140020449;"ТОО ""Коллекторское агентство ""Hard""";58.К.18.006;Гончар Денис Георгиевич;Юридический адрес: г.Шымкент, Енбекшинский район, пр.Тауке хана, 148, фактический адрес: г.Шымкент, Енбекшинский район, проспект Тауке хана, здание 148;"тел. +7 778 888 90 20 ka-hard@mail.ru; www.hard-collector.kz";02.04.2018;;;Действующее
200840024621;"ТОО ""Коллекторское агентство ""ID Collect (АйДи Коллект)""";02.К.20.027;Зайцева Маргарита Владимировна;050008, г. Алматы, ул. Шевченко 162/7, 4 этаж;8 700 003 77 33, info@idcollect.kz, www.idcollect.kz;26.10.2020;;;Действующее
240440017017;"ТОО ""Коллекторское агентство ""Jetu""";02.K.24.005;Аханов Айдар Талгатович;050070, г. Алматы, р-н Наурызбайский, мкр. Рахат, ул. Култобе, д. 4.;8-707-408-48-86, info@jetu.kz, www.jetu.kz;15.05.2024;;;Действующее
210540032049;"ТОО ""Коллекторское агентство ""KPI""";02.К.21.014;Хурани Камилла Саидовна;050004, г. Алматы, Алмалинский район, проспект Абылай Хана, дом 58, офис 4;8 (747) 505 21 51, info@kkpI.kz, www.kkpi.kz;01.07.2021;;;Действующее
211140003251;"ТОО ""Коллекторское агентство ""Kaz Collect""";02.K.22.005;Едилбаев Ринат Куанышевич;050026, город Алматы, Алмалинский район, ул. Джумалиева, 86;8-777-007-7447 info@kazcollect.kz, kazcollect@mail.ru, kz_collect_hr@mail.ru;28.02.2022;;;Действующее
230640025569;"ТОО ""Коллекторское агентство ""Kaz finance kz""";17.К.23.003;Қонысбай Самал Заитқызы;Казахстан, г. Шымкент, район Туран, Улица Ахмета Байтурсынова, здание 81, почтовый индекс 160011;8-778-080-10-85, ka_kaz_finance_kz@mail.ru, http://kazfinance.kz;31.08.2023;;;Действующее
221040025121;"ТОО ""Коллекторское агентство ""KazGarant""";02.K.23.01;Кененбай Талгат Ильясулы;050009, г. Алматы, Алмалинский район, улица Абая, дом 151/115, офис 608;8-701-555-45-30, kazgarant.kz@mail.ru, kazgarant.com.kz;09.01.2023;;;Действующее
120240013855;"ТОО ""Коллекторское агентство ""KazРост""";58.К.17.005;Муратов Болат Бехбердиевич;юр.адрес: г.Шымкент, Каратауский район, мкр.Нурсат, д.45, кв.2 факт.адрес: г.Шымкент, Аль-Фарабийский район, ул.Токаева, 27А;8(7252) 530449, 8-771-111-5494, 8-775-855-5559 kazrost_ka@gmail.com;18.10.2017;;;Действующее
190940008827;"ТОО ""Коллекторское агентство ""Late контроль""";05.К.19.024;ДЖАРЫКАСЫМОВА ЭЛЬМИРА МАЙКЕНОВНА;050026, г. Алматы, Алмалинский район, улица Муканова, дом 223В, 3-й этаж, офис № 8-12;"8-702-052-13-13; info@late-control.kz; www.late-control.kz";19.11.2019;;;Действующее
151040020869;"ТОО ""Коллекторское агентство ""Legal Collection""";05.К.17.025;Ернияз Қуаныш Бақытұлы;050026, г. Алматы, Ауэзовский район, ул. Кабдолова, дом 16, офис 10/5;+7 707 700 25 52, legal_collection@mail.ru, https://collektor.kz/;22.11.2017;;;Действующее
170940008020;"ТОО ""Коллекторское агентство ""Legal Finance""";05.К.18.004;Смагулова Юлия Ивановна;050000, г. Алматы, Алмалинский район, ул. Гоголя, 253/4;"8-727-356-05-70, вн. 202; almatylegalfinance@gmail.com, https://legalfinance.kz/";06.02.2018;;;Действующее
180540030768;"ТОО ""Коллекторское агентство ""Lexfield""";05.К.18.029;Кенчинбаев Дмитрий Юрьевич;050008, г. Алматы, Алмалинский район, ул. Муканова, д.223В, 4-этаж, офис 6;+ 7 701 730-00-60, info@lexfield.kz, www.lexfield.kz;23.11.2018;;;Действующее
201240009113;"ТОО ""Коллекторское агентство ""Luck Return""";02.К.21.002;Бурдастов Александр Геннадьевич;050061, г. Алматы, Алатауский район, улица Бокеева, дом 128;87055550944, info_luckreturn@mail.ru, www.collect-luckreturn.kz;01.02.2021;;;Действующее
160240015600;"ТОО ""Коллекторское агентство ""MEMo Collect""";05.К.19.018;Серикжан Жандос Аскарулы;050022, г. Алматы, Бостандыкский район, проспект Сейфуллина, дом 597 «А», офис 405а;8 (727) 346-89-11, info@memocollect.kz, www.memocollect.kz;15.11.2019;;;Действующее
171140012855;"ТОО ""Коллекторское агентство ""NUR Collector Kazakhstan""";58.К.17.011;Кайназарова Салтанат Бахытжановна;РК, Казахстан, г. Шымкент, район Аль-Фараби, проспект Тауке хана, 73/1, индекс 160011;"8 747 987 74 74, Nurck.collector@bk.ru; http://www.nur-collector.kz/";11.12.2017;;;Действующее
210440010916;"ТОО ""Коллекторское агентство ""Nova Collection""";02.K.21.012;Акиев Фарух Адилжанович;050012, город Алматы, Алмалинский район, улица Толе Би, дом 73А. Представительство в городе Усть-Каменогорск, ВКО 070016, Усть-Каменогорск, улица Краснознаменная, дом 149Б 100000, Карагандинская область, город Караганда, район имени Казыбек Би, улица Жамбыла, строение 4/13.;+7 776 007 14 15, info@novacollekt.kz, http:/novacollekt.kz;25.06.2021;;;Действующее
220540034037;"ТОО ""Коллекторское агентство ""PRO Collect""";02.K.22.013;Мубараков Тахиржан Юнусжанович;A05F4E4, г. Алматы, Алмалинский район, улица Монгольская, дом 44;8-707-707-78-88, info@procollect.kz, procollect.kz;01.08.2022;;;Действующее
230240000053;"ТОО ""Коллекторское агентство ""Qaz Invest Collection Group""";02.K.23.005;Джазыкбаев Улан Жекенович;050000, Алматы қаласы, Алмалы ауданы, Нұрлы жол көшесі, 16 ғимарат;8 771 713 90 57, qaz-investcg@yandex.kz, qaz-invest.vercel.app;20.03.2023;;;Действующее
160240033490;"ТОО ""Коллекторское агентство ""Qazaq Collector""";05.К.18.010;Калиакпарова Мадина Сериковна;"А15М3Х5, г.Алматы, Бостандыкский район, ул.Мынбаева, 151, Бизнес центр ""VERUM"" (""ВЕРУМ""), четвертый этаж, помещение 46";8 (727) 346-89-11, 8 (701) 716-74-17 www.qazaqcollector.kz info@qazaqcollector.kz;27.03.2018;;;Действующее
190940026210;"ТОО ""Коллекторское агентство ""Qazaqstan collection""";02.K.23.02;Якимченко Антон Сергеевич;050000, г. Алматы, Алмалинский район, улица Байтурсынулы, дом 1А, нежилое помещение 4, этаж 4, офис 5;8-727-355-00-27, vb@qc1.kz, qc1.kz;31.01.2023;;;Действующее
211040033755;"ТОО ""Коллекторское агентство ""RCollect""";02.K.23.004;Жибинов Михаил Станиславович;A25P1P9, г.Алматы, Медеуский район, улица Жангельдина, 31/2, офис 300;8-777-504-07-23 info@rcollect.kz www.https://rcollect.kz/;07.02.2023;;;Действующее
210940017052;"ТОО ""Коллекторское агентство ""REGION-UNION""";02.K.22.004;Балабаев Айдын Серикович;A15E2B5, г.Алматы, Бостандыкский район,Проспект Абая, 68/74 Проспект Абая, 68/74,;"region-collect@mail.ru; region-collect.kz 8-700-666-12-42";22.02.2022;;;Действующее
200240036930;"ТОО ""Коллекторское агентство ""Ramina.pro""";02.К.20.005;Сиетов Шухрат Дильшатович;A26B2P0, г. Алматы, Медеуский район, улица Нусупбекова, дом 32, офис 510;8 707 111 83 81, 122beo@mail.ru, www.ramina.pro;09.04.2020;;;Действующее
190840019363;"ТОО ""Коллекторское агентство ""Rioni Capital""";02.К.20.001;Айтпаев Ануар Муратович;050062, г. Алматы, Ауэзовский район, микрорайон Сайран, дом 14, офис 504/3;+ 7 747 622 74 97, rioni_capital@bk.ru, www.rioni-capital.kz;10.02.2020;;;Действующее
080540019607;"ТОО ""Коллекторское агентство ""Rus&Cо Financial Group""";05.К.17.026;Сундетов Руслан Нурлыханович;050026, г.Алматы, ул. Джумалиева 86, БЦ «Grand Asia» «Б», оф. 21-26, 2;тел: 8 (727) 220-80-44, факс: 8(727)221-62-79, info@crc-office.kz, www.crc-office.kz, https://rfg.kz/;27.11.2017;;;Действующее
220940026457;"ТОО ""Коллекторское агентство ""SF Collect"" (СФ Коллект)";02.K.23.003;Омиржанов Талгат Галымович;050012, г. Алматы, Алмалинский район, проспект Сейфуллина, дом 502, 8 этаж, офис 13/1;8-700-880-0008, info@sfcollect.kz, www.sfcollect.kz;07.02.2023;;;Действующее
210340020088;"ТОО ""Коллекторское агентство ""STS Finance""";02.K.21.007;Газдиев Руслан Сагиратович;050000, г.Алматы, Жетысуский район, ул. Бокейханова. дом 128/1, н.п. 1;8 (701) 250 80 89, info@sts-finance.kz, www.sts-finance.kz;26.04.2021;;;Действующее
220740023504;"ТОО ""Коллекторское агентство ""Sammler""";17.К.22.002;Сауруков Максат Курмангазиевич;г.Шымкент, ул. Бекет Батыр, д.51;Teл:8-708-002-35-64, sammler22@mail.ru;21.09.2022;;;Действующее
211140005129;"ТОО ""Коллекторское агентство ""Standard Plus""";02.K.22.003;Кесикбай Маржан Бекдаулетқызы;050009, г.Алматы, Алмалинский район, ул. Абая, дом 151, офис 609;"8-702-929-72-29, regular.standardplus@gmail.com; office.standardplus@gmail.com";18.01.2022;;;Действующее
240140002642;"ТОО ""Коллекторское агентство ""Tau Collect Group""";02.K.24.002;Рахметов Арман Бахитович;г. Караганда, ул.Университетская д.28/19, кв.66;8 701 110 22 44, 8 771 207 10 55;31.01.2024;;;Действующее
211040005755;"ТОО ""Коллекторское агентство ""Time Life""";32.К.21.001;Сербаева Асель Толегеновна;140000, Павлодарская область, г.Павлодар, ул. М.Жусупа, 189;сот. тел: 87758604390, 87759271401, e-mail: timelife2021@mail.ru;14.12.2021;;;Действующее
180140036425;"ТОО ""Коллекторское агентство ""Ulus""";58.К.18.002;Серікбай Айзада Мұхтарқызы;160000, г.Шымкент, Аль-Фарабийский район, проспект Байдибек би, здание 95 А, почтовый индекс 160000;"+7771 934 36 67, +7701 384 14 14, tooulus@gmail.com; www.kaulus.kz";19.02.2018;;;Действующее
210340014112;"ТОО ""Коллекторское агентство ""Vertex finance""";02.K.21.021;Касенов Мадияр Орынбекович;050031, г.Алматы, Ауэзовский район, улица Толе би, дом 299.;+7-777-272-6251 KA.Vertexfinance@gmail.com, vfinance.kz;26.10.2021;;;Действующее
210340018680;"ТОО ""Коллекторское агентство ""Zan 24""";02.K.21.011;БЕРГЕР ЕКАТЕРИНА НИКОЛАЕВНА;A15E5F3, город Алматы, Бостандыкский район, проспект Гагарина, дом 258В, офис 104;"8-707-020-94-69; zan24kz@mail.ru";16.06.2021;;;Действующее
230840030800;"ТОО ""Коллекторское агентство ""i-Qyzmet""";01.К.23.001;Тисанова Жансая Далелхановна;г. Астана, район Алматы, улица Куйши Дина, 17, офис 608;/+7/777/2062006, /+7/702/2062006 e-mail: info@iqyzmet.kz web-site: https://iqyzmet.kz;20.11.2023;;;Действующее
220840018274;"ТОО ""Коллекторское агентство ""iCollect""";02.К.22.017;Отыншинова Аяна Казиевна;город Алматы, Алмалинский район, Проспект Сейфуллина, дом 404/67, почтовый индекс 050050;8-708-007-15-14, info@icollect.kz;04.10.2022;;;Действующее
230240016634;"ТОО ""Коллекторское агентство ""А-Омега""";08.К.23.001;Кенжалыұлы Айдос;050059, г. Алматы, Медеу район, проспект Аль-Фараби, дом 15 к4В, офис 1003;8 700 372 5050, info@a-omega.kz, http://a-omega.kz/;30.03.2023;;;Действующее
170840010544;"ТОО ""Коллекторское агентство ""АДИЛЕТ-ҚАЗЫНА""";58.К.17.007;Сауруков Максат Курмангазиевич;"Местонахождение; г.Шымкент, Абайский район, ул.Кремлевская, дом 1А, кв.6. Фактический адрес: г.Шымкент, ул.Торекулова, дом 3А, 3-й этаж";"тел. +7 775 653 05 21 Kfa.Adilet@mail.ru; http://Adilet-kazyna.kz";03.11.2017;;;Действующее
200240041997;"ТОО ""Коллекторское агентство ""Авангард финанс""";08.К.20.002;Жикебаев Алмас Сабырович;050067, г. Алматы, Бостандыкский район, проспект Сейфуллина, дом 597А;8-705-926-3939, avangard_finance2020@mail.ru, ka-avangard.kz;08.06.2020;;;Действующее
180340008952;"ТОО ""Коллекторское агентство ""Аврора""";02.К.20.002;Усенова Ритай Анарбековна;050000, г. Алматы, Бостандыкский район, Площадь Республики, дом 13, 6 этаж, офис 600;8-778-555-12-18, 8-778-644-21-76 collector.avrora@gmail.com, www.aurora.com.kz;18.02.2020;;;Действующее
240140038138;"ТОО ""Коллекторское агентство ""Агентство Судебного Взыскания КЗ""";15.К.24.001;Шукалова Мария Михайловна;Казахстан, Северо-Казахстанская область, город Петропавловск, улица Конституции Казахстана, дом 28, почтовый индекс 150000;"8 (7152) 50-20-03, +7-705-178-87-70; info@legalcollection.kz";13.05.2024;;;Действующее
151140017674;"ТОО ""Коллекторское агентство ""Агентство по работе с долгами""";05.К.18.001;Иманқул Меруерт Таңатқызы;050000, Алматы, Алмалинский район, ул. Гоголя, 253/4;8-747-013-4080, 8-701-713-2437, www.ard-1.kz;09.01.2018;;;Действующее
180640010876;"ТОО ""Коллекторское агентство ""Актив Коллекшн""";58.К.18.021;Бурашов Ерболат Ташмухаметович;Местонахождение: 050004, г. Алматы, Алмалинский район, улица Торекулова, дом 68, 8 этаж, кабинет 808;8 705 503 61 62, www.activecollection.kz, info@activecollection.kz;09.08.2018;;;Действующее
231140023263;"ТОО ""Коллекторское агентство ""Алаш Финанс""";01.К.24.001;Тоганбаев Жандос Амангельдиевич;050000, город Алматы, Медеуский район, улица Гоголя 75, квартира 16;"8-776-070-97-96; e-mail: alash.finans@mail.ru";26.01.2024;;;Действующее
230640002629;"ТОО ""Коллекторское агентство ""Атлант""";17.К.23.002;Жарилгасинова Арайлым Каировна;г. Алматы, Бостандыкский район, мкрн Орбита-3, дом 55/2, кв.30;8 8-708-818-00-35, too_ka_atlant@mail.ru;28.08.2023;;;Действующее
201240007414;"ТОО ""Коллекторское агентство ""Боз-Жыра""";17.К.21.003;Профатилов Вячеслав Александрович;г.Шымкент, р-н Каратау, мкр.Тассай, ул.Ойқарағай, зд.121;7 707 268 44 22, kkbozzhyra@gmail.com;05.02.2021;;;Действующее
220640013652;"ТОО ""Коллекторское агентство ""Бустэр""";02.K.22.016;Пухамбетова Карлыгаш Жарылкасынкызы;050000, г. Алматы, Бостандыкский район, микрорайон Коктем-1, дом 50, н.п. 99;+7 700 392 03 53, +7 700 753 40 30, +7 771 754 23 88, info@boostrfinance.kz www.https://boostrfinance.kz/;27.09.2022;;;Действующее
200540008966;"ТОО ""Коллекторское агентство ""ВОСТОК""";08.К.20.003;Джайшибекова Пернекуль;080000, Жамбылская область, г.Тараз, улица Сыдыка Абыланова, дом 29;87029005555, rau303@mail.ru;04.08.2020;;;Действующее
220240024425;"ТОО ""Коллекторское агентство ""Взыскание долгов""";04.К.22.001;ЖОЛДАНОВ ЕРЛАН ҚАЗЫБЕКҰЛЫ;город Астана, район Есиль, улица Сығанақ, здание 43;8-705-383-0797 , Zhold.erlan@gmail.com;20.04.2022;;;Действующее
200740016280;"ТОО ""Коллекторское агентство ""Возврат""";17.К.20.003;Маметтохтиев Алим Акпарович;РК, Казахстан, г. Казахстан, г. Шымкент, проспект Тауке хан, дом 49Г, почтовый индекс 160011;тел. +7 778 531 09 30, ka_vozavrat@bk.ru и ka_info@vozvrat.kz;16.10.2020;;;Действующее
100240016975;"ТОО ""Коллекторское агентство ""Гарант""";05.К.17.008;Аджимуратов Арман Каршигаевич;"050009, г. Алматы, Алмалинский район, ул. Шевченко, 165""Б"", офис 805";8 (727) 349 34 90, сот: 8 778 746 00 16, info@apzcollect.kz;17.10.2017;;;Действующее
191040006226;"ТОО ""Коллекторское агентство ""Даму""";01.К.24.002;Ибрагимова Адиля Жунусовна;г. Астана, район Алматы, улица Бейімбет Майлин, дом 11/1;"8-707-824-71-53, e-mail: damu.kollektor@mail.ru; damu.kollektor.kz";27.03.2024;;;Действующее
230340011324;"ТОО ""Коллекторское агентство ""Дебтус""";02.K.23.006;Зуев Дмитрий Сергеевич;050012, г.Алматы, Алмалинский район, улица Жамбыла, 114/85 – 15/1;8 705 372 0087, info@debtus.kz, www.debtus.kz;18.04.2023;;;Действующее
150840012091;"ТОО ""Коллекторское агентство ""Дельта М Казахстан""";18.К.17.003;Хамзина Махабат Нуркеновна;Карагандинская область, г.Караганда, ул.Ержанова, дом №18, 6 этаж;8 (7212) 99-65-02, info@delta-m.asia;24.10.2017;;;Действующее
080740000306;"ТОО ""Коллекторское агентство ""Департамент взыскания долгов""";02.K.22.008;Амрина Гульнара Хаиргельдовна;050062, г. Алматы, Бостандыкский район, улица Жарокова, дом 124, н.п. 7Б;"+ 7(727)-339-47-17, +7-747-333-03-30; info@cadvd.kz; www.cadvd.kz";14.06.2022;;;Действующее
220440053723;"ТОО ""Коллекторское агентство ""Департамент по работе с проблемными кредитами""";02.K.22.012;Рахымбек Ербол Досымханұлы;05000, г. Алматы, Алмалинский район, ул. Найрызбай батыра, дом 58;+7-707-508-1909, collect_drpk@mail.ru, www.drpk.kz;05.07.2022;;;Действующее
150940011394;"ТОО ""Коллекторское агентство ""Досудебное взыскание долгов""";05.К.18.021;Умаров Канат Яхияевич;050012, г.Алматы, Алмалинский район, ул.Масанчи, д.26/118, каб.308;"tel.: +7 (727) 220-80-09; 8 (777) 055-58-99; dvd.collector@mail.ru; dvd.com.kz";16.08.2018;;;Действующее
190140025550;"ТОО ""Коллекторское агентство ""Евро-Азия""";58.К.19.001;Тұрғанбай Балзия Ерланқызы;г.Шымкент, Енбекшинский район, улица Жолдияр Адырбеков, здание 34, почтовый индекс 160011;тел: +7-777-502-90-57, too_euro_asia@inbox.ru;25.02.2019;;;Действующее
201240013220;"ТОО ""Коллекторское агентство ""ЗАҢГЕР""";02.К.20.033;Закарьянова Айгуль Еркиновна;050036, г. Алматы, Ауэзовский район, мкр. Мамыр-7, дом 8/5, офис 5;8-701-595-03-37, 8-707-821-62-63, zangerk@bk.ru, https://zangerka.kz/;20.12.2020;;;Действующее
190940007442;"ТОО ""Коллекторское агентство ""Инспекция по взысканию долгов""";05.К.19.019;Дәулетханұлы Алтынбек;"050002, г.Алматы, Медеуский район, пр. Жибек жолы, дом 50, торговый центр ""Квартал"",3-й этаж, офис № 3";8-702-052-11-11, info@ipvd.kz, www.IPVD.kz;19.11.2019;;;Действующее
161040008425;"ТОО ""Коллекторское агентство ""Каз Инвест Коллекшн""";58.К.17.006;Утекова Умит Амангельдиевна;"Юридический адрес: Республика Казахстан, г.Шымкент, Аль-Фарабийский район, улица Жолдияр Адырбекова, здание 34; Фактический адрес Республика Казахстан, г.Шымкент, Аль-Фарабийский район, улица Жолдияр Адырбекова, здание 34";"+7 (7252) 39-32-20; +7 702 270 60 87; kz.invest.collection@mail.ru; http://kicka.kz";01.11.2017;;;Действующее
171140003529;"ТОО ""Коллекторское агентство ""Казахстан Коллект""";05.К.18.025;Ирмекеев Серпер Еженханович;050000, г. Алматы, Алмалинский район, ул. Байтурыснулы, д.1а, нежилое помещение 4, этаж 4, офис 7;8-727-3550027, serper.irmekeev@fasp.kz, www.ka2.kz;25.10.2018;;;Действующее
071140014484;"ТОО ""Коллекторское агентство ""Казахстан Секьюрити Систем""";05.К.17.004;Адылов Бахтияр Сейтович;050002, г.Алматы, Медеуский район, улица Зенкова, дом 22;8 (727) 269 95 35, Almaty@kazss.kz, www.kazss.kz;12.10.2017;;;Действующее
080840010634;"ТОО ""Коллекторское агентство ""Казахстанский долговой центр""";05.К.17.011;Муратбеков Алибек Бакытжанович;050000/A15H8D8, г. Алматы, Бостандыкский район, ул. Жандосова, 58, оф.514;тел: 8 (727) 346 73 53, факс: 8 (727) 346 73 52, info@kdc.com.kz, https://kdc.com.kz/;23.10.2017;;;Действующее
220740032963;"ТОО ""Коллекторское агентство ""Казахстанское агентство по взысканию платежей""";02.K.23.012;Айдынгали Абзал;050022, г. Алматы, Бостандыкский район, проспект Сейфуллина, дом 597А, офис 505;8-708-291-42-00, Too_ka_avp@mail.ru, www.kakavp.kz;04.09.2023;;;Действующее
160240019960;"ТОО ""Коллекторское агентство ""Капитал Позитив""";58.К.18.003;Туржанов Арман Мухитдинулы;"г.Шымкент, Абайский район, мкр.Казыгурт, ул.Талдыкол, дом 100; фактический адрес: ЮКО, Аль-Фарабийский район, ул.Мадели Кожа, 1 ""Г"", 4 этаж, 4 блок, 424 каб, БЦ ""ЭСКО""";тел. +7 705 173 19 99 Pozitiv_kapitall@mail.ru;06.03.2018;;;Действующее
200440004870;"ТОО ""Коллекторское агентство ""Капитал плюс""";01.К.20.001;Маратұлы Мәди;г.Астана, Есильский район, улица Казыбек би, дом 11Б, кв.57;8 771 020 46 80, электронная почта: info@kapitalplus.kz;10.07.2020;;;Действующее
150740017950;"ТОО ""Коллекторское агентство ""Капитал""";05.К.17.002;Төребек Нұрлан Қыдырбайұлы;г. Шымкент, Аль-Фарабийский район, ул. Туркестанская 11В, почтовый индекс 160000;8-701-850-45-15, capital_01kz@mail.ru;03.10.2017;;;Действующее
131140026749;"ТОО ""Коллекторское агентство ""Капитал-Надзор""";58.К.17.004;Кеутаева Айша Альжановна;г. Шымкент, Енбекшинский район, ул.Елшибек батыра, 55;"8 705 887 73 33, Capital-collector@bk.ru;";16.10.2017;;;Действующее
190940008738;"ТОО ""Коллекторское агентство ""Комитет по возврату долгов""";05.К.19.020;Сулейменов Медет Маликович;"050002, г.Алматы, Медеуский район, пр. Жибек жолы, дом 50, торговый центр ""Квартал"",3-й этаж, офис № 9";8 702 052 10 10, info@kpvd.kz, www.kpvd.kz;19.11.2019;;;Действующее
090640006492;"ТОО ""Коллекторское агентство ""Кредит Коллекшн Груп""";05.К.17.001;Нестеренко Елена Николаевна;050052, г. Алматы, Ауезовский район, мкр. Таугуль -3, ул. Шайкенова, д.24;тел: 8 (727) 330 97 51, факс: 8 (727) 330 97 92, office@ccg.com.kz, http://www.ccg.com.kz;03.10.2017;;;Действующее
100940013976;"ТОО ""Коллекторское агентство ""М.Б.А. Финансы""";05.К.17.003;Ахметов Батыржан Тлеулесович;г. Алматы, Ауэзовский район, мкр. Астана, дом 37;8 (727) 339-12-58, 8 (727) 339-12-59, info@kz.mbacgroup.com, http://kz.mbacgroup.com;05.10.2017;;;Действующее
110440002290;"ТОО ""Коллекторское агентство ""НСВ""";05.К.17.020;Ермекбаев Асхан Апеханович;050026, г.Алматы, Алмалинский район, ул. Джумалиева, дом 115, литер А;8-778-096-4646 info@nsv.kz, www.nsv.kz;16.11.2017;;;Действующее
230940019377;"ТОО ""Коллекторское агентство ""Орда Финанс""";02.K.23.014;Садыкова Анар Ерболқызы;г. Астана, район Есиль, Проспект Мангилик Ел, дом 36, кв. 124, почтовый индекс 010000;77026742558 ordafinance.collect@gmail.com, www.orda-finance.kz;10.11.2023;;;Действующее
070540004697;"ТОО ""Коллекторское агентство ""ПОЗИТИВ Securities""";05.К.17.006;Бугаев Виктор Анатольевич;050002, г. Алматы, Медеуский район, ул. Гоголя, д. 39, офис 201;тел: 8 (727) 352-70-22, вн. 700, collekt@collekt.kz , collekt.kz;12.10.2017;;;Действующее
190940008778;"ТОО ""Коллекторское агентство ""Палата по сбору платежей""";05.К.19.021;Калыгужин Даурен Булатович;050026, г. Алматы, Алмалинский район, улица Муканова. 223В, 3-й этаж, офис № 5;8-702-052-1414 info@ppsp.kz www.PPSP.kz;19.11.2019;;;Действующее
220440013893;"ТОО ""Коллекторское агентство ""Пегас""";02.K.22.006;Елюбаев Рахат Киримбаевич;050036, г. Алматы, Ауэзовский район, Микрорайон Мамыр-4, дом 197А, офис 314;8-776-677-0505 pegas.collect@gmail.com, www.pegas-collect.kz;29.04.2022;;;Действующее
150440021829;"ТОО ""Коллекторское агентство ""Первое Коллекторское Бюро""";05.К.17.007;Шакирова Ажар Сериковна;юридический адрес: 050000, г. Алматы, Алмалинский район, пр. Сейфуллина, д. 458/1, офис 322, фактический адрес: г. Алматы, Медеуский р-н, ул. С. Нурмагамбетова, 424;8 (727) 325-55-52 8-776-007-14-17 8-702-007-14-17 1collekt@1collekt.kz info@1collekt.kz, https://1collekt.kz/;16.10.2017;;;Действующее
200940017800;"ТОО ""Коллекторское агентство ""Право""";02.К.20.025;Кайыпбергенов Бекзат Ерланович;место нахождения: 050057, г.Алматы, Бостандыкский район, ул. Жарокова, 219, н.п. 2, фактический адрес: 050004, г.Алматы, Медеуский район, проспект Жибек жолы, дом 76, 7 этаж;8-771-747-5861, info@pravo1.kz, www.pravo1.kz;12.10.2020;;;Действующее
151140017644;"ТОО ""Коллекторское агентство ""Региональный оператор по взысканию долгов""";05.К.18.003;Моллаева Молдир Талгатовна;050000, г.Алматы, Медеуский район, улица Айтеке би, 55, офис 305.;"701-800-0282; ROVD-2017@yandex.kz; ROVD.kz";18.01.2018;;;Действующее
180440033709;"ТОО ""Коллекторское агентство ""СБ Финанс""";09.К.18.001;Бугыбаев Айдос Мухаметкалиевич;Восточно-Казахстанская область, г. Семей, ул. Мангилик Ел, д. 9, офис 405;"8(7222) 52-44-88; е-mail: sbfinanskz@gmail.com; интернет-ресурс:www.sb-fin.kz";05.07.2018;;;Действующее
180640012703;"ТОО ""Коллекторское агентство ""СОЮЗ""";58.К.18.019;Султанова Айгерим Махмудовна;г.Алматы, район Бостандыкский, пр. Сейфуллина, д.597А, офис 409;тел. +7 747 811 34 25 souz_ka@mail.ru, ka-souz.kz;09.08.2018;;;Действующее
050140003432;"ТОО ""Коллекторское агентство ""СПЕКТР Финанс""";05.К.18.023;Макишев Имангали Зейнуллинович;050002, г. Алматы, Медеуский район, ул. Гоголя, д. 39;8 (727) 244 86 06, info@spmanagement.kz, http://sfin.kz/;28.09.2018;;;Действующее
200940028777;"ТОО ""Коллекторское агентство ""Служба Урегулирования Долгов""";02.К.20.026;Мустафаева Айжан Абдималиковна;г. Шымкент, район Аль-Фараби, ул. Мәделі Қожа, 166 почтовый индекс 160000;8-701-890-99-88, aizhan0785@mail.ru, http://kzsud.kz;23.10.2020;;;Действующее
130240022945;"ТОО ""Коллекторское агентство ""Служба взыскания долгов""";05.К.19.017;Карибаев Акжан Талапұлы;050026, г. Алматы, Алмалинский район, ул. Карасай батыра, здание 152/1, блок «А», этаж 2, офис 204;8 (727) 345-11-50, kasvdkz@gmail.com, www.kasvd.kz;14.11.2019;;;Действующее
190940008748;"ТОО ""Коллекторское агентство ""Служба возврата долгов""";05.К.19.022;Искаков Асхат Кизатович;050026, г. Алматы, Алмалинский район, улица Джумалиева К, дом 115;8-702-052-1616 info@servicevd.kz, www.ServiceVD.kz;19.11.2019;;;Действующее
210640041319;"ТОО ""Коллекторское агентство ""Служба судебного Взыскания""";02.К.21.017;Мукатаев Айдын Бейбитович;050004, г. Алматы, Медеуский район, улица Тулебаева, дом 38/61, блок Ц, 2 этаж, 208 кабинет;87474634158, ssvkz@list.ru, http://vzyskaniya.kz.tilda.ws/page35146947.html;18.08.2021;;;Действующее
051240000800;"ТОО ""Коллекторское агентство ""ТАЙМ ИНВЕСТ""";05.К.17.005;Ахметжанов Канат Женисович;050002, г.Алматы, Медеуский район, улица Зенкова, дом 22;8 (727) 344 12 57, info@timeinvest.kz, www.timeinvest.kz;12.10.2017;;;Действующее
170540013845;"ТОО ""Коллекторское агентство ""Табыс""";58.К.17.013;Егізбаева Ұ.Е.;Юридический адрес: г.Шымкент, Абайский район, мкрн. Казыгурт, ул.Шуакты, дом 2А Фактический адрес: г.Шымкент, Аль-Фарабийский район, ул.Туркестанская, 134;"8(7252)537046, 8-771-052-8070, too_tabys@inbox.ru; www.tabys.com.kz";20.12.2017;;;Действующее
200640010862;"ТОО ""Коллекторское агентство ""Управление по взысканию долгов""";02.К.20.029;Абдикаримова Куралай Сеитжаппаровна;050000, г. Алматы, Бостандыкский район, пр. Абая, 150/230, блок 9, этаж 2;8-771-395-0535 ka_uvd@mail.ru www.kauvd.kz;10.11.2020;;;Действующее
220240021768;"ТОО ""Коллекторское агентство ""Управление по финансовому регулированию""";02.K.22.014;Нұрахмет Қайнар Турсунбайұлы;050026, г.Алматы, Алмалинский район, улица Желтоксан, дом162, кв. 8;8-747-292-6463, ufr.ka@mail.ru, ufr2023.kz;08.08.2022;;;Действующее
161140020001;"ТОО ""Коллекторское агентство ""Финансовая Юридическая Служба Безопасности""";58.К.17.009;Бермухамбетов Нурбек Ермекбаевич;место нахождения : г.Шымкент, Енбекшинский район, жилой массив Тогыс, ул.Мунайбарлаушылар,дом 34, кв.9. Фактический адрес - ЮКО, г.Шымкент, ул.Мадели кожа 1Г, 3-й этаж, 3-й блок, каб. 310;"8(7252)365462, Fusb_uko@mail.ru; http://fusb-uko.kz/";28.11.2017;;;Действующее
210740004596;"ТОО ""Коллекторское агентство ""Финансового Контроля""";05.К.21.001;Жексембаева Мадина Мелисовна;Алматинская область, Карасайский район, г. Каскелен, улица Бәрібаев, дом 60;8 707 326 86 64, rbfk.agentstvo@mail.ru, www.rburo.kz;28.10.2021;;;Действующее
170940002824;"ТОО ""Коллекторское агентство ""Финансовой и правовой безопасности""";05.К.18.002;Койбагаров Нуржас Болатович;050009, г. Алматы, Ауэзовский район, мкр. Мамыр-4, д. 197А, 4 этаж, офис 401;тел: 8 (708) 170-89-42, 8 (727) 339 05 30, fpb.collect@gmail.com, www.fpb.kz;10.01.2018;;;Действующее
081240009760;"ТОО ""Коллекторское агентство ""Финансовый Агент по Сбору Платежей""";05.К.17.021;Ким Дмитрий Алексеевич;050040, г. Алматы, Бостандыкский район, ул. Пирогова, д. 31, офис 401-407;тел: 377-55-43, факс: 377-55-46, dmitriy.kim@fasp.kz, www.fasp.kz;20.11.2017;;;Действующее
181240001200;"ТОО ""Коллекторское агентство ""Финансовый совет""";05.К.19.002;Баймурзин Чингиз Кайратович;г.Алматы, Алмалинский район, ул.Карасай батыра, д.152/1, блок Б, 9 этаж, офис 902;+7 707 665 55 57, 8(727)352 72 94 kafinanssovet@gmail.com, www.finsovet.org.kz;28.01.2019;;;Действующее
190540012850;"ТОО ""Коллекторское агентство ""Финансовый центр по урегулированию задолженности""";02.K.23.008;Садатдинов Фархад Рустамович;050026, г.Алматы, Алмалинский район, улица Байзакова, здание 125, н.п. 1, офис 702;8(727)3787917, afcuz@mail.ru, https://kafcuz.kz;22.05.2023;;;Действующее
180940034399;"ТОО ""Коллекторское агентство ""ЦАКА""";05.К.19.004;Мусаева Динара Бектасовна;"050000, г.Алматы, Медеуский район, пр. Жибек жолы, дом 50, торговый центр ""Квартал"",3-й этаж, офис № 2";"8-702-052-12-12; info@central-asiaca.kz; central-asiaca.kz";19.02.2019;;;Действующее
150440028965;"ТОО ""Коллекторское агентство ""ЦПК""";05.К.19.013;Строкань Андрей Владимирович;050061, г. Алматы, Алатауский р-н, ул. Бокеева, д. 128, офис 510, 511;"сот.тел:8-777-261-71-32; info_cpk@inbox.ru www.collect-cpk.kz";18.06.2019;;;Действующее
181240017118;"ТОО ""Коллекторское агентство ""ЭКС""";14.К.19.001;Сарсебаева Мейрим Бейсетаевна;080000, Жамбылская область, г. Тараз, ул. 2 переулок Рахимова, 1А;8 747 051 1493 meirim.sarsebaeva@ecs.finance;28.03.2019;;;Действующее
151040003422;"ТОО ""Коллекторское агентство ""Эксперт Плюс""";05.К.17.031;Усманов Асхат Сыдыкович;Юридический адрес: город Алматы, Жетысуский район, Проспект Нұрсұлтан Назарбаев, дом 28А, корпус 3 Фактический адрес: г. Алматы, ул.Толе би 298/2;8 778 003 78 41, 8 708 427 08 55, 8 707 381 82 11, expert.collekt@gmail.com, www.explus.kz;06.12.2017;;;Действующее
230140019279;"ТОО ""Коллекторское агентство ""Элит""";02.K.23.007;Турсунов Сатурин Сраждинович;050010, г. Алматы, Медеуский район, ул. Казыбек би, дом 22;8-747-333-7387, 8-777-626-5151, elitekzka@mail.ru, https://elitekzka.wixsite.com/info;19.05.2023;;;Действующее
220440030195;"ТОО ""Коллекторское агентство ""Юг-Коллекшн (Ug-Collecshn)""";02.K.22.011;Смагулова Жанна Берикказыевна;050004, г. Алматы, Медеуский район, проспект Жибек жолы, дом 76, офис 705;8-701-50-99-899, ug-collechn@yandex.ru, ug-collecshn.kz;27.06.2022;;;Действующее
180340015549;"ТОО ""Коллекторское агентство ""Южный корпус""";14.К.18.003;Ғаппар Жансая Қанатқызы;РК, Казахстан, г. Шымкент, Аль-Фарабийский район, проспект Тауке Хана, здание 73/1, почтовый индекс 160000;8-705-212-97-63, YuKorpus@bk.ru;14.05.2018;;;Действующее
210640009513;"ТОО ""Коллекторское агентство ""Юридическая долговая компания""";17.К.21.006;Манахаев Бауыржан Курбанулы;г. Шымкент, Каратауский район, квартал 190, дом 3040, почтовый индекс 160000;8-778-922-30-13, aigulbauyr@gmail.com;03.07.2021;;;Действующее
220440049824;"ТОО ""Коллекторское агентство DebtCredit""";02.K.22.010;БУСАКОВА ФАРИЗА МАКСАТОВНА;Алматы, Бостандыкский район, Микрорайон КОКТЕМ-2, дом 22, 404 кабинет,;8-771-077-7774, debtcredit.kz@mail.ru www.https://debtcredit.kz/;16.06.2022;;;Действующее
200540004212;"ТОО ""Коллекторское агентство KAZ Collection""";02.К.20.009;БАЙТУГАНОВ АДЛЕТ САБИТОВИЧ;050012, г. Алматы, Алмалинский район, улица Карасай Батыра, 123, 3;8-777-715-6772, 8707-700-0958, kazcollection@mail.ru, https://kazcoll.kz/;08.07.2020;;;Действующее
210440006531;"ТОО ""Коллекторское агентство Kazakhstan Collection Group""";02.K.21.010;Ажибаева Алия Кончембаевна;050000, Алматы, Турксибский район, Микрорайон Кайрат, улица Тараз, дом 7, кв. 132;8-702-075-33-72, info@kazcg.kz, kazcg.kz;10.06.2021;;;Действующее
220440048201;"ТОО ""Коллекторское агентство MinFin""";02.K.22.015;Шалкарова Айжамал Адилхановна;160000, г. Шымкент, Каратауский район, мкрн Туран, ул. Новостройки, здание 719;+7 775 303 25 05, minfin_17@mail.ru;10.08.2022;;;Действующее
210440008210;"ТОО ""Коллекторское агентство Workout""";02.К.21.008;Алдонгаров Бауржан Сеитжанович;050022, г. Алматы, Алмалинский район, улица Шевченко, здание 90, офис 103-А;87755865539, info@ka-workout.kz, www.ka-workout.kz;25.05.2021;;;Действующее
130740017977;"ТОО ""Коллекторское агентство КАВД""";58.К.17.003;Алибекова Актоты Ныгматовна;160000, г.Шымкент, Аль-Фарабийский район, проспект Байдибек би, здание 95 А, почтовый индекс 160000;тел. +7701 384 14 14 ,+7778-507-8555, collector.bvd@gmail.com, http://kavdkz.wordpress.com/;04.10.2017;;;Действующее
171140012548;"ТОО ""Коллекторское агентство ОмАль""";58.К.17.012;Абишев Султан Талгатұлы;РК, Казахстан, г. Шымкент, Енбекшинский район, ул. Елшибек Батыр, дом 55, почтовый индекс 160009;"8 777 747 77 29, omal-collector@inbox.ru; http://www.omal.kz/";20.12.2017;;;Действующее
170240023594;"ТОО ""Коллекторское агентство ФА Альянс Финанс""";05.К.17.017;Әбілқайыр Олжас Ерсарыбекұлы;050051, г.Алматы, Медеуский район, мкр. Самал-1, дом 29, офис А5;8-727-339-99-88, 8-727-339-99-80 nb@kaaf.kz , www.alfn.kz;09.11.2017;;;Действующее
230940021537;"ТОО ""Коллекторское агентство ЭОС""";02.K.24.001;Карпык Ануар Сакенулы;"050012, г.Алматы, Алмалинский район, проспект Сейфуллина, дом 502, БЦ ""TURAR"", офис №1001,1002,1003,1004";+7-727-355-0727, eos@ca-eos.kz, https://ca-eos.kzo;03.01.2024;;;Действующее
170540013657;"ТОО ""Коллекторское агентство по взысканию долгов ""Нур комитет""";58.К.18.004;Үсіпбай Ерболат Ерғалиұлы;г.Шымкент, ул. Желтоксана, 20Б;тел. +7 708 978 07 08, nurkomitet@mail.ru;16.03.2018;;;Действующее
120140010232;"ТОО ""Коллекторское агентство по работе с должниками""";09.К.17.001;Омарбаева М.К.;Восточно-Казахстанская область, г. Усть-Каменогорск, ул. Серикбаева, д. 1, офис 401;"8(7232) 53-58-90; е-mail: kard.too@gmail.com; интернет-ресурс:http://kard.ddns.net";20.12.2017;;;Действующее
100740015472;"ТОО ""Коллекторское агентство по урегулированию финансовых проблем""";32.К.17.002;Исенов Асыл Сапарович;Экибастуз қаласы, М.Әуезов көшесі, 15 үй;7 701 639 3473, ufp_ekb@mail.ru;03.11.2017;;;Действующее
070740004317;"ТОО ""Коллекторское агентство-Сұнқар""";05.К.17.032;Кобесов Ринат Сабитович;050004, г. Алматы, Алмалинский район, ул. Абылай Хана, д. 56, офис 36;тел: 8 (727) 279-09-35, agent_aku@mail.ru, https://ka-sunkar.kz/;08.12.2017;;;Действующее
180340025714;"ТОО ""Региональное коллекторское агентство""";05.К.18.020;Калибеков Талгат Берикович;РК, Казахстан, г. Шымкент, район Аль-Фараби, проспект Тауке хана, 49Г, индекс 16001;8 (700) 025 36 65, Rcagency@mail.ru www.rkakz.kz;31.07.2018;;;Действующее
080540009253;"ТОО ""Специализированное коллекторское агентство""";05.К.17.014;Боксебаева Карлыгаш Кенжетаевна;050000, г. Алматы, Алмалинский район, ул. Байзакова, дом 125/185, оф.507;тел/факс: 8 (727) 378 79 17, sccs2008@mail.ru, www.skakz.kz;26.10.2017;;;Действующее
160940014707;"ТОО ""Универсальное коллекторское агентство""";58.К.17.002;ЕСІРКЕП МӨЛДІР АЛТЫНБЕКҚЫЗЫ;г. Астана, район Алматы, Массив VIP-г.ок, дом 21;тел.+771 934 36 87, +7771 591 08 06, +7701 384 14 14 uka.taraz.collektor@gmail.com, http://uka.one.kz/;02.10.2017;;;Действующее
250740017337;ТОО «Коллекторское агентство Ai-Sat Finance»;02.K.25.005;Бухарамов Айтбек Уразалиевич;050060, г.Алматы, Бостандыкский район, улица Жарокова, дом 290, кв. 61;7-747-791-3190, aisat.finance@gmail.com, https://ai-sat.kz;13.10.2025;;;Действующее
251240031317;ТОО «Коллекторское агентство Last chance»;02.К.26.001;Мұсахан Әлия Ерланқызы;050000, город Алматы, Ауэзовский район, Микрорайон 7, дом 1, кв. 145;musahanliaerlankyzy@gmail.com;23.01.2026;;$snuxt-i18n-meta;Действующее
250440037717;ТОО «Коллекторское агентство MNB Collection Group»;09.К.25.002;Алипбаева Нургуль Умирбековна;город Караганда, проспект Бухар-Жырау, дом 75Г офис 505/1;8 702 167 10 48, info@mnbcollection.kz;29.05.2025;;;Действующее
251140014482;ТОО «Коллекторское агентство ORION»;02.К.25.008;Казбекова Тахмина Муратовна;050000, город Алматы, Алмалинский район, проспект Абылай хана, дом 58А, офис 1;info@ka-orion.kz, www.ka-orion.kz;23.12.2025;;;Действующее
250440037668;ТОО «Коллекторское агентство Pay Collect»;09.К.25.003;Туржанов Ермек Серикбекович;г. Шымкаент, ж/м. Нурсат, 89А, 111 кв;+77754307777, paycollect8@gmail.ru;10.06.2025;;;Действующее
240240022581;ТОО «Коллекторское агентство Profit one»;17.К.25.002;Қонысбай Гулбану Зайтқызы;город Шымкент, Енбекшинский район, улица Орынбай Акын, дом 64, почтовый индекс 160000;8-775-319-82-12, profit-one@mail.ru, http:// profitone.kz/;20.11.2025;;;Действующее
250940031032;ТОО «Коллекторское агентство Shokay Group»;02.K.25.007;Шалхар Рахат Базарбекұлы;050000, г.Алматы, Наурызбайский район Садоводческое товарищество Алатау, д. 20;7-771-796-8177, 7-708-988-9360, shokay2025@gmail.com, http://shokay-group.tilda.ws/;11.11.2025;;;Действующее
230940031198;ТОО «Коллекторское агентство «Alliance Collection Agency»;02.K.24.008;Березовская Ирина Альбертовна;050000, г. Алматы, Бостандыкский район, проспект Сейфуллина, 597А, офис 505;8-707-485-84-06, alliancecollectionagency@gmail.com;21.08.2024;;;Действующее
240640016978;ТОО «Коллекторское агентство «ERM Group»;17.К.24.001;Акбулатов Ермек Адильевич;город Шымкент, район Тұран, улица Чехова, дом 72, почтовый индекс 160050;8-771-258-68-93, http:// www.erm-group.kz;31.07.2024;;;Действующее
240540014254;ТОО «Коллекторское агентство «Easy Colect»;09.К.24.002;Жайсанбаева Баян Нурболгановна;город Караганда, район имени Казыбек Би, Микрорайон Таугуль, улица 2, дом 35А;8 771 395 05 30, easycolect@bk.ru;02.07.2024;;;Действующее
241040025006;ТОО «Коллекторское агентство «Eazy ColLect»;01.К.24.004;Ускенали Назгуль Галымовна;050012, г. Алматы, Алмалинский район, ул. Досмухамедова 68Б, офис 12;8 705 306 49 00, eazy.collect@mail.ru;23.12.2024;;;Действующее
250340023525;ТОО «Коллекторское агентство «Empire Finance»;01.К.25.002;САПАРБИЕВ ДЖАБРАИЛ ДИН-ИСЛАМОВИЧ;город Астана, район Алматы, Жилой массив Юго-Восток (левая сторона), Переулок Дегерес, дом 9,;87476617828, empire.finance@mail.ru;28.04.2025;;;Действующее
110440011537;ТОО «Коллекторское агентство «Golden Collection Group»;02.K.25.001;Хакимова Дана Нурахимовна;050000, г. Алматы, Ауэзовский район, ул. Кабдолова, 22Б;8 (727) 356 3544, 7-747 170 5534 (Тогжан, юрист) goldencollection.bank@gmail.com, www.http://goldencollection.kz/;14.02.2025;;;Действующее
250640008443;ТОО «Коллекторское агентство «JanaPay»;03.К.25.001;Тлеумбетов Еркин Маликович;Акмолинская область, город Кокшетау, улица Е.Н.Ауельбекова, д.41, кв. 22, почтовый индекс 020000;8 771 191 20 74;21.07.2025;;;Действующее
241140034336;ТОО «Коллекторское агентство «Legal Solutions»;02.К.24.011;Сералин Бауыржан Булатбекович;050000, город Алматы, Бостандыкский район, улица Едил Ергожина, д. 9, кв. 55;infolegalsolutions@mail.ru, http://legals.solutions.tilda.ws/ 77017509099, 7 747 661 7828;27.12.2024;;;Действующее
240240022750;ТОО «Коллекторское агентство «Loan finance»;17.К.24.003;Орымбаева Айғаным Спандиярқызы;Казахстан, г. Шымкент, район Туран, Улица Ахмета Байтурсынова, здание 81, почтовый индекс 160011;`+7-707-730-11-92, адрес электронной почты: loan-finance@bk.ru, интернет – ресурс: https://loan-finance.kz/;23.09.2024;;;Действующее
251040014578;ТОО «Коллекторское агентство «NORD COLLECTION»;17.К.25.004;Ахметова Айгуль Сабитовна;город Шымкент, Абайский район, массив Кайтпас-2, мкр.Достык-2, дом 220, почтовый индекс 160000;8-700-031-09-04 nordcollection@yandex.ru, http://nord-collection.kz/;29.12.2025;;;Действующее
250940015596;ТОО «Коллекторское агентство «Proffinance»;17.К.25.003;Әбдімаулен Әділ Рустемұлы;город Шымкент, район Туран, улица Т.Рыскулова, здание 10А, почтовый индекс 160000;8-707-160-66-68kaproffinance@mail.ru, http:// kaproffinance.kz/;17.12.2025;;;Действующее
240640019586;ТОО «Коллекторское агентство «Renaissance»;02.K.24.006;Ахмадеев Дмитрий Николаевич;050040, город Алматы, Бостандыкский район, Бульвар БУХАР ЖЫРАУ, дом 32, кв. 3;8 (707) 727 35 07, 7(700) 077 50 12, 8(701) 808 44 10, too_renaissance@bk.ru, www.renaissance.com.kz;09.08.2024;;;Действующее
241240036148;ТОО «Коллекторское агентство «Royal Collection»;09.К.25.001;Аралов Элдор Эрматугли;г.Алматы, Турксибский р-н, микрорайон Жулдыз-1, дом 1В, кв.7;8 705 812 8505, royal.collection@mail.ru;05.03.2025;;;Действующее
240840037432;ТОО «Коллекторское агентство «Seven»;02.К.24.009;Секенова Алия Нурлановна;Жамбылская область, город Тараз, улицаАйтеке Би, здание 3Е, почтовый индекс 080000;"Личный +7 701 104 1888; Для должников +77087736427 , сайт-sevencollect.kz; электронная почта info@sevencollect.kz";30.09.2024;;;Действующее
240840016777;ТОО «Коллекторское агентство «Soft Collection Group;02.К.24.010;ҚАНАТОВ АЛМАС ТАЛҒАТҰЛЫ;050000, г.Алматы, Бостандыкский район, улица Жандосова, 2, офис 316;"+7 777 222 29 49; + 7 705 514 81 57, softcollectiongroup@gmail.com";02.10.2024;;;Действующее
251240013696;ТОО «Коллекторское агентство «TrustLine»;09.К.26.001;Батрашев Маргулан Маратович;100009 / M01F2X7, Карагандинская область, город Караганда, район имени Казыбек би, проспект Бухар Жырау дом 75Г.;7(702) 000-1637, Email: office@trustline.kz;21.01.2026;;;Действующее
241240022277;ТОО «Коллекторское агентство «i-Finance»;02.K.25.002;Әлиханов Бағдәулет Әділұлы;050000, г. Алматы, Алатауский район, ул. Шишкова, д. 55, кв. 1;7 707 451 8909, 7 707 608 0606 kaifinance@mail.ru, https://i-finance.tilda.ws/;28.02.2025;;;Действующее
240440029516;ТОО «Коллекторское агентство «i-Invest»;01.К.24.003;Бериков Абдишапи Джамболатович;г. Астана, район Сарыарка, улица Иманжусипа Кутпанова, дом 18, кв. 46;8-776-978-47-75, e-mail: investca@mail.ru;05.06.2024;;;Действующее
240640006970;ТОО «Коллекторское агентство «Бастау»;01.К.25.001;СУНГАТОВ АСХАТ СРЫМБЕТОВИЧ;город Астана, район Сарыарка, улица Кенесары, дом 8, н.п. 110;8-707-038-58-67, Email: bastau.kollektor@internet.ru;10.04.2025;;;Действующее
240540015064;ТОО «Коллекторское агентство «Досудебное взыскание задолженности»;17.К.24.002;Жаппар Нұрдаулет Әбдіқалиұлы;160050, РК, Казахстан, город Шымкент, район Аль-Фарабийский, улица Ж. Адырбекова, 34;8 778 250 18 65, ka.dvz@mail.ru http://dvz-ka.kz.;31.07.2024;;;Действующее
140840003417;ТОО «Коллекторское агентство «НКК»;05.K.25.001;Даримбеков Алибек Муратбекович;B66M9P5, Алматинская область, Талгарский район, Бесагашский с.о., с.Бесагаш, ул. Райымбек батыр, 165;8-707-451-8909, a.darimbekov@aster.kz;29.07.2025;;;Действующее
250240028473;ТОО «Коллекторское агентство «Титан»;17.К.25.001;Тулегенова Камила Ержановна;Алматы, Ауэзовский район, улица Толе би, дом 302, почтовый индекс 050031;8 700 259 28 43, tuligenova1997@mail.ru;21.05.2025;;;Действующее
250940008206;ТОО «Коллекторское агентство Арбитраж Финанс»;02.K.25.006;Қалабайұлы Мәлік;050000, г.Алматы, Бостандыкский район, улица Жарокова, 217А, кв 172;7-702-066-0700, arbitrazhfinance@gmail.com, https://arbitrazh-finance.tilda.ws/;13.10.2025;;;Действующее
250640033058;ТОО «Коллекторское агентство Центр урегулирования»;02.К.25.004;Калиев Асыл Муратович;г. Алматы, Алатауский р/н, пр. Рыскулова д.276А, офис № 2;8-708-988-93-60, 8-776-978-47-75, e-mail: uregulirovaniacentr@gmail.com;07.08.2025;;;Действующее
250440039812;ТОО «Коллекторское агентство-7Collect»;02.K.25.003;ИСМАЙЛОВА АЙГУЛЬ БАБАШОВНА;050059, город Алматы, Бостандыкский район, Проспект Аль-Фараби, дом 21, н.п. 1196;ka7collect@bk.ru;16.06.2025;;;Действующее
240740008613;ТОО «Профессиональное коллекторское агентство»;02.K.24.007;Ерболов Канат Ерболулы;050004, г.Алматы, Алмалинский район, пр. Сейфуллина 404/67;87014497444, Prof.coll.ag2024@gmail.com, www.pkaq.kz;09.08.2024;;;Действующее
201040032735;"ТОО """"Коллекторское агентство ""ААА-Status""";17.К.20.007;Ahanov Kairat Narkulovich;050000, Shymkent, Karatau, Asar, Zhanakurylys street, 289;87753687199, aaa-status2020@mail.ru, aaa-status.kz;13.11.2020;10.01.2025;подпункт 5) пункта 1 статьи 9 Закона РК «О коллекторской деятельности»;Исключено
180440028732;"ТОО ""AS Enterprise Коллекторское агентство""";05.К.19.003;Садыкова Айгуль Бейсембаевна;050016, г. Алматы, Медеуский район, ул. Нусупбекова, д. 32, офис 512;+ 7 708 104 01 51, aseprise@gmail.com, www.asenterprise.kz;29.01.2019;04.02.2021;подпункт 2) пункта 1 статьи 9 Закона РК «О коллекторской деятельности»;Исключено
160840003034;"ТОО ""Finance Almaty"" Collection agency (Коллекторское агентство ""Финанс Алматы"")";05.К.18.027;Әділов Ахат Серікулы;050062, г. Алматы, Ауэзовский район, ул. Кабдолова, д. 22Б, 607;8 (727) 356 35 40, info@acg.kz, www.financealmaty.kz;16.11.2018;24.12.2019;подпункт 5) пункта 1 статьи 9 Закона РК «О коллекторской деятельности»;Исключено
151140013186;"ТОО ""Ispolnenie.kz"" Collection agency (Коллекторское агентство ""Исполнение.кз"")";05.К.18.028;Буркитбаев Ринат Лукпанович;050062, г. Алматы, Ауэзовский район, ул. Кабдолова, д. 22Б, 3 этаж;8 (727) 356 35 40, info@acg.kz, www.Ispolnenie.com;16.11.2018;24.12.2019;подпункт 5) пункта 1 статьи 9 Закона РК «О коллекторской деятельности»;Исключено
100240012982;"ТОО ""Гражданско Правовое Юридическо-коллекторское агентство ""Барыс""";21.К.17.001;Ибраев Алмас;Кызылординская область, г.Кызылорда, пр.Абая, 25А, офис 21;8-777-422-6569, barys_info@mail.ru;22.12.2017;03.02.2022;подпункт 8) пункта 1 статьи 9 Закона РК «О коллекторской деятельности»;Исключено
190740026184;"ТОО ""КОЛЛЕКТОРСКОЕ АГЕНТСТВО ""Arystan""";53.К.19.009;Нурпеисов Аслан Сейтрахметович;г. Астана, район Есиль, улица Сыганак, д.25, н.п. 7а, этаж 7, БЦ «Ансар»;8-7172-790-485, arystan@nur-arystan.kz;20.09.2019;14.04.2022;подпункт 8) пункта 1 статьи 9 Закона РК «О коллекторской деятельности»;Исключено
180640013682;"ТОО ""КОЛЛЕКТОРСКОЕ АГЕНТСТВО ""LEXON""";53.К.19.011;Искаков Ержан Асемханович;г. Астана, ул. Токпанова, 10;8-707-717-07-26, e.iskakov@lexon.kz;30.12.2019;01.07.2021;подпункт 8) пункта 1 статьи 9 Закона РК «О коллекторской деятельности»;Исключено
190840027661;"ТОО ""КОЛЛЕКТОРСКОЕ АГЕНТСТВО ""RVKA.KZ""";53.К.19.010;Сунгатов Асхат Срымбетович;г. Астана, район Сарыарка, проспект Женіс, д.79;8-705-136-68-43, rvka.kz@my.com;17.10.2019;15.06.2021;подпункт 8) пункта 1 статьи 9 Закона РК «О коллекторской деятельности»;Исключено
190340021981;"ТОО ""КОЛЛЕКТОРСКОЕ АГЕНТСТВО ""ЭКСПРЕСС РТ""";53.К.19.003;Жакина Айгерим Ембергеновна;г. Астана, улица Циолковского, дом 1/1;87018272187, sadvokasov.rustam@mail.ru;25.04.2019;29.06.2021;подпункт 5) пункта 1 статьи 9 Закона РК «О коллекторской деятельности»;Исключено
200640000657;"ТОО ""Коллекторское fгентство ""TANDEM-PREMIUM""";01.К.20.004;Акылбеков Аскар Берикулы;г.Астана, Есильский район, ул. Ильяса Омарова, здание 3/1, офис 24;8 700 965 47 79, 8 700 965 47 85, 8 700 965 47 86, 8 701 556 00 07, электронная почта: too_tandem@mail.ru, https://tandem-01.kz;28.07.2020;04.12.2023;подпункт 8) пункта 1 статьи 9 Закона РК «О коллекторской деятельности»;Исключено
050540006085;"ТОО ""Коллекторское Агентство ""Corporate Collection Company""";05.К.18.007;Алипова Тогжан Суйндыковна;050012, г.Алматы, Алмалинский район, улица Сейфуллина, дом 565/140, квартира 8;"8 (727) 239-11-43, 8(777) 007-19-62 togzhana@bk.ru; http://corporate-ca.kz/";13.02.2018;22.08.2019;подпункт 5) пункта 1 статьи 9 Закона РК «О коллекторской деятельности»;Исключено
070940006559;"ТОО ""Коллекторское Агентство ""Fidelity Collection Services""";05.К.17.024;Касымов Бахрам Майдынович;050000, г.Алматы, Алмалинский район, ул. Казыбек би, д. 117, офис 607;260-68-76, 260-68-64, моб.тел: 8-701-220-55-03, Fcs_llp@mail.ru, www.fcs.kz;21.11.2017;24.12.2018;подпункт 8) пункта 1 статьи 9 Закона РК «О коллекторской деятельности»;Исключено
200540012617;"ТОО ""Коллекторское Агентство ""QarjyNS""";01.К.20.002;Ахметжанов Нурмуханбет Сапаргалиевич;г.Астана, район Сарыарка, проспект Жеңіс, здание 79, оф. 320;8 776 977 33 05, электронная почта: qarjyns@mail.ru;13.07.2020;21.01.2025;подпункт 5) пункта 1 статьи 9 Закона РК «О коллекторской деятельности»;Исключено
980240005119;"ТОО ""Коллекторское Агентство ""TITANIUM""";05.К.17.022;Манасбаев Айдын Сатанович;050008, г.Алматы, Бостандыкский район, улица Жандосова, дом 1/1;8 (727) 313-17-01, kuanishbaeva_g@titanium.kz, www.titanium.kz;16.11.2017;30.10.2020;подпункт 8) пункта 1 статьи 9 Закона РК «О коллекторской деятельности»;Исключено
160940025762;"ТОО ""Коллекторское Агентство ""Казахстан финанс надзор""";05.К.17.033;Мынбаев Бакыт Турдакынович;050012, г.Алматы, Алмалинский район, улица Карасай батыра, дом 123, офис 20;"+7 (727) 346-83-85; +7 (771) 395-05-35; too_ka_kfn@mail.ru; kakfn.kz";11.12.2017;31.12.2024;подпункт 5) пункта 1 статьи 9 Закона РК «О коллекторской деятельности»;Исключено
141240007976;"ТОО ""Коллекторское Агентство ""Коллектор Инвест""";53.К.17.002;Шынибеков Ердос Амантаевич;г. Астана, проспект Шакарима Кудайбердиулы, дом 17.;8(7172)78-50-84, 87022474004, astanacollinvest@gmail.com;09.11.2017;28.09.2023;подпункт 2) пункта 1 статьи 9 Закона РК «О коллекторской деятельности»;Исключено
170640023380;"ТОО ""Коллекторское Агентство ""Специализированный Центр Коллекторских Услуг""";05.К.19.014;Щербаков Виталий Юрьевич;050026, г.Алматы, Алмалинский район, ул. Байзакова, здание 125, н.п. 2;"8-727-378-79-17; sccs2008@mail.ru www.kasccs.kz";21.06.2019;17.02.2021;подпункт 5) пункта 1 статьи 9 Закона РК «О коллекторской деятельности»;Исключено
180740034282;"ТОО ""Коллекторское Агентство (Легал Коллекшн)""";12.К.18.001;Бопежанова Рита Маратовна;060000, Атырауская область, г. Атырау, улица Махамбет Өтемісұлы, здание 134А;87013489710, too-legal@yandex.kz;15.10.2018;17.10.2019;подпункт 8) пункта 1 статьи 9 Закона РК «О коллекторской деятельности»;Исключено
190240013134;"ТОО ""Коллекторское Агентство Activ Bussiness Collection""";12.К.19.001;Есмурзина Орынша Женисовна;060000, Атырауская область, г. Атырау, улица Сатпаева 78, офис 103;87774367733, orka_81@mail.ru;15.05.2019;13.05.2020;подпункт 8) пункта 1 статьи 9 Закона РК «О коллекторской деятельности»;Исключено
201040030005;"ТОО ""Коллекторское агентство ""2 QAZ Collection""";02.К.21.001;Леман Максим Васильевич;г.Астана, район Есиль, ул. Е-489, д. 5, кв. 102;8 747 756 57 14, maxleman131@gmail.com, 2qazcollection.kz;21.01.2021;21.01.2025;подпункт 5) пункта 1 статьи 9 Закона РК «О коллекторской деятельности»;Исключено
191240004910;"ТОО ""Коллекторское агентство ""ASQ""";58.К.19.008;Аханов Азат Махмутович;г.Шымкент, Аль – Фарабийский район, улица Абдуразакова, дом 1, почтовый индекс 160000;тел: +7-702-389-36-02, +7-707-710-09-09, Aza_brd@mail.ru;24.12.2019;29.06.2021;подпункт 5) пункта 1 статьи 9 Закона РК «О коллекторской деятельности»;Исключено
200740022621;"ТОО ""Коллекторское агентство ""Adal Collection""";02.К.20.014;Местечкина Ксения Геннадьевна;050046, г. Алматы, Бостандыкский район, улица Егизбаева, дом 54б, офис 8;8-701-794-09-94, adalcollection@mail.ru, www.adalcollection.kz;11.08.2020;11.11.2021;подпункт 8) пункта 1 статьи 9 Закона РК «О коллекторской деятельности»;Исключено
180140036415;"ТОО ""Коллекторское агентство ""Adelaide""";58.К.18.001;Бошкаев Дархан Муханович;160000, г.Шымкент, Аль-Фарабийский район, проспект Байдибек би, здание 95 А, почтовый индекс 160000;"+7 771 934 36 76, +7701 384 14 14 tooadelaide@gmail.com; www.adelaide.kz";19.02.2018;20.02.2025;подпункт 8) пункта 1 статьи 9 Закона РК «О коллекторской деятельности»;Исключено
121140009757;"ТОО ""Коллекторское агентство ""Alatau Collection Company""";05.К.18.008;Ещенко Олег Юрьевич;050012, г. Алматы, Алмалинский район, пр. Сейфуллина, д. 565/140, кв.8;8 (727) 239-11-44 http://alatau-ca.kz;14.02.2018;19.08.2019;подпункт 5) пункта 1 статьи 9 Закона РК «О коллекторской деятельности»;Исключено
200940018016;"ТОО ""Коллекторское агентство ""Alfa Collection""";02.К.20.032;Шукпутов Даурен Ахметжанович;050000, г.Алматы, Медеуский район, микрорайон КОК-ТОБЕ, улица Камар сулу, дом 55, кв. 22;+7701-333-0770, d.shukputov@mail.ru, www.alfacollection.kz;15.12.2020;04.03.2022;подпункт 5) пункта 1 статьи 9 Закона РК «О коллекторской деятельности»;Исключено
121040001391;"ТОО ""Коллекторское агентство ""Almaz kontakt""";53.К.17.001;Садвокасов Рустам Телепергенович;г. Астана, улица Циолковского, дом 1/1, ВП-7;8(7172)95-19-35, Almaz.kontakt@bk.ru;02.10.2017;16.02.2022;подпункт 8) пункта 1 статьи 9 Закона РК «О коллекторской деятельности»;Исключено
191140021838;"ТОО ""Коллекторское агентство ""BNN CROUP""";08.К.20.001;Тен Михаил Маркович;г. Шымкент, Аль-Фарабийский район, ул.Калдаякова, д.1/3, кв.10, почтовый индекс 160000;87027730269, bnngroup@bk.ru;02.03.2020;12.04.2022;подпункт 8) пункта 1 статьи 9 Закона РК «О коллекторской деятельности»;Исключено
180540014409;"ТОО ""Коллекторское агентство ""Best Collection""";05.К.18.022;Ташенов Алмас Миргалиұлы;"050046, г. Алматы, Бостандыкский район, ул. Сатпаева д. 69 ""А"", офис 203";"8 (727) 224-39-45, Bestcollection_kz@hotmail.com; www.bestcollection.kz;";24.08.2018;24.12.2019;подпункт 5) пункта 1 статьи 9 Закона РК «О коллекторской деятельности»;Исключено
171040041161;"ТОО ""Коллекторское агентство ""COMPANY PROFESSIONALS""";05.К.20.001;Козлова Валентина Александровна;Алматинская область, Талгарский район, г. Талгар, улица Оралхан Бөкеев, дом 1Б;87772202053, as_climate@bk.ru, www.pcca.kz;21.04.2020;07.07.2021;подпункт 8) пункта 1 статьи 9 Закона РК «О коллекторской деятельности»;Исключено
181040004624;"ТОО ""Коллекторское агентство ""Capital Security""";53.К.18.008;Тлеулесов Бигали Жаксылыкович;г. Астана, проспект Абая, здание 95/1, кв.2;87015807878 электронная почта: ka_capital@mail.ru;01.11.2018;02.07.2020;подпункт 8) пункта 1 статьи 9 Закона РК «О коллекторской деятельности»;Исключено
200740019730;"ТОО ""Коллекторское агентство ""Collect Finance""";02.К.20.015;Мирзоев Везир Князович;050017, г.Алматы, Жетысуйский район, мкрн.Кемел, ул.Есим Хан, д.42в;8-777-711-03-13, collectfinance@mail.ru, www.collectfinance.kz;12.08.2020;27.01.2022;подпункт 8) пункта 1 статьи 9 Закона РК «О коллекторской деятельности»;Исключено
230540009632;"ТОО ""Коллекторское агентство ""Collectica""";17.К.23.001;Ержан Нұрислам Ержанұлы;Казахстан, г. Шымкент, Каратауский район, жилой массив Мартобе, улица Леонова, 55, почтовый индекс 160023;8-747-661-78-28, 8-775-243-04-46, collectica23@mail.ru, http:// www.collectica.kz;02.08.2023;28.08.2023;подпункт 1-2) пункта 1 статьи 9 Закона РК «О коллекторской деятельности»;Исключено
200840004333;"ТОО ""Коллекторское агентство ""D.C.T.""";02.К.20.020;Сарчаев Серик Эрикович;050000, г. Алматы, Алмалинский район, Проспект Нұрсұлтан Назарбаев, здание 103, оф.832а;8-701-888-6500, dct.collector@gmail.com;21.09.2020;05.06.2023;подпункт 1-2) пункта 1 статьи 9 Закона РК «О коллекторской деятельности»;Исключено
180540032764;"ТОО ""Коллекторское агентство ""Debitor""";58.К.18.016;Жумашов Галымжан Тансарбаевич;"Место нахождения: г.Шымкент, Аль-Фарабийский район, ул.Туркестанская, 67; фактический адрес: г. Шымкент, ул.Толстого, 38А";тел. +7 776 996 99 77 ka_debitor.kz@mail.ru;18.07.2018;08.11.2019;подпункт 5) пункта 1 статьи 9 Закона РК «О коллекторской деятельности»;Исключено
181240004710;"ТОО ""Коллекторское агентство ""Debitum""";18.К.18.004;Кушумбаев А.И.;100000, Карагандинская область, г. Караганда, ул.Космоновтов здание 1 Л;87473030777, e-mail: alibi.k@mail.ru;14.12.2018;26.01.2021;подпункт 5) пункта 1 статьи 9 Закона РК «О коллекторской деятельности»;Исключено
200940014579;"ТОО ""Коллекторское агентство ""Effective DebtCollection""";02.К.20.030;Ауесова Динара Ержановна;A15G5M8, г. Алматы, Бостандыкский район, ул. Айманова, дом 140, кв. 270;87273304335, 87055626164, Auesova_din@mail.ru www.debtcollection.kz;16.11.2020;31.12.2024;подпункт 5) пункта 1 статьи 9 Закона РК «О коллекторской деятельности»;Исключено
181240027472;"ТОО ""Коллекторское агентство ""Execution collection""";53.К.19.001;Тулегенова Аида Данияровна;г. Шымкент, Енбекшинский район, улица МАДЕЛИ КОЖА, дом 166, почтовыйиндекс 010010;8-702-778-64-64, execution.coll@mail.ru;13.03.2019;29.06.2021;подпункт 8) пункта 1 статьи 9 Закона РК «О коллекторской деятельности»;Исключено
150840022930;"ТОО ""Коллекторское агентство ""Expert Finance""";05.К.17.028;Лубошников Владимир Юрьевич;050000, г.Алматы, Бостандыкский район, ул. Сатпаева, дом 30/9;8 (727) 398-93-01, info@exfin.kz, www.exfin.kz;04.12.2017;05.01.2021;подпункт 5) пункта 1 статьи 9 Закона РК «О коллекторской деятельности»;Исключено
201040030500;"ТОО ""Коллекторское агентство ""Field""";17.К.20.006;Ташенов Исагали Каракулович;г. Шымкент, Аль-Фарабийский район, улица Толеген Тажибаева, дом 20 почтовый индекс 160013;8-771-018-55-50, ka-field@mail.ru;13.11.2020;27.12.2021;подпункт 5) пункта 1 статьи 9 Закона РК «О коллекторской деятельности»;Исключено
220440046691;"ТОО ""Коллекторское агентство ""Finance Control""";02.K.22.007;Өмірбек Тоқжан Өмірбекқызы;050009, г. Алматы, Алмалинский район, проспект Абая, дом 151, БЦ Алатау, 6 этаж;8-702-929-72-29 financecontrol@gmail.com, ttogjann@mail.ru www.http://finance.org.kz/;03.06.2022;31.12.2024;подпункт 5) пункта 1 статьи 9 Закона РК «О коллекторской деятельности»;Исключено
231140005975;"ТОО ""Коллекторское агентство ""Finance fix""";02.K.23.016;Еспембетов Канат Болатович;А00Е0М9, г. Алматы, Алатауский район, Мкр. Аккент, здание 15, офис 69;8-707-528-93-55, Finance_fix@inbox.ru, www.finfix.kz;15.12.2023;13.12.2024;подпункт 2) пункта 1 статьи 9 Закона РК «О коллекторской деятельности»;Исключено
200740022423;"ТОО ""Коллекторское агентство ""Fleet Finance""";02.К.20.016;Тоқтыбаева Салтанат Бауыржанқызы;050060, г.Алматы, Бостандыский район, проспект Гагарина, дом 309, н.п. 369;8-708-190-59-81, fleetfinance@mail.ru, www.fleetfinance.kz;12.08.2020;18.11.2021;подпункт 5) пункта 1 статьи 9 Закона РК «О коллекторской деятельности»;Исключено
200240041997;"ТОО ""Коллекторское агентство ""GS""";08.К.20.002;Урустенова Тогжан Урустенкызы;080000, Жамбылская область, г.Тараз, улица Ыбырайыма Сулейменова, 8/1;87071719296, , urustenova96@bk.ru;08.06.2020;14.10.2020;подпункт 8) пункта 1 статьи 9 Закона РК «О коллекторской деятельности»;Исключено
210440000433;"ТОО ""Коллекторское агентство ""Gallus Finance""";02.K.21.009;Альтаева Адия Булатовна;A00P9A1, г.Алматы, Алатауский район, микрорайон Самгау, улица Куренбел, дом 16, корпус 1;8-701-629-55-75, info@gallus-finance.kz;03.06.2021;22.02.2022;подпункт 8) пункта 1 статьи 9 Закона РК «О коллекторской деятельности»;Исключено
190140005516;"ТОО ""Коллекторское агентство ""Global Collect""";53.К.19.002;Исмаилов Даурен Дулатович;г. Астана, улица Кошкарбаева, дом 40/1, кв.132;87772846902, Globalcollect.kz@mail.ru;19.03.2019;29.06.2021;подпункт 5) пункта 1 статьи 9 Закона РК «О коллекторской деятельности»;Исключено
110440011537;"ТОО ""Коллекторское агентство ""Golden Collection""";02.К.20.022;Мергенбаев Тлеужан Мергенбаевич;050000, г. Алматы, Ауэзовский район, улица Кабдолова, дом 22Б, офис 608;8-727-356-35-44, info@goldencollector.kz, сайт - www.goldencollector.kz;25.09.2020;31.12.2024;подпункт 5) пункта 1 статьи 9 Закона РК «О коллекторской деятельности»;Исключено
180640011656;"ТОО ""Коллекторское агентство ""Imperium """;58.К.18.018;Шекербеков Ақтөре Байдәулетұлы;"Местонахождение; г.Шымкент, Енбекшинский район, проспект Жибек жолы, здание 3, кв.45. Фактический адрес: г.Шымкент, ул.Токаева, 27/2, 5 этаж";тел: 8 -701-384-14-14, tooimperium@gmail.com / tooimperium.site;07.08.2018;05.12.2019;подпункт 5) пункта 1 статьи 9 Закона РК «О коллекторской деятельности»;Исключено
120940009852;"ТОО ""Коллекторское агентство ""JA Collection Company""";05.К.18.009;Нуршаихова Жаннат Азильхановна;050012, г. Алматы, Алмалинский район, пр. Сейфуллина, д. 565/140, кв.8;8 (727) 239-11-42 http://ja-ca.kz;23.02.2018;22.08.2019;подпункт 5) пункта 1 статьи 9 Закона РК «О коллекторской деятельности»;Исключено
181040030475;"ТОО ""Коллекторское агентство ""Jibek Group""";58.К.19.004;Әбиев Дінмұханбет Бахытұлы;"юр. Адрес: г.Шымкент, Каратауский район, мкр.Нурсат, дом 200, кв.13, почтовый индекс 160000; Фактический адрес: г.Шымкент, Аль-Фарабийский район, ул.Казыбек би, дом19, офис 300";тел: 8 7010715252 JibekGroup@gmail.com;14.05.2019;10.01.2025;подпункт 5) пункта 1 статьи 9 Закона РК «О коллекторской деятельности»;Исключено
200540002075;"ТОО ""Коллекторское агентство ""KAN""";02.К.20.010;Кудабаев Аркадий Камалович;050000, г.Алматы, Алмалинский район, улица Масанчи, 26, офис 308;+7 701 755 4369, a.kudabayev@gmail.com, www.kollktorkan.kz;14.07.2020;24.10.2024;Қазақстан Республикасының «Коллекторлық қызмет туралы» Заңының 9-бабының 1-тармағы 2) тармақшасы;Исключено
200640002049;"ТОО ""Коллекторское агентство ""Kaz Collekshn""";17.К.20.001;Бименов Алдаберген Талгатович;160000, г. Шымкент, Абайский район, Микрорайон Самал-1, улица О.Малкарова, дом 45;8-701-128-85-83, kazcollekshn@bk.ru;10.08.2020;27.12.2021;подпункт 5) пункта 1 статьи 9 Закона РК «О коллекторской деятельности»;Исключено
180440008788;"ТОО ""Коллекторское агентство ""Kaz Dolg Collection""";29.К.18.002;Ақылбекова Ақниет Абдразаққызы;г.Шымкент, Енбекшинский район, квартал 194, дом 2819;8-707-525-9311, kd_collection@mail.ru;25.10.2018;29.06.2021;подпункт 5) пункта 1 статьи 9 Закона РК «О коллекторской деятельности»;Исключено
190840016292;"ТОО ""Коллекторское агентство ""Kaz Finance Collection""";58.К.19.006;Сапаров Нурдилла Сулейманович;г.Шымкент, Аль – Фарабийский район, улица Курмангазы, дом 4, почтовый индекс 160013;тел: +7-701-775-82-93, Saparov.nurdilla.kfs@mail.ru , Abilov.b_kfs@mail.ru;20.09.2019;03.03.2022;подпункт 8) пункта 1 статьи 9 Закона РК «О коллекторской деятельности»;Исключено
200940003909;"ТОО ""Коллекторское агентство ""L-Consulting""";02.К.20.024;Жикебаев Алмас Сабырович;050010, г.Алматы, Медеуский район, ул. Калдаякова, 34/29, 9;87057292919, +7 (701) 084-54-56, info@l-consulting.kz, www.l-consulting.kz;05.10.2020;04.02.2022;подпункт 8) пункта 1 статьи 9 Закона РК «О коллекторской деятельности»;Исключено
190140021736;"ТОО ""Коллекторское агентство ""LCS""";05.К.19.010;Кокымбаев Ануар Наурызбаевич;050000, г.Алматы, Бостандыкский район, пр.Абая, д.76;"8 747 289 54 34; collector@lcs.asia; www.lcs.asia";17.05.2019;16.07.2021;подпункт 5) пункта 1 статьи 9 Закона РК «О коллекторской деятельности»;Исключено
190340032065;"ТОО ""Коллекторское агентство ""LIDER""";05.К.19.009;Крутиков Никита Дмитриевич;050000, г. Алматы, Медеуский район, пр.Аль-Фараби, д.110 Б;"8 700-680-5160; n.krutikov@bbg.kz; www.lider-agency.kz.";03.05.2019;29.01.2026;подпункт 8) пункта 1 статьи 9 Закона РК «О коллекторской деятельности»;Исключено
211140006890;"ТОО ""Коллекторское агентство ""Legal Collection Group""";02.К.22.001;Нурлыбаева Алина Жамбылқызы;050026, г.Алматы, Алмалинский район, улица Карасай Батыра, дом 152/1, офис 503;+7-747-666-04-02, kalegalgroup@gmail.com, www.ka-lcg.kz;12.01.2022;25.02.2022;подпункт 8) пункта 1 статьи 9 Закона РК «О коллекторской деятельности»;Исключено
201040030540;"ТОО ""Коллекторское агентство ""Legal""";17.К.20.005;Ташенова Галина Хамзиевна;г. Шымкент, Аль-Фарабийский район, улица Толеген Тажибаева, дом 20 почтовый индекс 160013;8-747-315-31-12, ka-legal@mail.ru;13.11.2020;27.12.2021;подпункт 5) пункта 1 статьи 9 Закона РК «О коллекторской деятельности»;Исключено
180440001126;"ТОО ""Коллекторское агентство ""Litera-finance""";53.К.18.003;Демеуов Марат Ганович;г. Астана, район Есиль, пр-т Туран, д. 19, корпус 1, ВП 2.;8(7172)67-89-02, too.litera.finance@gmail.com;02.05.2018;09.06.2020;подпункт 8) пункта 1 статьи 9 Закона РК «О коллекторской деятельности»;Исключено
150840022930;"ТОО ""Коллекторское агентство ""M-Solutions""";05.К.18.018;Турысбеков Бекзат Канатович;050057, г. Алматы, Бостандыкский район, ул. Манаса, д. 34, офис 216;"8 (727) 346-87-87 вн. 1025 info@m-solutions.kz; www.m-solutions.kz;";29.06.2018;12.07.2021;подпункт 5) пункта 1 статьи 9 Закона РК «О коллекторской деятельности»;Исключено
160240015600;"ТОО ""Коллекторское агентство ""MEMo Collect""";05.К.18.012;Серикжан Жандос Аскарулы;050022, г. Алматы, Бостандыкский район, пр. Сейфуллина, дом 597 «А», офис 405А;8 (727) 346 89 11, info@memocollect.kz, www.memocollect.kz;28.03.2018;10.09.2019;подпункт 5) пункта 1 статьи 9 Закона РК «О коллекторской деятельности»;Исключено
210640035463;"ТОО ""Коллекторское агентство ""MRB""";10.К.21.001;Абикенов Берик Римович;г.Костанай, ул.Каирбеков, д.75;+77015320564, ca.mrb@mail.ru, https://mrb.kz/;26.07.2021;25.02.2022;подпункт 8) пункта 1 статьи 9 Закона РК «О коллекторской деятельности»;Исключено
210940025625;"ТОО ""Коллекторское агентство ""Money Collection""";02.К.21.022;Жангужинов Ерлан Еркенович;050012, г. Алматы, Алмалинский р-н, пр. Сейфуллина, д.472, кв.8;+7-701 221 26 636, erlanzh@mail.ru;16.11.2021;25.02.2022;подпункт 8) пункта 1 статьи 9 Закона РК «О коллекторской деятельности»;Исключено
201240010965;"ТОО ""Коллекторское агентство ""Murager""";17.К.21.002;Шакенова Перизат Сейткаримқызы;г. Шымкент, район Каратау, Микрорайон Нурсат, дом 46, кв. 3, почтовый индекс 160023;87074609013, Murager111@mail.ru;03.02.2021;13.07.2022;подпункт 5) пункта 1 статьи 9 Закона РК «О коллекторской деятельности»;Исключено
181240019392;"ТОО ""Коллекторское агентство ""NESIBE Collection""";14.К.19.002;Турлыбекова Камшат Талгарбековна;H04D5X0, Жамбылская область, г. Тараз, массив Арай, ул. Д. Баянова, 155;8 702 111 20 40 too.nesibe@mail.ru;29.07.2019;09.06.2021;подпункт 8) пункта 1 статьи 9 Закона РК «О коллекторской деятельности»;Исключено
190840012267;"ТОО ""Коллекторское агентство ""NICE""";14.К.19.003;Битуева Нафисат Магомедовна;H01E9F6, Жамбылская область, г. Тараз, 2-пер. Генерала Рахимова, 1А;8 (7262) 54-00-19, e-mail: kti-collectors@mail.ru;19.09.2019;15.07.2021;подпункт 5) пункта 1 статьи 9 Закона РК «О коллекторской деятельности»;Исключено
200540004874;"ТОО ""Коллекторское агентство ""NYR&ADI""";02.К.20.011;Кабдосова Алия Нурлановна;050040, г.Алматы, Бостандыкский район, бульвар Бухар Жырау, 32, кв. 3;87767001045, too_nyradi2020@mail.ru, nacollector.kz;20.07.2020;13.04.2023;подпункт 8) пункта 1 статьи 9 Закона РК «О коллекторской деятельности»;Исключено
190540002407;"ТОО ""Коллекторское агентство ""Naiza""";05.К.19.012;Уразалиев Еркебулан Рашитович;г. Алматы, Алмалинский р-н, ул. Муканова, д. 113, офис 203;"8-700-727-09-60; eurazaliev@gmail.com";14.06.2019;16.02.2022;подпункт 8) пункта 1 статьи 9 Закона РК «О коллекторской деятельности»;Исключено
200740021732;"ТОО ""Коллекторское агентство ""Nomad Collection""";02.К.20.017;Жакупов Асхат Абаевич;050021, г. Алматы, Медеуский район, микрорайон Самал-2, дом 97;8-701-933-88-05, info.shlcollection@gmail.com, www.shlcollection.kz;14.08.2020;05.06.2023;подпункт 8) пункта 1 статьи 9 Закона РК «О коллекторской деятельности»;Исключено
140540015945;"ТОО ""Коллекторское агентство ""Nomad Union""";05.К.19.008;Утепбергенов Талгат Габдулгазизович;050008, г. Алматы, Бостандыкский район, пр. Абая, д.68/74;"8 (777) 233-33-36; nomad_union@mail.ru; www.nomadunion.kz";30.04.2019;25.02.2022;подпункт 8) пункта 1 статьи 9 Закона РК «О коллекторской деятельности»;Исключено
170240005318;"ТОО ""Коллекторское агентство ""PAY DEBTS""";58.К.18.008;Кенчинбаев Дмитрий Юрьевич;г.Шымкент, Енбекшинский район, Микрорайон Северо-Восток, здание 303В, 9, почтовый индекс 160000. фактический адрес: г.Шымкент, Енбекшинский район, Микрорайон Северо-Восток, здание 303В, 9, почтовый индекс 160000;тел. +7 701 730 00 60, KA.PayDebts@gmail.com;19.04.2018;29.06.2021;подпункт 5) пункта 1 статьи 9 Закона РК «О коллекторской деятельности»;Исключено
180340037074;"ТОО ""Коллекторское агентство ""Phoenix""";58.К.18.011;Кыдырбаева Айжан Нурланқызы;г.Шымкент, Каратауский район, мкр.Кайтпас, дом 580;тел. +7 701 026 0025 kydyrbayeva1995@list.ru;17.05.2018;20.09.2022;подпункт 8) пункта 1 статьи 9 Закона РК «О коллекторской деятельности»;Исключено
210840009312;"ТОО ""Коллекторское агентство ""Prof Collection""";02.K.21.019;Абай Зангар Жанайдарұлы;050062, г. Алматы, Ауэзовский р-н, ул. Кабдолова, д.22Б;8-727-356-70-71 info@proffcollector.kz www.proffcollector.kz;01.10.2021;26.10.2022;подпункт 5) пункта 1 статьи 9 Закона РК «О коллекторской деятельности»;Исключено
180240018222;"ТОО ""Коллекторское агентство ""Professional Collection Group""";58.К.18.009;Байдильдаев Дидар Курманбекович;г.Шымкент, Енбекшинский район, ул.Караменди батыра, здание 50;тел. +7 (7252) 39-07-51, +7 701 981-21-33 professional_collection_group@mail.ru;19.04.2018;31.10.2025;подпункт 8) пункта 1 статьи 9 Закона РК «О коллекторской деятельности»;Исключено
161240022498;"ТОО ""Коллекторское агентство ""Q Collection""";05.К.19.016;Ревшанов Джамбул Айтгулович;050000, г. Алматы, Медеуский район, улица Айтеке би, дом 55;8-747-095-11-28 q.collection@mail.ru www.qcollection.kz;14.10.2019;05.10.2023;подпункт 8) пункта 1 статьи 9 Закона РК «О коллекторской деятельности»;Исключено
190940026210;"ТОО ""Коллекторское агентство ""Qazaqstan collection""";02.К.20.006;Ким Дмитрий Алексеевич;050000, г. Алматы, Алмалинский район, улица Байтурсынулы, дом 1А, нежилое помещение 4, этаж 4, офис 5;8 (727) 355-00-27, dmitriy.kim@fasp.kz www.qlc.kz;25.05.2020;11.11.2021;подпункт 8) пункта 1 статьи 9 Закона РК «О коллекторской деятельности»;Исключено
180640010975;"ТОО ""Коллекторское агентство ""REGION""";58.К.18.020;Набиева Балжан Жанайдарқызы;"Место нахождения: г.Шымкент, Аль-Фарабийский район, проспект Кунаева, дом 59, БЦ ""Астана""; фактический адрес: г.Шымкент, ул.Токаева, 27/2, 4 этаж";тел. +7 701 384 14 14 tookaregion@gmail.com tooregion.site;09.08.2018;15.11.2019;подпункт 5) пункта 1 статьи 9 Закона РК «О коллекторской деятельности»;Исключено
210140000620;"ТОО ""Коллекторское агентство ""Recovery Solutions Group""";02.К.21.004;Даулетова Салтанат Бериковна;000060, г. Алматы, Бостандыкский р-н, пр. Гагарина, здание 124, кв.177;8-701-789-88-95, S_Dauletova@rsgcollection.kz, rsgcollection.kz;18.02.2021;19.07.2021;подпункт 8) пункта 1 статьи 9 Закона РК «О коллекторской деятельности»;Исключено
200740020040;"ТОО ""Коллекторское агентство ""SHL Collection""";02.К.20.012;Азыхан Азамат Қуанышұлы;050040, г. Алматы, Бостандыкский район, улица Пирогова, д. 31, офис 405;8-701-933-88-05, info.shlcollection@gmail.com, www.shlcollection.kz;07.08.2020;03.05.2022;подпункт 5) пункта 1 статьи 9 Закона РК «О коллекторской деятельности»;Исключено
180540027292;"ТОО ""Коллекторское агентство ""SMART Collection""";58.К.18.015;Иханов Дамир Маратович;г. Алматы, Бостандыкский район, ул.Абая, д.76/109, офис 103 а;+7 708 551 53 05 info@smartcollect.kz;05.07.2018;12.07.2021;подпункт 5) пункта 1 статьи 9 Закона РК «О коллекторской деятельности»;Исключено
200840026281;"ТОО ""Коллекторское агентство ""STAR collection""";17.К.20.002;Султан Омар Асхатулы;г. Шымкент, Аль-Фарабийский район, проспект Кабанбай батыра, дом 7, кв. 47, почтовый индекс 160000;8 702 994 63 48, ka_star_collection@mail.ru;29.09.2020;27.12.2021;подпункт 5) пункта 1 статьи 9 Закона РК «О коллекторской деятельности»;Исключено
160540014762;"ТОО ""Коллекторское агентство ""SVOY Capital+""";53.К.18.005;Сейтхадырова Эльмира Сайлаукуловна;г. Астана, ул.Иманова,19, оф.701Е, оф.701N;8(7172)78-70-55, svoycapital@mail.ru;06.06.2018;16.02.2022;подпункт 8) пункта 1 статьи 9 Закона РК «О коллекторской деятельности»;Исключено
221140034917;"ТОО ""Коллекторское агентство ""Samuryk""";17.К.22.004;Танабаева Гаухар Курмангалиевна;РК, Казахстан, г. Шымкент, район Каратау, микрорайон Кайтпас, улица С.Алибекова, 158, почтовый индекс 160000;тел. 8-701-845-17-97, 8-701-017-71-66 samuruk04@mail.ru, http:// www.samuryk.tilda.ws;30.12.2022;10.01.2025;подпункт 5) пункта 1 статьи 9 Закона РК «О коллекторской деятельности»;Исключено
200740017239;"ТОО ""Коллекторское агентство ""Smart Collection""";02.К.20.013;Бисенова Жанна Муратовна;050040, г. Алматы, Бостандыкский район, улица Пирогова, д. 31, офис 305;8-702-300-37-74, smart_collection@mail.ru, www.smartcollection.com.kz;07.08.2020;25.02.2022;подпункт 8) пункта 1 статьи 9 Закона РК «О коллекторской деятельности»;Исключено
190240017127;"ТОО ""Коллекторское агентство ""Special collection group""";58.К.19.003;Мырзагулова Нагима Бекмухановна;г.Шымкент, Енбекшинский район, ул.Ш.Уалиханова, здание 192/3;тел: +7-775-664-42-56, collection _agency_scg@mail.ru;15.03.2019;29.06.2021;подпункт 5) пункта 1 статьи 9 Закона РК «О коллекторской деятельности»;Исключено
210240006564;"ТОО ""Коллекторское агентство ""Time Money""";17.К.21.005;Джольшибеков А.Н.;г.Шымкент, Аль-Фарабийский район, Проспект Байдибек Би, здание 45, почтовый индекс 160000;8-778-403-67-55, time.money.20@bk.ru;25.03.2021;03.03.2022;подпункт 8) пункта 1 статьи 9 Закона РК «О коллекторской деятельности»;Исключено
201040030025;"ТОО ""Коллекторское агентство ""USTO Collection""";02.К.20.034;Мушрапилова Насиба Абдрашитовна;050000, г. Алматы, Медеуский р-н, мкр. Коктобе, ул. Кыз Жибек, д.149, офис 18;+7-701-737-97-63, too_qarjy2020@mail.ru, www.qarjycollection.kz;30.12.2020;04.03.2022;подпункт 5) пункта 1 статьи 9 Закона РК «О коллекторской деятельности»;Исключено
090940000503;"ТОО ""Коллекторское агентство ""Ultimatum""";05.К.17.009;Есенов Ерлан Асанович;050000, г. Алматы, Медеуский район, ул. Айтеке би, д. 55;8-727-356-05-77, вн. 274, Ultimatum.kz@yandex.kz, https://ultimatum.kz/;18.10.2017;26.12.2024;подпункт 8) пункта 1 статьи 9 Закона РК «О коллекторской деятельности»;Исключено
210640038140;"ТОО ""Коллекторское агентство ""VEK""";02.К.21.020;Карташов Валерий Георгиевич;050050, г.Алматы, Жетысуский район, улица Ратушного, дом 68;+7-701-088-88-07, 8-705-575-8488 kollectorcompany@mail.ru, http://agencyvek.kz;04.10.2021;25.02.2022;подпункт 8) пункта 1 статьи 9 Закона РК «О коллекторской деятельности»;Исключено
171140027090;"ТОО ""Коллекторское агентство ""VICTORIA""";05.К.18.005;Жежома Надежда Владиславовна;050008, г. Алматы, Бостандыкский район, ул. Мынбаева, д. 43А, офис 503А;"8(727)379 84 98; 8(727)357 39 03; incoming@lawyer.org.kz, http://lawyer.org.kz";07.02.2018;24.02.2022;подпункт 8) пункта 1 статьи 9 Закона РК «О коллекторской деятельности»;Исключено
180740000773;"ТОО ""Коллекторское агентство ""VOSTOK Collection""";09.К.18.002;Кожикова Гульжазира Есетхановна;г.Шымкент, ул.Байтурсынова, 78;"8 702 547 42 49; е-mail: collection.vostok@gmail.com; интернет-ресурс: http:/vostokcollect.kz/";27.11.2018;03.03.2022;подпункт 8) пункта 1 статьи 9 Закона РК «О коллекторской деятельности»;Исключено
190440006109;"ТОО ""Коллекторское агентство ""Zhan.KZ""";53.К.19.005;Шынибеков Жандос Амантаевич;г. Астана, улица Ш. Кудайбердиулы, дом 17, офис 7;8(7172)785084, zhandos2013@gmail.ru;21.06.2019;28.05.2021;подпункт 5) пункта 1 статьи 9 Закона РК «О коллекторской деятельности»;Исключено
190740031517;"ТОО ""Коллекторское агентство ""АРЛАН""";53.К.19.007;Ходжаназаров Айдарбек Асанович;г. Костанай, проспект Нұрсұлтан Назарбаев, дом 170;77142902424, info@olzhaagro.kz;12.09.2019;06.10.2020;подпункт 8) пункта 1 статьи 9 Закона РК «О коллекторской деятельности»;Исключено
180340008952;"ТОО ""Коллекторское агентство ""Аврора""";05.К.18.013;Кайнарбаев Серик Алпысбаевич;050000, г. Алматы, Бостандыкский район, Площадь Республики 13, этаж 6, офис №600;8 (777) 399 01 22 , avrora.collect@gmail.com, www.avroracollect.info;18.04.2018;20.12.2019;подпункт 5) пункта 1 статьи 9 Закона РК «О коллекторской деятельности»;Исключено
071140007104;"ТОО ""Коллекторское агентство ""Агентство по взысканию долгов""";05.К.17.013;Омарова Динара Каирбековна;050063, г.Алматы, Ауэзовский район, мкр. Жетысу 3, дом 25, корпус Б, офис 26;8 (727) 313 18 01, info@avdc.kz, www.avdc.kz;25.10.2017;04.05.2019;подпункт 8) пункта 1 статьи 9 Закона РК «О коллекторской деятельности»;Исключено
090540012304;"ТОО ""Коллекторское агентство ""Агентство по розыску и возврату долгов-ЭК""";32.К.17.001;Наурзгалиев Абай Акимгалиевич;141200, Павлодарская облась, г. Экибастуз, ул. Мәшһүр Жүсіп, д. 52 В, офис 323;Номер телефона 8 718 7 347836, номер факса 87187340195 arvd-ekibastuz1@mail.ru;01.11.2017;30.12.2019;подпункт 8) пункта 1 статьи 9 Закона РК «О коллекторской деятельности»;Исключено
190440025254;"ТОО ""Коллекторское агентство ""Агентство по сбору платежей""""";32.К.19.001;Смагулова Мадина Шамбыловна;S13E3H0, Павлодарская облась, г.Экибастуз, 4 Юго-Западный проезд, дом 23, S13P2D3, Павлодарская облась, г.Экибастуз, ул. Матросова, дом 6, офис №16;Номер телефона 8 718 7 799061, сот. тел: 8 777 9361447, e-mail: kasp-19@mail.ru,;09.08.2019;14.06.2021;подпункт 8) пункта 1 статьи 9 Закона РК «О коллекторской деятельности»;Исключено
120940009525;"ТОО ""Коллекторское агентство ""Азия Плюс""";18.К.18.003;Кенбаева А.А.;г. Астана, район Есиль, жилой массив Заречное, ул. Қаратөбе, здание 2А,;"87026302483, e-mail: info@asiaplus.kz; www.asiaplus.kz";25.10.2018;25.10.2019;подпункт 8) пункта 1 статьи 9 Закона РК «О коллекторской деятельности»;Исключено
120440007302;"ТОО ""Коллекторское агентство ""Азия""";16.К.22.001;Изотов Александр Александрович;071426, Восточно-Казахстанская область, г. Семей, поселок Шульбинск, Микрорайон 1 Микрорайон, дом 2;+7 702 618 07 39, +7 705 277 99 88, 2779988@mail.ru;10.02.2022;03.06.2022;подпункт 8) пункта 1 статьи 9 Закона РК «О коллекторской деятельности»;Исключено
200940017969;"ТОО ""Коллекторское агентство ""Акжол Финанс""";17.К.20.004;Рыскельдиева Жибек Ерликовна;г. Шымкент, Аль-Фарабийский район, улица Ахмет Байтурсынов, дом 86А, кв. 13, почтовый индекс 160021;8 701 527 77 72, zhibek_ryskeldie@mail.ru;02.11.2020;27.12.2021;подпункт 5) пункта 1 статьи 9 Закона РК «О коллекторской деятельности»;Исключено
160640024832;"ТОО ""Коллекторское агентство ""Алматы Коллекшн"" (""Almaty Collection"" Collection agency)";02.К.20.008;Суиндыков Нурбол Бекболатович;050062, г. Алматы, Ауэзовский район, улица Кабдолова, дом 22Б, офис 505;8 747 111 86 36, yerkanat.kazhgaliyev@gmail.com, www.Fbureau.kz;15.06.2020;05.06.2023;подпункт 8) пункта 1 статьи 9 Закона РК «О коллекторской деятельности»;Исключено
181040012388;"ТОО ""Коллекторское агентство ""Алматы Финанс""";02.К.20.007;Нурметов Олжас Нұсипханұлы;050062, г. Алматы, Ауэзовский район, улица Кабдолова, дом 22Б, офис 607;87273563541, info@afccollection.kz, www.afccollection.kz;15.06.2020;23.06.2023;подпункт 8) пункта 1 статьи 9 Закона РК «О коллекторской деятельности»;Исключено
210840030423;"ТОО ""Коллекторское агентство ""Альтернатива №1""";02.K.21.024;Калимулин Рустам Рафикович;050036, г. Алматы, Ауэзовский район, микрорайон Мамыр, ул. Спортивная, здание 3, н.п.44;+7-701 941 55 76, alternativa1@internet.ru;15.12.2021;20.02.2023;подпункт 5) пункта 1 статьи 9 Закона РК «О коллекторской деятельности»;Исключено
161240002512;"ТОО ""Коллекторское агентство ""Арбитр""";12.К.17.001;Ешибаева Лайла Куттыгаевна;060000, Атырауская область, г. Атырау, проспект Азаттық, д.72, н.п. 1;8 (7122) 306817, 87084208397, too-arbitr@yandex.kz;26.12.2017;03.12.2020;подпункт 8) пункта 1 статьи 9 Закона РК «О коллекторской деятельности»;Исключено
180640025597;"ТОО ""Коллекторское агентство ""Арна 1""";27.К.18.002;Грищенко Елена Владимировна;г.Костанай, ул.Аль-фараби, д.116;87052151558, doa198@mail.ru, www.arna1.kz;12.10.2018;24.12.2021;подпункт 8) пункта 1 статьи 9 Закона РК «О коллекторской деятельности»;Исключено
190740030618;"ТОО ""Коллекторское агентство ""Аспект Финанс""";02.К.20.028;Ирмекеев Серпер Еженханович;050000, г. Алматы, Алмалинский район, ул. Байтурсынулы, дом 1А, н.п. 4, 4 этаж, офис 3;8727-355-00-17, in@aspf.kz, www.aspf.kz;27.10.2020;11.11.2021;подпункт 8) пункта 1 статьи 9 Закона РК «О коллекторской деятельности»;Исключено
171140024165;"ТОО ""Коллекторское агентство ""Асыл-Қазына""";58.К.17.010;Шабдезим Галым;Местонахождение: г.Шымкент, Абайский район, пр.Б.Момышулы, здание 25/4.;"тел. +7 707 418 25 06 asyl-kazyna@inbox.ru; http://as-kaz.kz/";07.12.2017;24.01.2019;подпункт 5) пункта 1 статьи 9 Закона РК «О коллекторской деятельности»;Исключено
161240022061;"ТОО ""Коллекторское агентство ""Батыр""";14.К.18.001;Калкабаев Мухит Ахтанбердиевич;080000, Жамбылская область, г. Тараз, микрорайон Астана «12», дом 2, офис 1;8-705-104-77-36, 8-707-104-77-36, too_ka_batyr@mail.ru;10.01.2018;24.04.2019;подпункт 8) пункта 1 статьи 9 Закона РК «О коллекторской деятельности»;Исключено
080540001654;"ТОО ""Коллекторское агентство ""Бюро по обслуживанию долгов""";27.К.19.001;Гренц Виктор Андреевич;Костанайская обл., р-н Б.майлина, п.Тобол, ул.Элеваторная, д.75, кв.47;87474051415, buro@skg.kz, www.burocollektor.kz;19.06.2019;11.11.2022;подпункт 8) пункта 1 статьи 9 Закона РК «О коллекторской деятельности»;Исключено
080740001423;"ТОО ""Коллекторское агентство ""Бюро по работе с должниками""";05.К.17.018;Анафиянов Руслан Багдатович;050062, г.Алматы, Ауэзовский район, улица Кабдолова, дом 16;8 (727) 377 17 17, infobrd@brd.kz, www.kazcollektor.kz;15.11.2017;14.12.2021;подпункт 8) пункта 1 статьи 9 Закона РК «О коллекторской деятельности»;Исключено
220740034817;"ТОО ""Коллекторское агентство ""Винтаж Кредит""";01.К.22.001;Аманжолов Тимур Болатбекович;г.Астана, район Есиль, ул. Сығанак, дом 70, офис 913;8 727 327 77 99, 8 707 327 77 99 электронная почта: info@vintagecredit.kz;11.08.2022;30.11.2022;подпункт 8) пункта 1 статьи 9 Закона РК «О коллекторской деятельности»;Исключено
160640016059;"ТОО ""Коллекторское агентство ""Гарнет""";05.К.17.023;Сидоров Алексей Валентинович;050060, г. Алматы, Бостандыкский район, улица Радостовца, дом 213;8 (747) 227 47 47, info@garnet.kz, www.garnet.kz;21.11.2017;18.04.2025;подпункт 8) пункта 1 статьи 9 Закона РК «О коллекторской деятельности»;Исключено
201040030015;"ТОО ""Коллекторское агентство ""ДОЛЖЕН-ПЛАТИ""";02.К.20.031;БЕРЕГОВОЙ ГЕННАДИЙ АЛЕКСАНДРОВИЧ;город Актобе, район Астана, Переулок Касиподак, дом 12, кв. 8,;8-778-500-63-46, too_dolzhen-plati@bk.ru, сайт dolzhen-plati.kz;18.11.2020;16.09.2025;подпункт 8) пункта 1 статьи 9 Закона РК «О коллекторской деятельности»;Исключено
231140000032;"ТОО ""Коллекторское агентство ""Деловой статус""";02.K.24.003;Төлебай Дастан Ерболулы;A05F2D6, г.Алматы, Алмалинский район, улица Масанчи, 26, 307;8-777-055-58-99, delovoy.status@mail.ru, https://kollektor.kz/;11.03.2024;29.03.2024;подпункт 1-2) пункта 1 статьи 9 Закона РК «О коллекторской деятельности»;Исключено
170140014869;"ТОО ""Коллекторское агентство ""Дельта М""";18.К.17.002;Жакслыков А.С.;Карагандинская область, г.Караганда, ул.Ержанова, дом №18, 6 этаж;7 (7212) 99-65-02, a.zhakslykov@delta-m.asia;24.10.2017;04.09.2023;подпункт 8) пункта 1 статьи 9 Закона РК «О коллекторской деятельности»;Исключено
080740000306;"ТОО ""Коллекторское агентство ""Департамент взыскания долгов""";05.К.19.011;Миронов Денис Вячеславович;050062, г. Алматы, Ауэзовский район, улица Кабдолова, дом 16;8 (727) 377 17 21 info@cadvd.kz, www.cadvd.kz;31.05.2019;16.07.2021;подпункт 5) пункта 1 статьи 9 Закона РК «О коллекторской деятельности»;Исключено
080440018635;"ТОО ""Коллекторское агентство ""Дом взыскания долгов-1""";05.К.17.035;Шарипбаев Елнур Дуйсенгалиевич;г. Астана, район Байконур, улица Малика Габдуллина, дом 19/1, н.п. 1;8 775 666 44 48 электронная почта: y.sharipbayev@grainconsortium.kz;27.12.2017;17.01.2022;подпункт 8) пункта 1 статьи 9 Закона РК «О коллекторской деятельности»;Исключено
180340019630;"ТОО ""Коллекторское агентство ""КОМЕК""";09.К.20.001;Тауекелова Зауре Кабыловна;Карагандинская область, г. Караганда, район им. Казыбек би, ул.Гоголя, 34А;+77789399900, businessmail2001@gmail.com;09.09.2020;16.07.2024;подпункт 8) пункта 1 статьи 9 Закона РК «О коллекторской деятельности»;Исключено
100340021172;"ТОО ""Коллекторское агентство ""Казахстанский Центр Взыскание Долгов""";18.К.17.004;Татриева Л.М.;Карагандинская область, г. Караганда, ул. Муканова 55Б, офис 304;8 (701) 331 00 05, kcvd@mail.ru, www.kcvd.kz;26.10.2017;26.01.2021;подпункт 5) пункта 1 статьи 9 Закона РК «О коллекторской деятельности»;Исключено
170840010950;"ТОО ""Коллекторское агентство ""Кайнар""";05.К.17.010;Сарсымбаев Михаил Жунусович;050063, г. Алматы, Ауэзовский район, ул.Ташкентская, дом 348/1, офис 119;8 (727) 221 05 95, info@kaynar-agency.kz, www.kaynar-agency.kz;19.10.2017;24.02.2022;подпункт 8) пункта 1 статьи 9 Закона РК «О коллекторской деятельности»;Исключено
180740001038;"ТОО ""Коллекторское агентство ""Каражат""";27.К.18.003;Басбаев Асилбек Абдумуталович;г.Костанай, ул.Карбышева, д.16;87777070789, collection.voctok@gmail.com, http://vostokcollect.kz;21.11.2018;30.06.2021;подпункт 8) пункта 1 статьи 9 Закона РК «О коллекторской деятельности»;Исключено
190440005953;"ТОО ""Коллекторское агентство ""Коллектор Финанс – СБ""";53.К.19.004;Ракишева Несипкуль;г. Астана, улица Ш. Кудайбердиулы, дом 17;8(7172)785084, astanacollpart@gmail.ru;21.06.2019;28.05.2021;подпункт 5) пункта 1 статьи 9 Закона РК «О коллекторской деятельности»;Исключено
191040009489;"ТОО ""Коллекторское агентство ""Комитет взыскания долгов""";02.K.22.002;Мартынюк Вадим Александрович;050012, г. Алматы, Алмалинский район, ул. Жамбыла, д. 114/85, оф. 8;8 701 680 33 33, kvdka@mail.ru, www.kvdka.kz;13.01.2022;19.04.2023;подпункт 5) пункта 1 статьи 9 Закона РК «О коллекторской деятельности»;Исключено
180740033254;"ТОО ""Коллекторское агентство ""Компромисс""";29.К.18.001;Ибрагимов Данияр;"Мангистауская область, г.Актау, 14 мкр., д.61; Мангистауская область, г.Актау, 28 мкр., д.46;";8-702-547-4249, compromise.collect@gmail.com;28.09.2018;20.12.2022;подпункт 8) пункта 1 статьи 9 Закона РК «О коллекторской деятельности»;Исключено
201240004886;"ТОО ""Коллекторское агентство ""Миллор""";17.К.21.001;Тажиева Макпал Махамбетовна;г.Шымкент, Аль-Фарабийский район, улица Мадели Кожа, дом 29, почтовый индекс 160021;8 701 242 77 99, millor2020@mail.ru;22.01.2021;13.07.2022;подпункт 5) пункта 1 статьи 9 Закона РК «О коллекторской деятельности»;Исключено
070140020842;"ТОО ""Коллекторское агентство ""НКА""";05.К.17.016;ШАЙКЕНОВА ЖАНАР МАРАТОВНА;050057, г.Алматы, Алмалинский район, пр-т Назарбаева, д.65 офис 209;8 (707) 620 65 57, 8-701-720-48-59, nca_kz_07@mail.ru, nca.kollektor@bk.ru https://nkagency.kz/;06.11.2017;12.01.2026;подпункт 8) пункта 1 статьи 9 Закона РК «О коллекторской деятельности»;Исключено
190740024475;"ТОО ""Коллекторское агентство ""НКК Беркут""";32.К.19.002;Кузембаев Нуртуар Куламергенович;S13E8С0, Павлодарская облась, г.Экибастуз, ул.Абая, здание 60/1;Номер телефона сот. тел: 8 701 7716069, e-mail: nkk-berkut@mail.ru;10.09.2019;25.05.2020;подпункт 8) пункта 1 статьи 9 Закона РК «О коллекторской деятельности»;Исключено
190940027010;"ТОО ""Коллекторское агентство ""Национальное Бюро Финансового Контроля""";05.К.19.025;Абзалов Сұлтан Мүслімұлы;050061, г. Алматы, Ауэзовский район, проспект Райымбека, д.348/1;+77272650194, koll@nburo.kz, www.nburo.kz;25.12.2019;29.06.2021;подпункт 5) пункта 1 статьи 9 Закона РК «О коллекторской деятельности»;Исключено
150540006402;"ТОО ""Коллекторское агентство ""Новый формат""";05.К.18.024;Ахметова Бакыткул Асанкызы;050000, г. Алматы, Алатауский район, ул. Рыскулова, д. 103/21;"8 (705) 785 42 87, newformatcollect@gmail.com; www.newformatcollect.kz;";15.10.2018;24.12.2019;подпункт 5) пункта 1 статьи 9 Закона РК «О коллекторской деятельности»;Исключено
161240019933;"ТОО ""Коллекторское агентство ""Нұркерей""";41.К.17.001;Бижанов Алибек Берикович;Алматинская область, Карасайский район, село Жалпаксай, ул. Сейтенова, д. 5;тел. 8 (727)3913982, сотовый 87018434120, neiman604@mail.ru;07.12.2017;24.08.2023;подпункты 1-2) и 5) пункта 1 статьи 9 Закона Республики Казахстан «О коллекторской деятельности»;Исключено
200540013566;"ТОО ""Коллекторское агентство ""Олжа""";05.К.17.016;Ходжаназаров Айдарбек Асанович;г.Костанай, пр. Нурсултан Назарбаев, дом 170;8 (7142) 57 91 53, 39 01 48, ka_olzha@mail.ru;28.08.2020;07.02.2025;подпункт 5) пункта 1 статьи 9 Закона РК «О коллекторской деятельности»;Исключено
160440028045;"ТОО ""Коллекторское агентство ""Паритет""";58.К.17.001;Алтаева Ботакоз Нурмахановна;160000, г.Шымкент, Аль-Фарабийский район, проспект Байдибек би, здание 95 А, почтовый индекс 160000;тел. +7771 934 36 77, +7771-591-0806, +7701 384 14 14 too.ka.paritet@gmail.com, http://paritet.one.kz/;28.09.2017;02.02.2024;подпункт 8) пункта 1 статьи 9 Закона РК «О коллекторской деятельности»;Исключено
180640013117;"ТОО ""Коллекторское агентство ""Партнер+""";58.К.18.022;Жолдасова Шолпан Темирбековна;"Местонахождение: г.Шымкент, Енбекшинский район, 16 микрорайон, д.4, кв.59. Фактический адрес: г.Шымкент, проспект Кунаева, 48, БЦ ""Оңтүстік""";тел: 8 -701-384-14-14 toopartnerplus@gmail.com / tootoopartnerplus.site;09.08.2018;05.12.2019;подпункт 5) пункта 1 статьи 9 Закона РК «О коллекторской деятельности»;Исключено
150540008598;"ТОО ""Коллекторское агентство ""Поисковик плюс принцып""";18.К.17.005;Макаров Иван Михайлович;г. Астана, улица Кунаева, дом 14/2, н.п. 10.;8 771 029 44 33, электронная почта: p87710294433@yandex.ru;14.11.2017;30.10.2023;подпункт 2) пункта 1 статьи 9 Закона РК «О коллекторской деятельности»;Исключено
180640009357;"ТОО ""Коллекторское агентство ""Профессиональное агентство по возврату долгов""";05.К.18.26;Буралхиева Дана Сагаткановна;050000, г. Алматы, Медеуский район, ул. Айтеке Би, д.55;"8-707-721-37-53; ka-pavd@yandex.kz; ka-pavd.kz";09.11.2018;17.05.2024;подпункт 8) пункта 1 статьи 9 Закона РК «О коллекторской деятельности»;Исключено
180640012901;"ТОО ""Коллекторское агентство ""Ренессанс """;58.К.18.017;Серікбай Айзада Мұхтарқызы;160000, г.Шымкент, Аль-Фарабийский район, проспект Байдибек би, здание 95 А, почтовый индекс 160000;тел: 8 -701-384-14-14, toorenesanse@gmail.com / toorenesanse.site;07.08.2018;23.02.2024;подпункт 8) пункта 1 статьи 9 Закона РК «О коллекторской деятельности»;Исключено
170840030132;"ТОО ""Коллекторское агентство ""СВД""";05.К.17.012;Аманиязов Есен Калбаевич;050057, г. Алматы, ул. Жарокова, д.210 Б, офис 18;тел: 8 (727) 983 08 18, collection.svd@ gmail.com, www.svd.kz;23.10.2017;10.12.2021;подпункт 8) пункта 1 статьи 9 Закона РК «О коллекторской деятельности»;Исключено
200640033891;"ТОО ""Коллекторское агентство ""СТАР КОЛЛЕКШНС""";02.К.20.018;Харламов Роман Евгеньевич;050012, г. Алматы, Алмалинский район, улица Жамбыла 114/85, блок А, оф. 307/1, БЦ Бизнес сити;8--705-333-1009, 3331009@bk.ru , www.crrc.kz;25.08.2020;23.02.2023;подпункт 2) пункта 1 статьи 9 Закона РК «О коллекторской деятельности»;Исключено
170640025575;"ТОО ""Коллекторское агентство ""СТАТУС""";18.К.17.001;Ильясова Р.А.;Карагандинская область, г. Караганда, микрорайон Степной -2, дом № 6/2;+7 (707) 4954811, kollektorskoeagenstvo.status@mail.ru, statuscollector.kz;11.10.2017;17.04.2019;подпункт 8) пункта 1 статьи 9 Закона РК «О коллекторской деятельности»;Исключено
181040000473;"ТОО ""Коллекторское агентство ""Самрук""";05.К.18.030;Дадаков Дмитрий Михайлович;г. Алматы, проспект Аль-Фараби, дом 77/2, офис 2i;8 708 971 47 33 samruk.collect1@gmail.com, www.smrk.kz;14.12.2018;22.02.2022;подпункт 8) пункта 1 статьи 9 Закона РК «О коллекторской деятельности»;Исключено
190740031597;"ТОО ""Коллекторское агентство ""ТЕМІРЛАН""";53.К.19.008;Уромбаев Торехан Ергалиевич;г. Астана, район Байконыр, ул.Циолковского, 1/1;8 (7172) 263733, 87783331183, 87057558088 torehan1@mail.ru;12.09.2019;29.06.2021;подпункт 5) пункта 1 статьи 9 Закона РК «О коллекторской деятельности»;Исключено
180440025400;"ТОО ""Коллекторское агентство ""Тулпар Финанс""";53.К.18.006;Рысбеков Бахытжан Султангалиевич;г. Астана, район Алматы, ул. Иманова, д. 19, офис 908 (С);8 775 999 51 83, rysbekov.83@bk.ru;14.08.2018;29.06.2021;подпункт 5) пункта 1 статьи 9 Закона РК «О коллекторской деятельности»;Исключено
210640008397;"ТОО ""Коллекторское агентство ""Улан""";02.К.21.013;Кушумбаев Нурахмет Иргуланович;А17С6Х3, г. Алматы, Бостандыкский р-н, пр. Сейфуллина, д.609;8-701-566-30-80, iphone6ru@gmail.com;30.06.2021;26.12.2024;подпункт 8) пункта 1 статьи 9 Закона РК «О коллекторской деятельности»;Исключено
180940025627;"ТОО ""Коллекторское агентство ""Управление по взысканию задолженности """;58.К.18.024;Лесбай Данияр Ербатырұлы;г.Шымкент, Аль-Фарабийский район, проспект Кабанбай Батыра, дом 7А, кв.47;тел: +7-747-771-03-80 ka_uvz@mail.ru;21.11.2018;29.06.2021;подпункт 5) пункта 1 статьи 9 Закона РК «О коллекторской деятельности»;Исключено
190840031184;"ТОО ""Коллекторское агентство ""Феномен""";58.К.19.007;Мустафаев Бекжан Абдималикович;г.Шымкент, Аль – Фарабийский район, улица А.Байтурсынова, здание 59/15, почтовый индекс 160011;тел: +7-700-673-87-38, bekjan_mba@mail.ru;28.10.2019;29.06.2021;подпункт 5) пункта 1 статьи 9 Закона РК «О коллекторской деятельности»;Исключено
180940002995;"ТОО ""Коллекторское агентство ""Финансово-юридическая компания""";53.К.18.007;Уромбаев Торехан Ергалиевич;г. Астана, улица Циолковского, дом 1/1;8(7172)95 19 35, fjc2018@mail.ru;12.10.2018;16.02.2022;подпункт 8) пункта 1 статьи 9 Закона РК «О коллекторской деятельности»;Исключено
200140028798;"ТОО ""Коллекторское агентство ""Финансовое бюро""";02.К.20.004;Тюебаев Мадияр Ергалиевич;050060, г. Алматы, Бостандыкский район, ул. Тимирязева, здание 42, блок 15;8 747 111 86 36, yerkanat.kazhgaliyev@gmail.com, www.Fbureau.kz;30.03.2020;12.07.2021;подпункт 5) пункта 1 статьи 9 Закона РК «О коллекторской деятельности»;Исключено
190540012850;"ТОО ""Коллекторское агентство ""Финансовый Центр по Урегулированию задолженности""";58.К.19.005;Потемкина Алена Владимировна;г.Шымкент, Аль-Фарабийский район, ул. М.Х.Дулати, д.2/5, почтовый индекс;тел: +7-701-738-28-56, afcuz@mail.ru, www.kafcuz.kz;09.07.2019;29.06.2021;подпункт 8) пункта 1 статьи 9 Закона РК «О коллекторской деятельности»;Исключено
170940007746;"ТОО ""Коллекторское агентство ""Финансы и право""";05.К.18.006;Кистаубаева Дина Токтагазыевна;050000, г. Алматы, Алмалинский район, пр. Абылай хана, д. 141, офис 105;тел: 8 707 222 77 01, financialandlaw@gmail.com, financialandlaw.kz;08.02.2018;24.02.2023;подпункт 8) пункта 1 статьи 9 Закона РК «О коллекторской деятельности»;Исключено
161240012619;"ТОО ""Коллекторское агентство ""Фёрст Коллекшн"" (""First collection"" Collection agency"")";05.К.17.015;Жакупов Асхат Абаевич;050062, г. Алматы, Ауэзовский район, ул. Кабдолова, д. 22Б, офис 408;тел: 8 (727) 356-35-40, info@collectora.kz, www.collectora.kz;31.10.2017;08.06.2023;подпункт 8) пункта 1 статьи 9 Закона РК «О коллекторской деятельности»;Исключено
180940005692;"ТОО ""Коллекторское агентство ""Халык коллекшн""";27.К.18.001;Ермухамбетов Бауржан Абильханович;г.Костанай, ул.Чехова, д.105/а, каб.215;87051098844, info@halykkollection.kz, www.halykkollection.kz;12.10.2018;30.06.2021;подпункт 8) пункта 1 статьи 9 Закона РК «О коллекторской деятельности»;Исключено
171040033775;"ТОО ""Коллекторское агентство ""Церера""";58.К.17.008;Жумабаева Айгуль Сундетулаевна;г.Шымкент, проспект Байдибек би, здание 126/1;"тел. +7 (7252) 41-71-69 CereraAgency@gmail.com; http://cerera.kz/";27.11.2017;10.01.2025;подпункт 5) пункта 1 статьи 9 Закона РК «О коллекторской деятельности»;Исключено
181140018915;"ТОО ""Коллекторское агентство ""Юридический долговой центр""";58.К.18.025;Бигалиева Айгуль Советовна;г.Шымкент, Каратауский район, 190 квартал, дом 3040. фактический адрес: г. Шымкент, Аль-Фарабийский район, ул.А Байтурсынова, дом 163.;тел: +7-778-922-30-13 aigulbauyr@gmail.com;13.12.2018;29.06.2021;подпункт 5) пункта 1 статьи 9 Закона РК «О коллекторской деятельности»;Исключено
190940001710;"ТОО ""Коллекторское агентство ""Юрист""";36.К.19.001;Мусетаева Гульмайда Насиевна;Северо-Казахстанская область, г.Петропавловск, ул. Рижская, д.22, почтовый индекс T01P9X0;тел: +7-705-879-54-73, ka.yurist@my.com, www.kayurist.kz;08.10.2019;24.06.2021;подпункт 8) пункта 1 статьи 9 Закона РК «О коллекторской деятельности»;Исключено
190140003798;"ТОО ""Коллекторское агентство Adal Kenes""";05.К.19.007;Жикебаев Алмас Сабырович;050062, г.Алматы, Ауэзовский район, мкр.Сайран, д.14;"87011313232; ka@adalkenes.kz; www.ka.adalkenes.kz";01.03.2019;27.11.2020;подпункт 5) пункта 1 статьи 9 Закона РК «О коллекторской деятельности»;Исключено
210140015986;"ТОО ""Коллекторское агентство B&B""";02.К.21.005;Абдрасилов Азамат Толеутаевич;050010, г.Алматы, Медеуский район, ул. Калдаякова, д. 35/23, офис 207;8-777-700-3050, bb-ca@mail.ru, bb-ca.kz;10.03.2021;14.12.2023;подпункт 8) пункта 1 статьи 9 Закона РК «О коллекторской деятельности»;Исключено
190140002284;"ТОО ""Коллекторское агентство Beta""";05.К.19.005;Есенов Ерлан Асанович;050000, г.Алматы, Медеуский район, ул.Айтеке би, д.55;"8 (727) 356-05-77; beta.ka@mail.ru; www.ka-beta.kz";21.02.2019;20.08.2021;подпункт 8) пункта 1 статьи 9 Закона РК «О коллекторской деятельности»;Исключено
221040007708;"ТОО ""Коллекторское агентство FinGarant""";02.K.22.018;Абитаева Аида Николаевна;050009, г. Алматы, Алмалинский район, проспект Абая, здание 151;+7756498848, fingarant.kz@mail.ru, https://fingarant.kz;30.12.2022;19.03.2024;подпункт 5) пункта 1 статьи 9 Закона РК «О коллекторской деятельности»;Исключено
190140002046;"ТОО ""Коллекторское агентство Micoll""";05.К.19.006;Есенов Ерлан Асанович;050000, г. Алматы, Медеуский район, улица Айтеке би, д. 55;"8 727 356 05 77 вн. 297; сот.тел:8-747-588-50-88; micoll19@mail.ru, www.ka-micoll.kz";28.02.2019;26.05.2022;подпункт 8) пункта 1 статьи 9 Закона РК «О коллекторской деятельности»;Исключено
180740029622;"ТОО ""Коллекторское агентство SKY""";58.К.18.023;Джарылкапова Фируза Молдахановна;Место нахождения: г.Шымкент, Аль-Фарабийский район, проспект Динмухамед Кунаев, здание 48, почтовый индекс 160000;тел. +7 701 981 21 33 collector_sky@mail.ru;01.10.2018;05.12.2019;подпункт 5) пункта 1 статьи 9 Закона РК «О коллекторской деятельности»;Исключено
180340015360;"ТОО ""Коллекторское агентство АйДи Инвест""";14.К.18.002;Жалмуратова Гульназира Пржановна;080012, Жамбылская область, г. Тараз, улица Казыбек би, дом 138;8 747 576 36 79, AiDi_collector@bk.ru;14.05.2018;15.07.2021;подпункт 5) пункта 1 статьи 9 Закона РК «О коллекторской деятельности»;Исключено
180540037656;"ТОО ""Коллекторское агентство Альтернатива""";58.К.18.013;Сембеков Б.М.;Место нахождение: г. Шымкент, Каратауский район, мкр. Азат, ул.Спатаева, дом 131 фактический адрес: г.Шымкент, Абайский район, ул.Желтоксан 20Б, каб 314;8-701-148-3777. ka_alternative@bk.ru;27.06.2018;03.03.2022;подпункт 8) пункта 1 статьи 9 Закона РК «О коллекторской деятельности»;Исключено
180140025529;"ТОО ""Коллекторское агентство Центр взысканий""";58.К.18.007;Саурукова Клара Ахатжапбаровна;"ЮКО, г.Шымкент, Абайский район, ул.Гагарина, д.52, кв.17; фактический адрес: ЮКО, Аль-Фарабийский район, ул.Толе би, офис 203";тел. +7 775 919 90 97 kacv2018@mail.ru, www.kacv.kz;10.04.2018;08.11.2019;подпункт 5) пункта 1 статьи 9 Закона РК «О коллекторской деятельности»;Исключено
180240020752;"ТОО ""Коллекторское агентство финансовой безопасности""";18.К.18.002;Маринич Д.И.;Карагандинская область, г. Караганда, район им. Казыбек би, ул. Ермекова, 11/2, офис 418;+7 (705) 162-52-54, kafb_krg@mail.ru;29.05.2018;11.03.2020;подпункт 8) пункта 1 статьи 9 Закона РК «О коллекторской деятельности»;Исключено
200240017667;"ТОО ""Первое коллекторское агентство""";02.К.20.003;Жанабаев Тимур Оразович;050040, г. Алматы, Медеуский район, ул. Жамакаева, д. 99;"8 (777) 233-33-36; nomad_union@mail.ru; www.nomadunion.kz";18.03.2020;26.10.2022;подпункт 8) пункта 1 статьи 9 Закона РК «О коллекторской деятельности»;Исключено
180440007472;"ТОО ""Финансовое коллекторское агентство""";58.К.18.012;Бермухамбетов Берик Ермекбаевич;г.Шымкент, Аль-Фарабийский район, ул.А.Байтурсынова, 10/2;тел.: 8 700 470 04 41, 8 775 185 30 86 Fin.kollektor@bk.ru;01.06.2018;05.07.2019;подпункт 8) пункта 1 статьи 9 Закона РК «О коллекторской деятельности»;Исключено
190640005534;"ТОО ""Центральное Коллекторское Агентство""";05.К.19.015;Иллахунов Алишер Махметжанович;050003, г. Алматы, Турксибский район, улица Рокотова, дом 5, кв. 2;"тел.: 8-747-709-01-25; info@center-collection.kz www.center-collection.kz";05.07.2019;09.10.2020;подпункт 8) пункта 1 статьи 9 Закона РК «О коллекторской деятельности»;Исключено
180240025275;"ТОО ""Юридическое и Коллекторское Агентство ""LAWPARTNERS""";53.К.18.004;Ахметов Рустам Бисатович;"г. Астана, район Алматы, ул. Иманова, д.18/2; фактический адрес: г. Астана, р-он Алматы, ул. Иманова, д.19, офис 903Е (БЦ «Деловой Дом «Алма-Ата»)";8(7172)787-320, lawpartners@gmail.com;21.05.2018;30.01.2019;подпункт 8) пункта 1 статьи 9 Закона РК «О коллекторской деятельности»;Исключено
190140026668;"ТОО ""коллекторское агентство ""Аскар Тау""";18.К.19.001;Кабыкенов Д.Т.;Карагандинская область, г. . Караганда, ул. Гоголя, дом №33/2, кв.76.;+7 (771) 015 97 34, +7 (701)752 95 73, e-mail: kabykenov.duman@bk.ru;10.04.2019;26.01.2021;подпункт 5) пункта 1 статьи 9 Закона РК «О коллекторской деятельности»;Исключено
