Название (реестр АРРФР);БИН;Категория;Полное название (гос. регистр);Юридический адрес;Руководитель;Примечание
ТОО «Микрофинансовая организация «Nomad Finance Solutions»;260440014195;МФО;ТОО МИКРОФИНАНСОВАЯ ОРГАНИЗАЦИЯ «NOMAD FINANCE SOLUTIONS»;Г.АСТАНА, РАЙОН ЕСИЛЬ, Проспект Улы Дала, дом 41/3, н.п. 12;ФИЛЯЕВА МАРИНА ВЛАДИМИРОВНА;
"ТОО ""Ломбард Gold Prime""";251140016588;Ломбард;"ТОО ""ЛОМБАРД GOLD PRIME""";Г.АЛМАТЫ, АЛМАЛИНСКИЙ РАЙОН, Проспект Райымбека, дом 212В;ЖАРЫЛГАПОВ ЖАЙНАТ АЙБАТУЛЛАЕВИЧ;
ТОО «Алем KZ ЛОМБАРД»;260340004273;МФО;"ТОО ""АЛЕМ KZ ЛОМБАРД""";ТУРКЕСТАНСКАЯ ОБЛАСТЬ, САРЫАГАШСКИЙ РАЙОН, КУРКЕЛЕССКИЙ С.О., С.АКНИЕТ, улица Абай, строение 33/1;АРИФХОДЖАЕВА РАНО АБДУКАДЫРҚЫЗЫ;
ТОО «Микрофинансовая организация «Sensata Finance»;260440004900;МФО;"ТОО ""МИКРОФИНАНСОВАЯ ОРГАНИЗАЦИЯ ""SENSATA FINANCE""";Г.АСТАНА, РАЙОН ЕСИЛЬ, улица Сарайшық, здание 34А;МЫРЗАХМЕТҚЫЗЫ АЙГЕРІМ;
ТОО «Микрофинансовая организация Regent Capital»;260340029615;МФО;"ТОО ""МИКРОФИНАНСОВАЯ ОРГАНИЗАЦИЯ REGENT CAPITAL""";Г.АЛМАТЫ, БОСТАНДЫКСКИЙ РАЙОН, Проспект Аль-Фараби, дом 17, н.п. 6в;КЕҢЕСОВА ҒАЗИЗА ҚАНАТҚЫЗЫ;
ТОО «Ломбард Актау Тұлпар»;260240001364;Ломбард;"ТОО ""ЛОМБАРД АҚТАУ ТҰЛПАР""";МАНГИСТАУСКАЯ ОБЛАСТЬ, АКТАУ Г.А., Г.АКТАУ, Микрорайон 30, здание 170;АДАЙҚЫЗЫ ЖАННА;
"ТОО «Grigoryev&nbsp;Lombard»";160140019362;МФО;"ТОО ""GRIGORYEV LOMBARD""";АКМОЛИНСКАЯ ОБЛАСТЬ, ШОРТАНДИНСКИЙ РАЙОН, ШОРТАНДИНСКАЯ П.А., П.ШОРТАНДЫ, улица 30 лет Победы, дом 44;ГРИГОРЬЕВ АЛЕКСЕЙ АЛЕКСЕЕВИЧ;
"ТОО ""МФО Alatau Finance""";260340003146;МФО;"ТОО ""МИКРОФИНАНСОВАЯ ОРГАНИЗАЦИЯ ""ALATAU FINANCE""";Г.АЛМАТЫ, БОСТАНДЫКСКИЙ РАЙОН, улица Тимирязева, дом 28В;ОКИМБАЕВ НУРЖАН ЕРКЕНОВИЧ;
"ТОО ""Микрофинансовая организация BASTAU Leasing""";191140024337;МФО;"ТОО ""МИКРОФИНАНСОВАЯ ОРГАНИЗАЦИЯ BASTAU LEASING""";Г.ШЫМКЕНТ, РАЙОН ТУРАН, Проспект Б.Момышулы, здание 23/1;ӘДЕПХАН АБЫЛАЙ ҚАҢЛЫБАЙҰЛЫ;
ТОО «Кредитное товарищество «RIKI»;250840026260;Кредитное товарищество;"ТОО ""КРЕДИТНОЕ ТОВАРИЩЕСТВО ""RIKI""";Г.АСТАНА, РАЙОН БАЙҚОҢЫР, Шоссе Алаш, здание 20А;РАХМЕТОВ РУСТАМ БАГЛАНОВИЧ;
«ТОО Ломбард «Кредит маркет»;260240009736;Ломбард;"ТОО ""ЛОМБАРД ""КРЕДИТ МАРКЕТ""";МАНГИСТАУСКАЯ ОБЛАСТЬ, АКТАУ Г.А., Г.АКТАУ, Промышленная зона 3, здание 26;БАТАЛОВ МИХАИЛ ЕВГЕНЬЕВИЧ;
ТОО «Ломбард Пана»;251240022437;Ломбард;"ТОО ""ЛОМБАРД ПАНА""";КАРАГАНДИНСКАЯ ОБЛАСТЬ, КАРАГАНДА Г.А., Г.КАРАГАНДА, Р.А. ИМ. КАЗЫБЕК БИ, РАЙОН ИМ.КАЗЫБЕК БИ, Микрорайон Кунгей, улица Жакана Смакова, дом 21;АРКЕНОВ ДАУРЕН КУАНЫШОВИЧ;
ТОО «Микрофинансовая организация Alliance Finance»;251240006742;МФО;"ТОО ""МИКРОФИНАНСОВАЯ ОРГАНИЗАЦИЯ ALLIANCE FINANCE""";Г.АЛМАТЫ, БОСТАНДЫКСКИЙ РАЙОН, улица Розыбакиева, дом 279, кв. 80;МЫРЗАЛИНОВ БАУЫРЖАН КАЙРУЛЛАУЛЫ;
ТОО «Микрофинансовая организация MEGA»;260240010650;МФО;"ТОО ""МИКРОФИНАНСОВАЯ ОРГАНИЗАЦИЯ MEGA""";Г.АЛМАТЫ, НАУРЫЗБАЙСКИЙ РАЙОН, Потребительский кооператив Садоводческое товарищество Сельхозработник V, дом 2;ЗЕЙНОЛЛА ЖАНАТ;
ТОО «LEO ЛОМБАРД KZ»;251140011468;МФО;"ТОО ""LEO ЛОМБАРД KZ""";ПАВЛОДАРСКАЯ ОБЛАСТЬ, ПАВЛОДАР Г.А., Г.ПАВЛОДАР, улица Қабдеш Нұркин, дом 46/1, кв. 55;АЛИЕВ КАМРАН ЭЛЬДАНИЗ ОГЛУ;
ТОО «TEZ-Ломбард»;251140006154;Ломбард;"ТОО ""TEZ-ЛОМБАРД""";Г.АЛМАТЫ, АЛМАЛИНСКИЙ РАЙОН, Проспект Жибек жолы, дом 135, н.п. 5р;ТАСТАНБЕКОВ ТОЛЕГЕН ТОРЕБЕКОВИЧ;
ТОО «Керемет Ломбард»;251140011854;Ломбард;"ТОО ""КЕРЕМЕТ ЛОМБАРД""";КОСТАНАЙСКАЯ ОБЛАСТЬ, АУЛИЕКОЛЬСКИЙ РАЙОН, АУЛИЕКОЛЬСКИЙ С.О., С.АУЛИЕКОЛЬ, улица имени Саржетім Қарабалуан батыра, дом 24, кв. 7;КОВАЛЕНКО ТАТЬЯНА ВИКТОРОВНА;
ТОО «iKomek Ломбард»;250740027057;Ломбард;"ТОО ""IKOMEK ЛОМБАРД""";Г.АЛМАТЫ, БОСТАНДЫКСКИЙ РАЙОН, Проспект Абая, дом 44А;АИМБЕТОВ НУРЖАН ДУСЕНОВИЧ;
ТОО «Кредитное товарищество «Jaiyq Agro Invest»;240940029118;Кредитное товарищество;"ТОО ""КРЕДИТНОЕ ТОВАРИЩЕСТВО ""JAIYQ AGRO INVEST""";ЗАПАДНО-КАЗАХСТАНСКАЯ ОБЛАСТЬ, УРАЛЬСК Г.А., Г.УРАЛЬСК, улица Сарайшык, дом 79/1, н.п. 1;ХАМЗИН НУРЛЫБЕК ДЖУСУПОВИЧ;
ТОО «КАА-Ломбард»;250840027556;Ломбард;"ТОО ""КАА-ЛОМБАРД""";Г.АСТАНА, РАЙОН НҰРА, улица Е 900, дом 4, кв. 69;ТУРГЫНБЕКОВ МУХТАР АМАНБЕКУЛЫ;
"ТОО ""Микрофинансовая организация ""EasyCar""";180840024070;МФО;"ТОО ""МИКРОФИНАНСОВАЯ ОРГАНИЗАЦИЯ ""EASYCAR""";АЛМАТИНСКАЯ ОБЛАСТЬ, ТАЛГАРСКИЙ РАЙОН, БЕСАГАШСКИЙ С.О., С.БЕСАГАШ, улица Райымбек Батыр, здание 165;АЛИМБАЕВ БАКЫТЖАН АИЕНБЕКОВИЧ;
"ТОО ""МФО Бихайв Финанс""";250940000469;МФО;"ТОО ""МИКРОФИНАНСОВАЯ ОРГАНИЗАЦИЯ БИХАЙВ ФИНАНС""";Г.АЛМАТЫ, НАУРЫЗБАЙСКИЙ РАЙОН, Потребительский кооператив Садоводческое товарищество Сельхозработник V, дом 2;ДЖОЛТАЕВ БЕРДИЯР ТАЛГАТОВИЧ;
ТОО «Ломбард ЖАЙЫҚ»;250240024222;Ломбард;"ТОО ""ЛОМБАРД ЖАЙЫҚ""";АТЫРАУСКАЯ ОБЛАСТЬ, АТЫРАУ Г.А., Г.АТЫРАУ, Микрорайон Лесхоз, дом 10, кв. 17;СУЛТАНОВ САМАТ МАКСУТОВИЧ;
"ТОО ""МФО CapitalCredit""";250540004249;МФО;"ТОО ""МИКРОФИНАНСОВАЯ ОРГАНИЗАЦИЯ CAPITALCREDIT""";Г.АЛМАТЫ, АЛМАЛИНСКИЙ РАЙОН, улица Байзакова, здание 125, н.п. 2;МАШАНЛО СЕРГЕЙ ГЕННАДЬЕВИЧ;
ТОО «Микрофинансовая организация «SurfKaz Finance»;250340025650;МФО;"ТОО ""МИКРОФИНАНСОВАЯ ОРГАНИЗАЦИЯ ""SURFKAZ FINANCE""";Г.АЛМАТЫ, АЛМАЛИНСКИЙ РАЙОН, улица Шевченко, дом 90, н.п. 94;У ЯНЬАНЬ;
ТОО «Микрофинансовая организация «КредитФлоу»;241240018040;МФО;"ТОО ""МИКРОФИНАНСОВАЯ ОРГАНИЗАЦИЯ ""КРЕДИТФЛОУ""";Г.АЛМАТЫ, МЕДЕУСКИЙ РАЙОН, Проспект Нұрсұлтан Назарбаев, дом 248, н.п. 326;КОНДРАТЬЕВ КИРИЛЛ РОМАНОВИЧ;
"ТОО ""LC LOMBARD"" (ЭлСи ЛОМБАРД)";250140019522;МФО;"ТОО ""LC LOMBARD"" (ЭЛСИ ЛОМБАРД)";Г.АЛМАТЫ, АЛМАЛИНСКИЙ РАЙОН, Проспект Нұрсұлтан Назарбаев, дом 25, н.п. 65;ДЖОН СОКМИН;
ТОО «Микрофинансовая организация «Умит Финанс»;250240019385;МФО;"ТОО ""МИКРОФИНАНСОВАЯ ОРГАНИЗАЦИЯ УМИТ ФИНАНС""";Г.АЛМАТЫ, МЕДЕУСКИЙ РАЙОН, Проспект Достык, дом 210Б;ТУЛЕБАЕВ НУРЖАН ЯШАРОВИЧ;
ТОО «Микрофинансовая организация «Zaymi.kz»;241040032990;МФО;"ТОО ""МФО «ZAYMI.KZ""";Г.АЛМАТЫ, БОСТАНДЫКСКИЙ РАЙОН, улица Байсеитовой, дом 49, н.п. 78;ТӨЛЕГЕНОВА АЙДАНА ДОСМҰХАНБЕТҚЫЗЫ;
ТОО «Микрофинансовая организация «М Булак»;241240010342;МФО;"ТОО ""МИКРОФИНАНСОВАЯ ОРГАНИЗАЦИЯ М БУЛАК""";Г.АЛМАТЫ, АЛМАЛИНСКИЙ РАЙОН, улица Гоголя, дом 86;ДЖУМАБЕКОВА БАКТЫГУЛЬ;
"ТОО ""МФО Jet Деньги""";241140012988;МФО;"ТОО ""«МИКРОФИНАНСОВАЯ ОРГАНИЗАЦИЯ «JET ДЕНЬГИ»""";Г.АЛМАТЫ, АУЭЗОВСКИЙ РАЙОН, Микрорайон Таугуль-2, дом 37, кв. 21;ДУЛАТОВА АЛЬБИНА ДУЛАТОВНА;
ТОО «Микрофинансовая организация «Finfix»;230640002679;МФО;"ТОО ""МИКРОФИНАНСОВАЯ ОРГАНИЗАЦИЯ ""FINFIX""";Г.АЛМАТЫ, АУЭЗОВСКИЙ РАЙОН, Микрорайон 1, дом 73Б;МЫРЗАХМЕТҚЫЗЫ АЙГЕРІМ;
"ТОО ""Ломбард neo""";241040033136;Ломбард;"ТОО ""ЛОМБАРД NEO""";ПАВЛОДАРСКАЯ ОБЛАСТЬ, ПАВЛОДАР Г.А., Г.ПАВЛОДАР, улица Лермонтова, дом 45, н.п. 33;НИКОЛАЕВА СВЕТЛАНА СЕРГЕЕВНА;
ТОО «Микрофинансовая организация «Microcash»;241040000675;МФО;"ТОО ""МИКРОФИНАНСОВАЯ ОРГАНИЗАЦИЯ ""MICROCASH""";Г.АЛМАТЫ, БОСТАНДЫКСКИЙ РАЙОН, Проспект Аль-Фараби, дом 7, кв. 19;ХАНАФИЕВА МАДИНА РИНАТОВНА;
ТОО «Микрофинансовая организация «EL QAZYNA»;241140025991;МФО;"ТОО ""МИКРОФИНАНСОВАЯ ОРГАНИЗАЦИЯ ""EL QAZYNA""";Г.АСТАНА, РАЙОН САРАЙШЫҚ, улица Жұмекен Нәжімеденов, дом 16Б, н.п. 8;ШОПАН МИРЛАН ДАНИЯРҰЛЫ;
ТОО «Микрофинансовая организация «SANA»;241240035704;МФО;"ТОО ""«МИКРОФИНАНСОВАЯ ОРГАНИЗАЦИЯ «SANA»""";Г.АЛМАТЫ, БОСТАНДЫКСКИЙ РАЙОН, Проспект Аль-Фараби, дом 17;МУХАМЕТРАХИМОВ УРАЛ МУХАМЕТАЛИМОВИЧ;
ТОО «Микрофинансовая организация «Satcredit.kz»;2409400008155;МФО;;;;ошибка при сборе: HTTP Error 404: Not Found
ТОО «Кредитное товарищество «ALATAUCREDIT PRO»;240340018517;Кредитное товарищество;"ТОО ""КРЕДИТНОЕ ТОВАРИЩЕСТВО ""ALATAUCREDIT PRO""";Г.АЛМАТЫ, НАУРЫЗБАЙСКИЙ РАЙОН, Микрорайон Таусамалы, улица С Жандосов, дом 54;КАБДУЛШАРИПОВ ЕРКЕБУЛАН БОЛАТОВИЧ;
"ТОО ""АВТОломбард Жана Кредит""";240340006216;Ломбард;"ТОО ""АВТОЛОМБАРД ЖАНА КРЕДИТ""";Г.АЛМАТЫ, БОСТАНДЫКСКИЙ РАЙОН, улица Маркова, дом 46, кв. 5;КАЙРМАГАМБЕТОВ БОЛАТ МУСИРАЛИЕВИЧ;
"ТОО ""Каспиан кредит Ломбард""";240840023571;Ломбард;"ТОО ""КАСПИАН КРЕДИТ ЛОМБАРД""";Г.АЛМАТЫ, МЕДЕУСКИЙ РАЙОН, улица Макатаева, дом 53, н.п. 1;ЖҰМАҒҰЛ АСХАТ ЖАҚИЯҰЛЫ;
ТОО «Микрофинансовая организация «AlaFin»;240740022728;МФО;"ТОО ""МИКРОФИНАНСОВАЯ ОРГАНИЗАЦИЯ ALAFIN""";Г.АЛМАТЫ, МЕДЕУСКИЙ РАЙОН, улица Богенбай батыра, дом 80;КАПРОВСКИЙ СЕРГЕЙ;
"ТОО ""МФО ECKZ""";240440040557;МФО;"ТОО ""МФО ECKZ""";Г.АЛМАТЫ, БОСТАНДЫКСКИЙ РАЙОН, улица Еділ Ерғожин, здание 27;ЖАРЫЛКАП АБАЙ МАРАТҰЛЫ;
"ТОО ""Кредитное товарищество «ADAM Finance»";230940020628;Кредитное товарищество;"ТОО ""КРЕДИТНОЕ ТОВАРИЩЕСТВО ""ADAM FINANCE""";Г.АСТАНА, РАЙОН ЕСИЛЬ, улица Сауран, дом 20;БИМОЛДИН ДИДАР ЕРЛАНОВИЧ;
ТОО «Микрофинансовая организация «Бизнес займ»;240640009707;МФО;"ТОО ""МИКРОФИНАНСОВАЯ ОРГАНИЗАЦИЯ ""БИЗНЕС ЗАЙМ""";Г.АЛМАТЫ, МЕДЕУСКИЙ РАЙОН, улица Тулебаева, дом 38/61;КАЛИЕВ ЖАНТАС ЕРИКОВИЧ;
"ТОО ""Микрофинансовая организация ""BI Finance""";240640002640;МФО;ТОО «МФО «BI FINANCE»;Г.АСТАНА, РАЙОН НҰРА, улица Сығанақ, здание 42;ОНГАРБАЕВ НУРЛАН ЕРЖАНОВИЧ;
"ТОО ""TEHNO ALTYN Ломбард""";170740029908;Ломбард;"ТОО ""TEHNO ALTYN ЛОМБАРД""";Г.АЛМАТЫ, БОСТАНДЫКСКИЙ РАЙОН, улица Сатпаева, дом 30/1, н.п. 79;СВАНОВА АСЕМ ТОЛЕПБЕРГЕНОВНА;
ТОО «Часовой Ломбард»;240540020378;Ломбард;"ТОО ""ЧАСОВОЙ ЛОМБАРД""";Г.АЛМАТЫ, МЕДЕУСКИЙ РАЙОН, улица Тулебаева, дом 114А;ХОДАКОВ АНДРЕЙ АЛЕКСАНДРОВИЧ;
ТОО «Микрофинансовая организация «Lender»;240440031369;МФО;"ТОО ""МИКРОФИНАНСОВАЯ ОРГАНИЗАЦИЯ ""LENDER""";АКТЮБИНСКАЯ ОБЛАСТЬ, АКТОБЕ Г.А., Г.АКТОБЕ, РАЙОН АСТАНА , Проспект Алии Молдагуловой, дом 50В, н.п. 5;АБАЕВА ДИНАРА АЗАМАТОВНА;
ТОО «Микрофинансовая организация «Fast credit»;240440033920;МФО;"ТОО ""МИКРОФИНАНСОВАЯ ОРГАНИЗАЦИЯ FAST CREDIT""";Г.АЛМАТЫ, МЕДЕУСКИЙ РАЙОН, Проспект Жибек жолы, дом 50;АСАУБАЕВ АСКАР ДЕМЕНГАЛИЕВИЧ;
ТОО «Микрофинансовая организация «InvesCore Finance»;231040033075;МФО;"ТОО ""МФО INVESCORE FINANCE""";Г.АЛМАТЫ, АЛМАЛИНСКИЙ РАЙОН, улица Толе би, дом 185;ЖАНАЕВ СЕРИК САБИРОВИЧ;
ТОО «Микрофинансовая организация «BeeClever»;240240002001;МФО;"ТОО ""МИКРОФИНАНСОВАЯ ОРГАНИЗАЦИЯ ""BEECLEVER""";АЛМАТИНСКАЯ ОБЛАСТЬ, ҚОНАЕВ Г.А., Г.ҚОНАЕВ, Микрорайон 2, строение 19, н.п. 1;БАЙМУХАНБЕТОВ МАУЛЕН ЕРМЕКОВИЧ;
ТОО «Кредитное товарищество «Астана»;240340024175;Кредитное товарищество;"ТОО ""«КРЕДИТНОЕ ТОВАРИЩЕСТВО «АСТАНА»""";Г.АСТАНА, РАЙОН АЛМАТЫ, Проспект Тәуелсіздік, здание 13;ЕМ ЮЛИЯ ВИКТОРОВНА;
ТОО «Микрофинансовая организация «SwF»;240240008398;МФО;"ТОО ""МИКРОФИНАНСОВАЯ ОРГАНИЗАЦИЯ ""SWF""";Г.АЛМАТЫ, БОСТАНДЫКСКИЙ РАЙОН, Проспект Аль-Фараби, дом 9, н.п. 464;ТАЛҒАТҚЫЗЫ НАЗЫМ;
ТОО «Kapital Avtolombard»;240140005316;МФО;"ТОО ""KAPITAL AVTOLOMBARD""";Г.АСТАНА, РАЙОН АЛМАТЫ, Проспект Бауыржан Момышұлы, дом 4, н.п. 57;ЖАМАНОВА АЙДАНА ЖЕКСЕНБАЕВНА;
ТОО «Микрофинансовая организация «Экспресс займ»;150740011822;МФО;"ТОО ""МИКРОФИНАНСОВАЯ ОРГАНИЗАЦИЯ ""ЭКСПРЕСС ЗАЙМ""";КАРАГАНДИНСКАЯ ОБЛАСТЬ, КАРАГАНДА Г.А., Г.КАРАГАНДА, Р.А. ИМ. КАЗЫБЕК БИ, РАЙОН ИМ.КАЗЫБЕК БИ, Микрорайон Степной-2, дом 6/2;КУРМАНГАЛИЕВА ДИНА МУРАТОВНА;
ТОО «Микрофинансовая организация «Taj Finance»;231140026224;МФО;"ТОО МИКРОФИНАНСОВАЯ ОРГАНИЗАЦИЯ ""TAJ FINANCE""";Г.АЛМАТЫ, МЕДЕУСКИЙ РАЙОН, улица Чаплина, дом 71/66;ЖАО ЫИЖУ;
ТОО «Микрофинансовая организация «Qomeq finance»;231140028528;МФО;"ТОО ""МИКРОФИНАНСОВАЯ ОРГАНИЗАЦИЯ QOMEQ FINANCE""";МАНГИСТАУСКАЯ ОБЛАСТЬ, АКТАУ Г.А., Г.АКТАУ, Микрорайон 18А, дом 1, н.п. 1;ВОЛОБУЕВ ЕВГЕНИЙ ОЛЕГОВИЧ;
"ТОО ""Ломбард Veru""";240140026947;Ломбард;"ТОО ""ЛОМБАРД VERU""";ПАВЛОДАРСКАЯ ОБЛАСТЬ, ПАВЛОДАР Г.А., Г.ПАВЛОДАР, улица Кудайбергена Сураганова, строение 19;ДОРОШЕНКО ИРИНА КОНСТАНТИНОВНА;
"ТОО ""Кредитное товарищество «AST AGROCREDIT»";231040037800;Кредитное товарищество;"ТОО ""КРЕДИТНОЕ ТОВАРИЩЕСТВО"" ""AST AGROCREDIT""";Г.АСТАНА, РАЙОН АЛМАТЫ, Проспект Мағжан Жұмабаев, дом 18, н.п. 4;ШАПОВАЛОВА НАДЕЖДА ГЕННАДЬЕВНА;
«Бухта» Микроқаржы ұйымы» ЖШС;230340027881;МФО;"ТОО ""МИКРОФИНАНСОВАЯ ОРГАНИЗАЦИЯ ""БУХТА""";Г.АЛМАТЫ, БОСТАНДЫКСКИЙ РАЙОН, Микрорайон Керемет, дом 3/1;НУРПЕИСОВ АСЕТ КАНАТОВИЧ;
ТОО «Ломбард «NURSAT 159»;231040005802;Ломбард;"ТОО ""ЛОМБАРД NURSAT 159""";КАРАГАНДИНСКАЯ ОБЛАСТЬ, БАЛХАШ Г.А., Г.БАЛХАШ, улица Абай, дом 38, кв. 17;САГЫНБЕКОВ БАУЫРЖАН ЖАНАРБЕКОВИЧ;
"ТОО ""Микрофинансовая организация ""Кредит Каз Лайн""";231040040216;МФО;"ТОО ""МИКРОФИНАНСОВАЯ ОРГАНИЗАЦИЯ ""КРЕДИТ КАЗ ЛАЙН""";КАРАГАНДИНСКАЯ ОБЛАСТЬ, КАРАГАНДА Г.А., Г.КАРАГАНДА, Р.А. ИМ. КАЗЫБЕК БИ, РАЙОН ИМ.КАЗЫБЕК БИ, улица Жамбыла, строение 47/1;ЕСПАЕВА ГҮЛФАЙРУЗ АМАНБАЙҚЫЗЫ;
ТОО «ЫРЫС GOLD LOMBARD»;191240021900;МФО;"ТОО ""ЫРЫС GOLD LOMBARD""";АЛМАТИНСКАЯ ОБЛАСТЬ, КАРАСАЙСКИЙ РАЙОН, ИРГЕЛИНСКИЙ С.О., С.ИРГЕЛИ, квартал КВАРТАЛ 7, дом 74;ЖАКСЫЛЫКОВ ТАЛГАТ АЯЗБАЕВИЧ;
ТОО «Микрофинансовая организация «Teniz Capital Microfinance»;230740005667;МФО;"ТОО ""МФО TENIZ CAPITAL MICROFINANCE""";Г.АЛМАТЫ, БОСТАНДЫКСКИЙ РАЙОН, Проспект Аль-Фараби, дом 9, н.п. 464;ҚОЖАХМЕТОВ ШЫҢҒЫС САМАТҰЛЫ;
ТОО «Кредитное товарищество «СК АГРО Инвест»;230740005697;Кредитное товарищество;"ТОО ""КРЕДИТНОЕ ТОВАРИЩЕСТВО ""СК АГРО ИНВЕСТ""";СЕВЕРО-КАЗАХСТАНСКАЯ ОБЛАСТЬ, ПЕТРОПАВЛОВСК Г.А., Г.ПЕТРОПАВЛОВСК, улица Имени Григория Потанина, дом 86;ГАББАСОВ НУРЛАН КАРАТАЕВИЧ;
ТОО «Микрофинансовая организация «Keremet aqsha»;231040013932;МФО;"ТОО ""МИКРОФИНАНСОВАЯ ОРГАНИЗАЦИЯ ""KEREMET AQSHA""";Г.АЛМАТЫ, МЕДЕУСКИЙ РАЙОН, улица Жамакаева, дом 151А;ТУРГУМБАЕВА АИДА ТИМУРОВНА;
Товарищество с ограниченной ответственностью «Микрофинансовая организация «ASM Finance»;230840022383;МФО;"ТОО ""МИКРОФИНАНСОВАЯ ОРГАНИЗАЦИЯ ""ASM FINANCE""";Г.ШЫМКЕНТ, РАЙОН ТУРАН, Микрорайон Наурыз, дом 350;ОРДАБАЕВ НУРЛАН ДЖУМАХАНОВИЧ;
ТОО Кредитное товарищество «Амангельды-финанс»;071040021176;Кредитное товарищество;"ТОО ""КРЕДИТНОЕ ТОВАРИЩЕСТВО ""АМАНГЕЛЬДЫ-ФИНАНС""";КОСТАНАЙСКАЯ ОБЛАСТЬ, АМАНГЕЛЬДИНСКИЙ РАЙОН, АМАНГЕЛЬДИНСКИЙ С.О., С.АМАНКЕЛЬДЫ, улица Б Майлин, дом 46, кв. 4;КНЯЗОВ ДАЙЫРЖАН СЕРИКОВИЧ;
"ТОО ""Бәйтерек Ломбард""";221140052737;Ломбард;"ТОО ""БӘЙТЕРЕК ЛОМБАРД""";Г.АЛМАТЫ, АЛМАЛИНСКИЙ РАЙОН, улица Толе би, дом 286/4;ТАШМУХАММЕТОВ ДИЯС ЕСТАЙҰЛЫ;
ТОО «Микрофинансовая организация «Tulpar Credit»;230140038826;МФО;"ТОО ""МИКРОФИНАНСОВАЯ ОРГАНИЗАЦИЯ ""TULPAR CREDIT""";Г.АЛМАТЫ, МЕДЕУСКИЙ РАЙОН, Проспект Нұрсұлтан Назарбаев, дом 240Г;ТЕМИРГАЛИЕВ РУСТЕМ ТАКЕНОВИЧ;
"ТОО ""Микрофинансовая организация Astana-finanse-holding""";210840007089;МФО;"ТОО ""МИКРОФИНАНСОВАЯ ОРГАНИЗАЦИЯ ASTANA-FINANCE-HOLDING""";Г.АСТАНА, РАЙОН АЛМАТЫ, Жилой массив Юго-Восток (правая сторона), улица Айнакөл, дом 60, н.п. 9;ОВЧИННИКОВА ЕЛЕНА АНАТОЛЬЕВНА;
ТОО «Микрофинансовая организация «TodayFinance Kazakhstan» (ТудейФинанс Казахстан);210840019151;МФО;"ТОО ""МИКРОФИНАНСОВАЯ ОРГАНИЗАЦИЯ ""TODAYFINANCE KAZAKHSTAN"" (ТУДЕЙФАЙНЭНС КАЗАХСТАН)";ПАВЛОДАРСКАЯ ОБЛАСТЬ, ПАВЛОДАР Г.А., Г.ПАВЛОДАР, улица Михаила Исиналиева, дом 1;ҚАЙЫРГЕЛДІ ДАНА ЕРМЕКҚЫЗЫ;
ТОО «Кредитное товарищество «Шу»;050340002124;Кредитное товарищество;"ТОО ""КРЕДИТНОЕ ТОВАРИЩЕСТВО ШУ""";ЖАМБЫЛСКАЯ ОБЛАСТЬ, ШУСКИЙ РАЙОН, ТОЛЕБИЙСКИЙ С.О., С.ТОЛЕ БИ, улица Саду Шакирова, дом 227;АЙТКОЖАЕВ ЕРЖАН ЕРИКОВИЧ;
"Товарищество с ограниченной ответственностью ""Карат Ломбард""";220740042957;Ломбард;"ТОО ""КАРАТ ЛОМБАРД""";Г.АСТАНА, РАЙОН АЛМАТЫ, Проспект Бауыржан Момышұлы, дом 4, н.п. 12;МУХАНОВА НУРИЛА ЖАНАТОВНА;
ТОО «Микрофинансовая организация «Moneyplus»;230440019359;МФО;"ТОО ""МИКРОФИНАНСОВАЯ ОРГАНИЗАЦИЯ ""MONEYPLUS""";Г.АЛМАТЫ, БОСТАНДЫКСКИЙ РАЙОН, улица Жандосова, дом 2;УАЛИЕВ АСЛАН ЕРБУЛАТОВИЧ;
ТОО «Микрофинансовая организация «Top Credit»;230440029079;МФО;"ТОО ""МИКРОФИНАНСОВАЯ ОРГАНИЗАЦИЯ ""TOP CREDIT""";Г.АСТАНА, РАЙОН САРЫАРКА, Проспект Сарыарқа, дом 11, н.п. 23;УСЕНБЕКОВ БЕЙСЕНБАЙ АСКАРУЛЫ;
"ТОО ""Отбасы Ломбард""";230540007071;Ломбард;"ТОО ""ОТБАСЫ ЛОМБАРД""";Г.АЛМАТЫ, МЕДЕУСКИЙ РАЙОН, улица Чаплина, дом 44;УРАЗАЕВА ГАЛИЯ НАИЛЬЕВНА;
"ТОО ""Ломбард ""Nursezim gold""";230540012296;Ломбард;"ТОО ""ЛОМБАРД"" NURSEZIM GOLD""";ТУРКЕСТАНСКАЯ ОБЛАСТЬ, ОРДАБАСЫНСКИЙ РАЙОН, КАЖЫМУКАНСКИЙ С.О., С.ТЕМИРЛАНОВКА, улица Кажымукан, здание 156;ОРДАБЕКОВА ПЕРИЗАТ МЕЛДЕБЕКОВНА;
"ТОО ""MK PREMIUM LOMBARD""";230540035196;МФО;"ТОО ""MK PREMIUM LOMBARD""";ТУРКЕСТАНСКАЯ ОБЛАСТЬ, КЕНТАУ Г.А., Г.КЕНТАУ, Проспект Ахмета Ясави, дом 95;МАЖЕНОВА САОДАТ МУХИТДИНОВНА;
ТОО «Микрофинансовая организация «CASHDRIVE.KZ»;230440024563;МФО;"ТОО ""МИКРОФИНАНСОВАЯ ОРГАНИЗАЦИЯ ""CASHDRIVE.KZ""";Г.АЛМАТЫ, АЛМАЛИНСКИЙ РАЙОН, улица Богенбай батыра, дом 156;РАХИМБЕКОВА ЖАУХАР САПАРОВНА;
ТОО «AIS Ломбард Несие»;220940036038;Ломбард;"ТОО ""AIS ЛОМБАРД НЕСИЕ""";ТУРКЕСТАНСКАЯ ОБЛАСТЬ, САРЫАГАШСКИЙ РАЙОН, КУРКЕЛЕССКИЙ С.О., С.АКНИЕТ, улица Абай, строение 33/1;ОРАЗОВА МАДИНА БАХАДУРОВНА;
Товарищество с ограниченной ответственностью «МФО «Finance»;230440034392;МФО;"ТОО ""МФО ""FINANCE""";Г.АСТАНА, РАЙОН БАЙҚОҢЫР, улица Сәкен Сейфуллин, дом 35, н.п. 1;ЖУМАБЕКОВ ЕРСАИН МУХАМЕДХАЛИЕВИЧ;
ТОО «Микрофинансовая организация «Жылдам Несие»;230240010477;МФО;ТОО «МИКРОФИНАНСОВАЯ ОРГАНИЗАЦИЯ «ЖЫЛДАМ НЕСИЕ»;КАРАГАНДИНСКАЯ ОБЛАСТЬ, КАРАГАНДА Г.А., Г.КАРАГАНДА, Р.А. ИМ. КАЗЫБЕК БИ, РАЙОН ИМ.КАЗЫБЕК БИ, Микрорайон Степной-2, дом 6/2;ИЛЬЯСОВА РОЗА АХМЕТКАЛИЕВНА;
ТОО «Микрофинансовая организация «Қазына»;230440020560;МФО;"ТОО ""МИКРОФИНАНСОВАЯ ОРГАНИЗАЦИЯ ""ҚАЗЫНА""";КОСТАНАЙСКАЯ ОБЛАСТЬ, КОСТАНАЙ Г.А., Г.КОСТАНАЙ, Проспект Аль-Фараби, дом 65;ЖУСУПОВ ЖЕНИС АЛИМЖАНОВИЧ;
ТОО «МФО Dem finance»;230440024127;МФО;"ТОО ""МФО DEM FINANCE""";Г.АЛМАТЫ, БОСТАНДЫКСКИЙ РАЙОН, улица Сатпаева, дом 35А, н.п. 44;ІЛИЯС ДИМАР ЖАРАСҰЛЫ;
Товарищество с ограниченной ответственностью «МФО «Анар Финанс»;221140032980;МФО;"ТОО """"МФО"" АНАР ФИНАНС""""";Г.ШЫМКЕНТ, АБАЙСКИЙ РАЙОН, улица Мангельдина, здание 284;МАХКАМОВ РУФАТ РИХСИВАЕВИЧ;
ТОО “Ломбард First.kz”;221240007438;Ломбард;"ТОО ""ЛОМБАРД FIRST.KZ""";КАРАГАНДИНСКАЯ ОБЛАСТЬ, КАРАГАНДА Г.А., Г.КАРАГАНДА, Р.А. ИМ. КАЗЫБЕК БИ, РАЙОН ИМ.КАЗЫБЕК БИ, Проспект Нұрсұлтан Назарбаев, строение 16;КОЛМОГОРОВ ВАЛЕРИЙ ГЕОРГИЕВИЧ;
ТОО “Ломбард Сандық”;230440017540;Ломбард;"ТОО ""ЛОМБАРД САНДЫҚ""";КАРАГАНДИНСКАЯ ОБЛАСТЬ, КАРАГАНДА Г.А., Г.КАРАГАНДА, Р.А. ИМ. КАЗЫБЕК БИ, РАЙОН ИМ.КАЗЫБЕК БИ, Проспект Бухар Жырау, строение 57/1;ЖАМАНТАЕВА АЛТЫНАЙ АМАНГЕЛЬДЫКЫЗЫ;
Товарищество с ограниченной ответственностью «Авангард №1 Ломбард»;221040027356;Ломбард;"ТОО ""АВАНГАРД №1 ЛОМБАРД""";Г.ШЫМКЕНТ, АЛЬ-ФАРАБИЙСКИЙ РАЙОН, улица 1-й Коксай, дом 471;ЖЫЛКЫБАЕВА ДАНА САПАРГАЛЫҚЫЗЫ;
"ТОО ""МФО ""CreditNova""";151140014481;МФО;"ТОО ""МФО CREDITNOVA""";АЛМАТИНСКАЯ ОБЛАСТЬ, ИЛИЙСКИЙ РАЙОН, С.О.АСҚАР ТОҚПАНОВ, С.АСҚАР ТОҚПАНОВ, улица Қ.Байқадамқызы, дом 71, кв. 2;АМИНОВА АЙГАНЫМ БАГЛАНОВНА;
"Товарищество с ограниченной ответственностью "" МФО «Successful Finance""";230340042578;МФО;"ТОО ""МФО SUCCESSFUL FINANCE""";Г.АСТАНА, РАЙОН ЕСИЛЬ, улица Керей, Жәнібек хандар, здание 18, н.п. 1;АБЕЛЬДИНОВ НУРЛАН ХАМИТОВИЧ;
"ТОО «МФО&nbsp;Капитал»";230340042904;МФО;"ТОО ""МФО КАПИТАЛ""";Г.АСТАНА, РАЙОН АЛМАТЫ, Проспект Шәкәрім Құдайбердіұлы, дом 33, кв. 328;АГЗАМ АЙНУР НУРБОЛОВНА;
"ТОО ""МФО ""Q4 FINANCE""";230340042835;МФО;"ТОО ""МФО Q4 FINANCE""";АЛМАТИНСКАЯ ОБЛАСТЬ, ТАЛГАРСКИЙ РАЙОН, БЕСАГАШСКИЙ С.О., С.БЕСАГАШ, улица Райымбек Батыр, здание 139А;БАЗАРБАЕВ АСХАТ КУСАИНОВИЧ;
ТОО «МФО AGROTECH LEASING»;230440002760;МФО;"ТОО ""МФО AGROTECH LEASING""";Г.АЛМАТЫ, НАУРЫЗБАЙСКИЙ РАЙОН, Микрорайон Акжар, улица Отпантау, дом 10;ТОЙГАНБЕКОВ ЕРЛАН УТДЛДАЕВИЧ;
"ТОО ""МФО ""Dostyk Credit Company""";230440044954;МФО;"ТОО ""МФО""DOSTYK CREDIT COMPANY""";Г.АЛМАТЫ, МЕДЕУСКИЙ РАЙОН, улица Хаджи Мукана, дом 49, кв. 73;МУРЗАШЕВ МАЛИК ГАЛИМЖАНОВИЧ;
"ТОО ""МФО Монета""";230340043506;МФО;"ТОО ""МФО ""AGRO TECH CREDIT""";Г.ШЫМКЕНТ, АБАЙСКИЙ РАЙОН, Микрорайон Бозарык, дом 688/3, кв. 32;ЖАНДАРБЕКОВ ДУЛАТБЕК АНАРБЕКУЛЫ;
ТОО «SF Ломбард»;221140037159;Ломбард;"ТОО ""SF ЛОМБАРД""";Г.АЛМАТЫ, АЛМАЛИНСКИЙ РАЙОН, Проспект Сейфуллина, дом 469/5;ОМИРЖАНОВ ТАЛГАТ ГАЛЫМОВИЧ;
Товарищество с ограниченной ответственностью «Ломбард «GoldFinMarket»;230140025888;Ломбард;"ТОО ""ЛОМБАРД ""GOLDFINMARKET""";ТУРКЕСТАНСКАЯ ОБЛАСТЬ, ОТРАРСКИЙ РАЙОН, ШАУЛЬДЕРСКИЙ С.О., С.ШАУЛЬДЕР, Проспект Жибек жолы, здание 22/6;ДАУЛЕТАЛИЕВ МАХСАТ МУСЛИМОВИЧ;
ТОО «Микрофинансовая организация «ONE CREDIT»;220940025716;МФО;"ТОО ""МИКРОФИНАНСОВАЯ ОРГАНИЗАЦИЯ ""ONE CREDIT""";АЛМАТИНСКАЯ ОБЛАСТЬ, ҚОНАЕВ Г.А., Г.ҚОНАЕВ, Микрорайон 2, строение 19, н.п. 1;ПУРТОВ КИРИЛЛ АНДРЕЕВИЧ;
ТОО «МФО «AGROCORE»;221140038018;МФО;"ТОО ""МФО ""AGROCORE""";Г.ШЫМКЕНТ, РАЙОН ТУРАН, улица Гали Орманова, здание 15/2;ИКРАМОВ АЛМАС МҰРАТҰЛЫ;
ТОО «Микрофинансовая организация «Сенім Credit»;221040020140;МФО;"ТОО ""МФО СЕНІМ CREDIT""";Г.АЛМАТЫ, МЕДЕУСКИЙ РАЙОН, улица Баишева, дом 28, корпус 2;АМИРОВА АНЕЛЬ БИРЖАНКЫЗЫ;
ТОО «Микрофинансовая организация «Оркен»;221240006866;МФО;"ТОО ""МИКРОФИНАНСОВАЯ ОРГАНИЗАЦИЯ ОРКЕН""";Г.АСТАНА, РАЙОН АЛМАТЫ, улица А 32, дом 1, кв. 19;НУРСУЛТАНОВ ИЛЬЯС АСЫЛХАНОВИЧ;
ТОО «Микрофинансовая организация «Симетра»;221240035790;МФО;"ТОО ""МФО ""СИМЕТРА""";Г.АЛМАТЫ, АУЭЗОВСКИЙ РАЙОН, Проспект Райымбек, дом 348/4;БАЙКОНЫСОВА ЖАННА САПАРАЛИЕВНА;
ТОО «МФО Easy Money»;220940042181;МФО;"ТОО ""МФО EASY MONEY""";Г.АЛМАТЫ, БОСТАНДЫКСКИЙ РАЙОН, Микрорайон Алмагуль, дом 25, кв. 35;ГАБДУЛЛИН НАРИМАН ХАИРЖАНОВИЧ;
"Товарищество с ограниченной ответственностью ""МФО MaxMoney """;230240013372;МФО;"ТОО ""МФО ""MAXMONEY""";Г.АЛМАТЫ, АЛМАЛИНСКИЙ РАЙОН, Проспект Жибек жолы, дом 135, н.п. 5м;АБЫКАНОВ АЙБЕК ЕРГАНАТҰЛЫ;
ТОО «Микрофинансовая организация «CreditBar (КредитБар)»;220940011323;МФО;"ТОО ""МИКРОФИНАНСОВАЯ ОРГАНИЗАЦИЯ ""CREDITBAR (КРЕДИТБАР)""";Г.АСТАНА, РАЙОН ЕСИЛЬ, улица Дінмұхамед Қонаев, здание 12/1, ВП 27;ЕСЕМУРАТОВ АСКАР АБАТБАЕВИЧ;
"ТОО ""Дельта Ломбард""";230140009003;Ломбард;"ТОО ""ДЕЛЬТА ЛОМБАРД""";ЗАПАДНО-КАЗАХСТАНСКАЯ ОБЛАСТЬ, УРАЛЬСК Г.А., Г.УРАЛЬСК, улица Гагарина, дом 41, н.п. 76н;МУРЗАШЕВА МИРА РУСЛАНОВНА;
ТОО «Микрофинансовая организация «Leader financial group»;230140017708;МФО;"ТОО МИКРОФИНАНСОВАЯ ОРГАНИЗАЦИЯ ""LEADER FINANCIAL GROUP""";Г.АЛМАТЫ, АЛМАЛИНСКИЙ РАЙОН, улица Гоголя, дом 86;ШАЛЕЛАШВИЛИ МОСЕ;
ТОО «Микрофинансовая организация «Birinshi Finance»;220940014641;МФО;"ТОО ""МИКРОФИНАНСОВАЯ ОРГАНИЗАЦИЯ ""BIRINSHI FINANCE""";Г.АЛМАТЫ, АЛМАЛИНСКИЙ РАЙОН, улица Розыбакиева, дом 37;ПОТАПОВ МАКСИМ ЮРЬЕВИЧ;
ТОО «Микрофинансовая организация «Tez-Credit»;221040018099;МФО;"ТОО ""МФО TEZ - CREDIT""";Г.АЛМАТЫ, АЛМАЛИНСКИЙ РАЙОН, Проспект Жибек жолы, дом 135, н.п. 5п;ТАСТАНБЕКОВ ТОЛЕГЕН ТОРЕБЕКОВИЧ;
Товарищество с ограниченной ответственностью «BR-Kapital Ломбард»;220940009299;Ломбард;"ТОО ""BR-KAPITAL ЛОМБАРД""";Г.ШЫМКЕНТ, АБАЙСКИЙ РАЙОН, Проспект Б.Момышулы, здание 25В;ДӘРМЕНБАЕВ ІЛИЯС ЖОЛДАСҰЛЫ;
ТОО «Микрофинансовая организация «AUTO SIYLIQ FINANCE»;220240035629;МФО;"ТОО ""МИКРОФИНАНСОВАЯ ОРГАНИЗАЦИЯ ""AUTO SIYLIQ FINANCE""";ТУРКЕСТАНСКАЯ ОБЛАСТЬ, КАЗЫГУРТСКИЙ РАЙОН, КАЗЫГУРТСКИЙ С.О., С.КАЗЫГУРТ, улица Д.Кунаев, здание 98В;МЕНДЫХАНОВ АДЛЕТ ХАНСИАХМЕТОВИЧ;
"ТОО ""Микрофинансовая организация ""LEGAL MONEY""";220440007472;МФО;"ТОО ""МФО ""LEGAL MONEY""";АЛМАТИНСКАЯ ОБЛАСТЬ, ИЛИЙСКИЙ РАЙОН, С.О.АСҚАР ТОҚПАНОВ, С.АСҚАР ТОҚПАНОВ, улица Қ.Байқадамқызы, дом 71, кв. 2;ШАРАФУТДИНОВ РАВШАН РАВИЛЬЕВИЧ;
"ТОО ""МФО ""Microfinance Systems""";220840013739;МФО;"ТОО ""МИКРОФИНАНСОВАЯ ОРГАНИЗАЦИЯ «MICROFINANCE SYSTEMS""";Г.АЛМАТЫ, ТУРКСИБСКИЙ РАЙОН, улица Шолохова, дом 4А;АУЛЬБЕКОВА АЙДА ОРЫНБАСАРОВНА;
ТОО «Микрофинансовая организация «Sapa Digital Finance»;220640027038;МФО;"ТОО ""МИКРОФИНАНСОВАЯ ОРГАНИЗАЦИЯ ""SAPA DIGITAL FINANCE""";Г.АЛМАТЫ, БОСТАНДЫКСКИЙ РАЙОН, улица Шашкина, дом 24;ПРАШЕВА АЙША ГИЛИМОВНА;
ТОО «Рим Ломбард»;220140005693;Ломбард;"ТОО ""РИМ ЛОМБАРД""";Г.АЛМАТЫ, НАУРЫЗБАЙСКИЙ РАЙОН, Микрорайон Шугыла, дом 340/4, корпус 1, кв. 65;АМИРОВ ЕРБОЛАТ АЛИМЖАНОВИЧ;
ТОО «Микрофинансовая организация «Вивус»;220840053133;МФО;"ТОО ""МИКРОФИНАНСОВАЯ ОРГАНИЗАЦИЯ ""ВИВУС""";Г.АСТАНА, РАЙОН ЕСИЛЬ, улица Сығанақ, здание 43, н.п. 10;ТҰРАБЕКОВ ДИАС ЕРЛАНҰЛЫ;
ТОО «Микрофинансовая организация «OPEN Кредит»;220440010125;МФО;"ТОО ""МФО ""OPEN КРЕДИТ""";Г.АЛМАТЫ, АЛМАЛИНСКИЙ РАЙОН, Проспект Жибек жолы, дом 135, н.п. 5п;МЫРЗАХМЕТҚЫЗЫ АЙГЕРІМ;
"ТОО ""Dos Ломбард kz""";210840020650;Ломбард;"ТОО ""DOS ЛОМБАРД KZ""";Г.ШЫМКЕНТ, РАЙОН ТУРАН, Проспект Б.Момышулы, здание 25/2;ГОНЧАРОВА ЛУИЗА РИНАТОВНА;
ТОО «Первое Кредитное Товарищество»;220340000471;МФО;"ТОО ""ПЕРВОЕ КРЕДИТНОЕ ТОВАРИЩЕСТВО""";ЗАПАДНО-КАЗАХСТАНСКАЯ ОБЛАСТЬ, УРАЛЬСК Г.А., Г.УРАЛЬСК, улица А.Әйтиев, дом 72, кв. 68;ДИМИТРИЕВ ДМИТРИЙ СЕРГЕЕВИЧ;
"ТОО ""ЛОМБАРД ШАЙХ""";220540002158;МФО;"ТОО ""ЛОМБАРД ШАЙХ""";ТУРКЕСТАНСКАЯ ОБЛАСТЬ, РАЙОН САУРАН, С.О.ЕСКИ ИКАН, С.СТАРОИКАН, улица Икан, дом 5;МАВЛЯНОВА МУХЛИСА МАЖИДОВНА;
ТОО «МФО Sequoia Finance»;211140022802;МФО;"ТОО ""МФО SEQUOIA FINANCE""";АЛМАТИНСКАЯ ОБЛАСТЬ, КАРАСАЙСКИЙ РАЙОН, КАСКЕЛЕНСКАЯ Г.А., Г.КАСКЕЛЕН, улица Аубай Байғазиев, строение 39;ДОН АННА ВЛАДИМИРОВНА;
ТОО «Кредитное Товарищество «GOLD.kz»;220440018021;МФО;"ТОО ""КРЕДИТНОЕ ТОВАРИЩЕСТВО ""GOLD.KZ""";ВОСТОЧНО-КАЗАХСТАНСКАЯ ОБЛАСТЬ, ТАРБАГАТАЙСКИЙ РАЙОН, АКЖАРСКИЙ С.О., С.ЖАНАЛЫК, улица Курмангазы, дом 68;ТАРПАНБАЙ САЯТ ЛЕНЗАТУЛЫ;
ТОО «Ломбард Ақша Маркет»;220440048569;Ломбард;"ТОО ""ЛОМБАРД АҚША МАРКЕТ""";ОБЛАСТЬ АБАЙ, СЕМЕЙ Г.А., Г.СЕМЕЙ, Проспект Шакарима, дом 67/1;ИСКАКОВА ЖАНСУЛУ ТУРСЫНХАНОВНА;
ТОО «Ломбард Асыл-Сая»;220140007223;Ломбард;"ТОО ""ЛОМБАРД АСЫЛ-САЯ""";ТУРКЕСТАНСКАЯ ОБЛАСТЬ, САЙРАМСКИЙ РАЙОН, КАРАМУРТСКИЙ С.О., С.КАРАМУРТ, улица Х.Нигмаджанова, здание 83А;СЕИТОВА АКЖАН ИСКАНДЕРОВНА;
"ТОО ""МФО ""Steppe Finance""";220440039014;МФО;"ТОО ""МФО STEPPE FINANCE""";Г.АЛМАТЫ, АЛМАЛИНСКИЙ РАЙОН, Проспект Жибек жолы, дом 135, н.п. 5м;СЕИЛОВ РУСЛАН МУХАНБЕТКАЛИЕВИЧ;
"ТОО ""МФО ""Смартолёт Финанс""";220440002322;МФО;"ТОО ""МИКРОФИНАНСОВАЯ ОРГАНИЗАЦИЯ ""СМАРТОЛЁТ ФИНАНС""";Г.АЛМАТЫ, БОСТАНДЫКСКИЙ РАЙОН, Проспект Аль-Фараби, дом 15, н.п. 4в;АКМАТОВ АТАЙ;
Товарищество с ограниченной ответственностью «Ломбард «Basik»;220240017928;Ломбард;"ТОО ""ЛОМБАРД ""BASIK""";ТУРКЕСТАНСКАЯ ОБЛАСТЬ, САЙРАМСКИЙ РАЙОН, АКСУКЕНТСКИЙ С.О., С.АКСУ, улица Сураншы батыр, дом 20Б;ХАЙТКУЛОВ НЕМАТ БЕКМУРАТОВИЧ;
"ТОО ""Ломбард ""РеГАС""";220340022274;Ломбард;"ТОО ""ЛОМБАРД ""РЕГАС""";ПАВЛОДАРСКАЯ ОБЛАСТЬ, ПАВЛОДАР Г.А., Г.ПАВЛОДАР, улица Академика Чокина, дом 42;СВАЛОВА ЛИНА ВЛАДИМИРОВНА;
ТОО «ARUNAZ GOLD Ломбард»;211240000419;Ломбард;ТОО «ARUNAZ GOLD ЛОМБАРД»;ТУРКЕСТАНСКАЯ ОБЛАСТЬ, РАЙОН БАЙДИБЕКА, ШАЯНСКИЙ С.О., С.ШАЯН, улица Жаксыбек Сарыпбеков, дом 65;ӘБУҚЫЗЫ ЖАНБОТА;
ТОО «DAU-ломбард»;220140026021;Ломбард;"ТОО ""DAU-ЛОМБАРД""";ТУРКЕСТАНСКАЯ ОБЛАСТЬ, САЙРАМСКИЙ РАЙОН, КАРАБУЛАКСКИЙ С.О., С.КАРАБУЛАК, улица Т.Рүстемова, дом 29;МИРЗАКАРИМОВА ДИНОРА АХАДЖАНОВНА;
ТОО «М-Диас Ломбард»;211140008480;Ломбард;"ТОО ""ІНЖУ ЛОМБАРД GOLD""";ТУРКЕСТАНСКАЯ ОБЛАСТЬ, ШАРДАРИНСКИЙ РАЙОН, Г.ШАРДАРА, улица Мүлкил ата, дом 41;АКБАЕВ ТОХТАР ЖАРКИНБЕКОВИЧ;
ТОО «ANAR LOMBARD (АНАР ЛОМБАРД)»;220140013298;МФО;"ТОО ""ANAR LOMBARD (АНАР ЛОМБАРД)""";Г.АЛМАТЫ, МЕДЕУСКИЙ РАЙОН, улица Пушкина, дом 25;УРАЗБАЕВ ТИМУР СУЛТАНОВИЧ;
"ТОО ""МФО Kreditflow finance""";210540029435;МФО;"ТОО ""МФО KREDITFLOW FINANCE""";Г.АЛМАТЫ, АЛМАЛИНСКИЙ РАЙОН, Проспект Райымбека, дом 206/12, кв. 223;ҚАТЫРАН ҚУАНБЕК;
ТОО «Микрофинансовая организация «DXB finance»;220240001189;МФО;"ТОО ""МИКРОФИНАНСОВАЯ ОРГАНИЗАЦИЯ ""DXB FINANCE""";Г.АЛМАТЫ, АЛМАЛИНСКИЙ РАЙОН, Проспект Жибек жолы, дом 135;МУХАМЕДИЕВ БАХТИЯР ЖАНБУЛАТОВИЧ;
ТОО «Микрофинансовая организация «Hava Finance» (Хава Финанс);211140015760;МФО;"ТОО ""МИКРОФИНАНСОВАЯ ОРГАНИЗАЦИЯ ""HAVA FINANCE"" (ХАВА ФИНАНС)";Г.АЛМАТЫ, АЛМАЛИНСКИЙ РАЙОН, Проспект Сейфуллина, дом 469/5;АРЫСТАНОВА ДИНА ОРАЗАЛИЕВНА;
ТОО «Кредитное товарищество «Салым инвест»;990340001588;Кредитное товарищество;"ТОО ""КРЕДИТНОЕ ТОВАРИЩЕСТВО ""САЛЫМ ИНВЕСТ""";Г.АЛМАТЫ, ЖЕТЫСУСКИЙ РАЙОН, улица Грибоедова, дом 91/4;НАКИПОВА ГАУХАР ЖУБАЕВНА;
ТОО «Тенге Ломбард.KZ»;180840006240;Ломбард;"ТОО ""ТЕНГЕ ЛОМБАРД.KZ""";Г.АЛМАТЫ, НАУРЫЗБАЙСКИЙ РАЙОН, Микрорайон Шугыла, улица Сакен Жунисов, дом 10;АКШАЛОВА ЖАЗИРА АЛПЫСБАЙКЫЗЫ;
ТОО «Ломбард АРНА-А»;151040015862;Ломбард;"ТОО ""ЛОМБАРД АРНА-А""";Г.АЛМАТЫ, БОСТАНДЫКСКИЙ РАЙОН, МИКРОРАЙОН ОРБИТА-3, 3;ТЕШАЕВА САНДУГАШ АБДИКАДИРОВНА;
ТОО «Микрофинансовая организация «ЮНИКРЕДО»;191140009869;МФО;"ТОО ""МИКРОФИНАНСОВАЯ ОРГАНИЗАЦИЯ ""ЮНИКРЕДО""";Г.АЛМАТЫ, БОСТАНДЫКСКИЙ РАЙОН, улица Жандосова, дом 2;САРСЕМБАЕВА ЛЕЙЛА БУЛАНОВНА;
ТОО «Микрофинансовая организация «1КРЕДИТ»;110340020522;МФО;"ТОО ""МИКРОФИНАНСОВАЯ ОРГАНИЗАЦИЯ ""1КРЕДИТ""";Г.АЛМАТЫ, МЕДЕУСКИЙ РАЙОН, улица Зенкова, дом 22;ОГАЙ ЕЛЕНА БОРИСОВНА;
ТОО «МФО Zarplata+»;211040010944;МФО;"ТОО ""МФО ZARPLATA+""";Г.АЛМАТЫ, НАУРЫЗБАЙСКИЙ РАЙОН, Микрорайон Шугыла, улица Жуалы, дом 16;ЯРУЛЛИНА ЗУЛЬФИЯ РАФИКОВНА;
АО «Микрофинансовая организация «GRV Finance»;210940040183;МФО;"АО ""МФО ""GRV FINANCE""";Г.АЛМАТЫ, МЕДЕУСКИЙ РАЙОН, улица Толе би, дом 23А;ВАЛЯВИНА ЛИАНА ВЛАДИМИРОВНА;
ТОО «КАССА Ломбард Алматы»;191240029867;Ломбард;"ТОО ""КАССА ЛОМБАРД АЛМАТЫ""";Г.АЛМАТЫ, АУЭЗОВСКИЙ РАЙОН, УЛИЦА ЖАНДОСОВА, 184в, кв 12;КАЛИЕВ МАДИ КАЙРАТОВИЧ;
ТОО «Микрофинансовая организация «ФинТехЛаб»;210740027892;МФО;"ТОО ""МИКРОФИНАНСОВАЯ ОРГАНИЗАЦИЯ ""ФИНТЕХЛАБ""";Г.АЛМАТЫ, БОСТАНДЫКСКИЙ РАЙОН, Микрорайон Коктем-2, дом 22, корпус 1;АЖИГУЛОВА СВЕТЛАНА МАРАТОВНА;
ТОО «Микрофинансовая организация «POS Credit» (ПОС Кредит)»;210340021948;МФО;"ТОО ""МИКРОФИНАНСОВАЯ ОРГАНИЗАЦИЯ ""POS CREDIT"" (ПОС КРЕДИТ)";Г.АЛМАТЫ, АЛМАЛИНСКИЙ РАЙОН, Проспект Сейфуллина, дом 469/5;ЕСИМХАНОВ МАКСАТ КУСИЯНОВИЧ;
ТОО «Бөлім-Ломбард 1»;210940030146;Ломбард;"ТОО ""БӨЛІМ -ЛОМБАРД 1""";Г.АСТАНА, РАЙОН САРАЙШЫҚ, улица Ахмет Байтұрсынұлы, дом 5, ВП 46;МОТИГУЛИН ФАРХАТ ХАТЫПОВИЧ;
ТОО «Микрофинансовая организация «CREDERE»;210940034456;МФО;"ТОО ""МИКРОФИНАНСОВАЯ ОРГАНИЗАЦИЯ ""CREDERE""";Г.АСТАНА, РАЙОН АЛМАТЫ, улица Алексей Петров, здание 24;ХАХИАШВИЛИ АБРАМ;
Товарищество с ограниченной ответственностью «МФО«R-Fin Market»;210840023378;МФО;"ТОО ""МИКРОФИНАНСОВАЯ ОРГАНИЗАЦИЯ ""R-FIN MARKET""";ЗАПАДНО-КАЗАХСТАНСКАЯ ОБЛАСТЬ, УРАЛЬСК Г.А., Г.УРАЛЬСК, улица Ш.Айталиева, дом 7/1, кв. 26;МУСТАФИНА ГУЛНАЗ ТАЛАПОВНА;
"ТОО ""Кредитное товарищество ""ABE Invest""";040740002523;Кредитное товарищество;"ТОО ""КРЕДИТНОЕ ТОВАРИЩЕСТВО ""ABE INVEST""";Г.АЛМАТЫ, БОСТАНДЫКСКИЙ РАЙОН, улица Радостовца, дом 152/6;САГЫМКАНОВ ТИМУР САБАКБОЛОВИЧ;
"ТОО ""Микрофинансовая организация ""MFO №1""";210740030694;МФО;"ТОО ""МИКРОФИНАНСОВАЯ ОРГАНИЗАЦИЯ ""MFO№1""";Г.АЛМАТЫ, БОСТАНДЫКСКИЙ РАЙОН, улица Рыскулбекова, дом 28/8, н.п. 56;УМАРОВ НУРШАТ ТАСБАГАМБЕТОВИЧ;
"ТОО ""F-LOMBARD""";210240033908;МФО;"ТОО ""F-LOMBARD""";Г.АСТАНА, РАЙОН АЛМАТЫ, Жилой массив Ақ-Бұлақ-2, Переулок Сарыкеңгір, дом 1, н.п. 7б;ЕСБЕН ЖАНДОС АСХАТҰЛЫ;
ТОО «Lombard 7 Qazyna»;210740003280;МФО;"ТОО ""LOMBARD 7 QAZYNA""";ОБЛАСТЬ АБАЙ, УРДЖАРСКИЙ РАЙОН, УРДЖАРСКИЙ С.О., С.УРДЖАР, Проспект Абылай Хан, строение 101Е;ТОҚТАРОВА САУЛЕ БЕКБОЛАТОВНА;
ТОО «Микрофинансовая организация «Express Аванс»;180140012253;МФО;"ТОО ""МИКРОФИНАНСОВАЯ ОРГАНИЗАЦИЯ ""EXPRESS АВАНС""";Г.АЛМАТЫ, АУЭЗОВСКИЙ РАЙОН, улица Толе би, дом 298/2;СЕРИКБАЕВ СЕРИК САТИБЕКОВИЧ;
ТОО «Р-Техно Ломбард 247»;210340012314;Ломбард;"ТОО ""Р-ТЕХНО ЛОМБАРД 247""";Г.ШЫМКЕНТ, АБАЙСКИЙ РАЙОН, УЛИЦА КОЛХОЗ 49А;БУРИБАЕВ РАШИД ЕРКЕБАЙЕВИЧ;
"ТОО ""Ломбард ""Sultan""";210640002764;Ломбард;"ТОО ""ЛОМБАРД ""SULTAN""";ТУРКЕСТАНСКАЯ ОБЛАСТЬ, САЙРАМСКИЙ РАЙОН, АКСУКЕНТСКИЙ С.О., С.АКСУ, улица Жибек жолы, здание 72А;МЕДЕУБЕКОВ АБДУХОЛИК ЖАПБАРОВИЧ;
"ТОО ""Bars Ломбард KZ""";210540018478;Ломбард;"ТОО ""BARS ЛОМБАРД KZ""";ПАВЛОДАРСКАЯ ОБЛАСТЬ, ПАВЛОДАР Г.А., Г.ПАВЛОДАР, улица Торайгырова, строение 28/1;ГАСАНОВ ЗАХИР РАСИМ ОГЛЫ;
ТОО «Ломбард «Элит-Кредит»;100240002886;Ломбард;"ТОО ""ЛОМБАРД ""ЭЛИТ-КРЕДИТ""";КАРАГАНДИНСКАЯ ОБЛАСТЬ, САРАНЬ Г.А., Г.САРАНЬ, улица Кабыша Жакенова, дом 3, кв. 10;ФИЛЬЧУКОВА ТАТЬЯНА ВЛАДИМИРОВНА;
"ТОО ""Кредитное товарищество ""TERISKEI AGRO INVEST""";210140008339;Кредитное товарищество;"ТОО ""КТ ""TERISKEI AGRO INVEST""";ТУРКЕСТАНСКАЯ ОБЛАСТЬ, КЕНТАУ Г.А., Г.КЕНТАУ, улица Бауыржан Момышулы, дом 68, кв. 18;АХМЕТЖАН АБДУЛЛА;
ТОО «Микрофинансовая организация «Bastau»;210340023964;МФО;"ТОО """"МИКРОФИНАНСОВАЯ ОРГАНИЗАЦИЯ ""BASTAU""""";КЫЗЫЛОРДИНСКАЯ ОБЛАСТЬ, ШИЕЛИЙСКИЙ РАЙОН, ШИЕЛИЙСКИЙ С.О., П.ШИЕЛИ, улица Бала Би, дом 85;АЯБЕКОВ НҰРБОЛАТ НАЗИРБЕКҰЛЫ;
ТОО «КАССА Ломбард»;150240006615;Ломбард;"ТОО ""КАССА ЛОМБАРД""";ОБЛАСТЬ ЖЕТІСУ, ТАЛДЫКОРГАН Г.А., Г.ТАЛДЫКОРГАН, УЛИЦА ЦИОЛКОВСКОГО, 2-б;АСКАРОВ ЕРЛАН КЕМЕЛОВИЧ;
"ТОО ""Ар-Ай 2012 Ломбарды""";190740006506;Ломбард;"ТОО ""АР-АЙ 2012 ЛОМБАРДЫ""";ТУРКЕСТАНСКАЯ ОБЛАСТЬ, КЕЛЕССКИЙ РАЙОН, АБАЙСКИЙ С.О., С.АБАЙ, улица Д.Конаев, дом 87;МУХАМЕДОВА ЗУЛФИЯ ЖУНИСОВНА;
"Товарищество с ограниченной ответственностью ""Микрофинансовая организация ""MJS""";210140010340;МФО;"ТОО ""МИКРОФИНАНСОВАЯ ОРГАНИЗАЦИЯ ""MJS""";КАРАГАНДИНСКАЯ ОБЛАСТЬ, КАРАГАНДА Г.А., Г.КАРАГАНДА, Р.А. ИМ. КАЗЫБЕК БИ, РАЙОН ИМ.КАЗЫБЕК БИ, Проспект Бухар Жырау, строение 24;МЕДВЕДЕВ ПЕТР АЛЕКСАНДРОВИЧ;
"ТОО ""Проба-$"" Ломбарды";090840010329;Ломбард;"ТОО ""ПРОБА-$"" ЛОМБАРДЫ";ТУРКЕСТАНСКАЯ ОБЛАСТЬ, КЕЛЕССКИЙ РАЙОН, АБАЙСКИЙ С.О., С.АБАЙ, улица Т.Рыскулов, дом 1;АБДИЕВА ГУЛЬНАРА ЖАНАДИЛОВНА;
"ТОО ""Көмек Ломбард""";081140005467;Ломбард;"ТОО ""КӨМЕК ЛОМБАРД""";ОБЛАСТЬ ҰЛЫТАУ, ЖЕЗКАЗГАН Г.А., Г.ЖЕЗКАЗГАН, Проспект Алашахана, дом 27;АКБАСОВА АННА ВЛАДИМИРОВНА;
"ТОО ""Кредитное товарищество ""Бесқарағай-несие""";080440001125;Кредитное товарищество;"ТОО ""КРЕДИТНОЕ ТОВАРИЩЕСТВО ""БЕСҚАРАҒАЙ - НЕСИЕ""";ОБЛАСТЬ АБАЙ, БЕСКАРАГАЙСКИЙ РАЙОН, БЕСКАРАГАЙСКИЙ С.О., С.БЕСКАРАГАЙ, улица С.Сейфуллина, дом 153;ЖҰМАТ ҚАЙЫРЖАН СЕРІКҰЛЫ;
"ТОО ""Микрофинансовая организация ""Atameken Qyzylorda""";210640003702;МФО;"ТОО ""МИКРОФИНАНСОВАЯ ОРГАНИЗАЦИЯ ""ATAMEKEN QYZYLORDA""";КЫЗЫЛОРДИНСКАЯ ОБЛАСТЬ, КЫЗЫЛОРДА Г.А., Г.КЫЗЫЛОРДА, улица Коркыт Ата, здание 123;АБДИКЕРОВ ЕРЛАН АРЫСТАНГАЛИЕВИЧ;
"Товарищество с ограниченной ответственностью ""Ломбард"" Заначка""";210440030950;Ломбард;"ТОО ""ЛОМБАРД ЗАНАЧКА""";ЖАМБЫЛСКАЯ ОБЛАСТЬ, БАЙЗАКСКИЙ РАЙОН, САРЫКЕМЕРСКИЙ С.О., С.САРЫКЕМЕР, улица К.Орынкулов, строение 92;СУЛЕЙМЕНОВА ГУЛЬМИРА СЕРИКБАЕВНА;
"ТОО ""Микрофинансовая организация ""SF Offline"" (СФ Оффлайн)";210340023815;МФО;"ТОО ""МИКРОФИНАНСОВАЯ ОРГАНИЗАЦИЯ ""SF OFFLINE"" (СФ ОФФЛАЙН)";Г.АЛМАТЫ, АЛМАЛИНСКИЙ РАЙОН, Проспект Сейфуллина, дом 469/5;АХМЕДЖАНОВ ДИЯР БУЛАТКУЛОВИЧ;
ТОО «МФО АгроПром лизинг»;210540020838;МФО;"ТОО ""МФО АГРОПРОМ ЛИЗИНГ""";Г.АЛМАТЫ, НАУРЫЗБАЙСКИЙ РАЙОН, Микрорайон Калкаман-2, улица Абишева, дом 29;МАТИРОВА АЙНУР БАСРАЕВНА;
"ТОО ""Ломбард микрофинанс""";160140000391;Ломбард;"ТОО ""ЛОМБАРД МИКРОФИНАНС""";Г.АЛМАТЫ, АЛМАЛИНСКИЙ РАЙОН, улица Макатаева, дом 73/60;КАЛАМБАЕВА САМАЛ ОРДАХАНОВНА;
"Товарищество с ограниченной ответственостью ""Кредитное товарищество ""Темир""";161240016601;Кредитное товарищество;"ТОО ""КРЕДИТНОЕ ТОВАРИЩЕСТВО"" ТЕМИР";АКТЮБИНСКАЯ ОБЛАСТЬ, ТЕМИРСКИЙ РАЙОН, ШУБАРКУДУКСКИЙ С.О., П.ШУБАРКУДУК, улица Желтоксан, дом 5;АБИЛХАНОВ ЖАСУЛАН ИЗТУРГАНОВИЧ;
"ТОО ""Микрофинансовая организация ""Qanat finance""";210540018826;МФО;"ТОО МИКРОФИНАНСОВАЯ ОРГАНИЗАЦИЯ ""QANAT FINANCE""";Г.АЛМАТЫ, ЖЕТЫСУСКИЙ РАЙОН, улица Бродского, дом 37Б;ОМАРОВ АЛМАТ АНУАРБЕКОВИЧ;
ТОО «Микрофинансовая организация «Adal Finance»;210540024315;МФО;"ТОО ""МФО ADAL FINANCE""";Г.АЛМАТЫ, БОСТАНДЫКСКИЙ РАЙОН, Микрорайон Мирас, дом 157/4, кв. 34;ФАНЬ ЧЖИСИНЬ;
"Товарищество с ограниченной ответственностью "" Көмек Ломбард 7""";100940002910;Ломбард;"ТОО ""КӨМЕК ЛОМБАРД 7""";ОБЛАСТЬ ҰЛЫТАУ, САТПАЕВ Г.А., Г.САТПАЕВ, улица Абая Кунанбаева, дом 41, н.п. 52;АКБАСОВА АННА ВЛАДИМИРОВНА;
"ТОО ""Кредитное товарищество ""SARYSU""";201240036567;Кредитное товарищество;"ТОО ""КРЕДИТНОЕ ТОВАРИЩЕСТВО ""SARYSU""";ОБЛАСТЬ ҰЛЫТАУ, КАРАЖАЛ Г.А., Г.КАРАЖАЛ, улица Каражал, дом 34, кв. 2;СЕЛКЕБАЙ ҚАНЫШ СЕРІКҰЛЫ;
"ТОО ""Ломбард Золотая Орда""";210440036781;Ломбард;"ТОО ""TAU ЛОМБАРД""";ЖАМБЫЛСКАЯ ОБЛАСТЬ, ТАРАЗ Г.А., Г.ТАРАЗ, РАЙОН ЖІБЕК ЖОЛЫ, улица Тургынбека Тындыбекова, дом 59;ЖУМАБЕКОВА ГУЛЬБАХЫТ АЛХАШОВНА;
"ТОО ""Кредитное товарищество ""Ұзынкөл""";160240014355;Кредитное товарищество;"ТОО ""КРЕДИТНОЕ ТОВАРИЩЕСТВО ""ҰЗЫНКӨЛ""";КОСТАНАЙСКАЯ ОБЛАСТЬ, КОСТАНАЙ Г.А., Г.КОСТАНАЙ, улица Пушкина, дом 33;АХМЕТОВА АЛИЯ БОЛАТОВНА;
"ТОО ""Кредитное товарищество ""Зайсан несие""";050340025916;Кредитное товарищество;"ТОО ""КРЕДИТНОЕ ТОВАРИЩЕСТВО ""ЗАЙСАН НЕСИЕ""";ВОСТОЧНО-КАЗАХСТАНСКАЯ ОБЛАСТЬ, ЗАЙСАНСКИЙ РАЙОН, ЗАЙСАНСКАЯ Г.А., Г.ЗАЙСАН, улица Дінмұхамед Қонаев, дом 38, кв. 22;ШАТАНОВ КУАНЫШ КУБАЙДУЛЛАЕВИЧ;
"Товарищество с ограниченной ответственостью ""Кредитное товарищество ""Елимай 2017""";170340002535;Кредитное товарищество;"ТОО ""КРЕДИТНОЕ ТОВАРИЩЕСТВО ""ЕЛИМАЙ 2017""";АКТЮБИНСКАЯ ОБЛАСТЬ, АКТОБЕ Г.А., Г.АКТОБЕ, РАЙОН АСТАНА , Микрорайон Алтын орда, дом 9/5, корпус 2, н.п. 41;КУРМАНАЛИН САГЫНГАЗЫ ДАНИЯРОВИЧ;
"ТОО ""Микрофинансовая организация ""Атамекен-Атырау бизнес қолдау""";210540018430;МФО;"ТОО ""МИКРОФИНАНСОВАЯ ОРГАНИЗАЦИЯ ""АТАМЕКЕН-АТЫРАУ БИЗНЕС ҚОЛДАУ""";АТЫРАУСКАЯ ОБЛАСТЬ, АТЫРАУ Г.А., Г.АТЫРАУ, улица Қаныш Сәтбаев, строение 78;САГИДЕНОВА ГУЛЬМИРА НАСИПКАЛИЕВНА;
"ТОО ""Ломбард РВ""";101240011858;Ломбард;"ТОО ""ЛОМБАРД - РВ""";Г.АЛМАТЫ, ЖЕТЫСУСКИЙ РАЙОН, Микрорайон Айнабулак, дом 9, кв. 41;САПАРОВ БОЛАТБЕК ЕРУБАЕВИЧ;
"ТОО ""Эко Ломбард Реал""";210340013927;Ломбард;"ТОО ""ЭКО ЛОМБАРД РЕАЛ""";Г.АЛМАТЫ, АЛМАЛИНСКИЙ РАЙОН, улица Ауэзова, дом 32, кв. 32;МИРШАНОВ ШУХРАТ АСХАТОВИЧ;
"Товарищество с ограниченной ответственостью ""Кредитное товарищество ""Сенім-Капитал""";210540025284;Кредитное товарищество;"ТОО ""КРЕДИТНОЕ ТОВАРИЩЕСТВО ""СЕНІМ-КАПИТАЛ""";АКТЮБИНСКАЯ ОБЛАСТЬ, КАРГАЛИНСКИЙ РАЙОН, БАДАМШИНСКИЙ С.О., С.БАДАМША, улица Абилкайыр Хана, дом 40;ОЯНГАЛИЕВ БЕРИК ТИЛЕШЕВИЧ;
"ТОО ""Кредитное товарищество ""ЖЕТІСУ АГРО КРЕДИТ""";170440020765;Кредитное товарищество;"ТОО ""КРЕДИТНОЕ ТОВАРИЩЕСТВО ""ЖЕТІСУ АГРО КРЕДИТ""";АЛМАТИНСКАЯ ОБЛАСТЬ, КАРАСАЙСКИЙ РАЙОН, КАСКЕЛЕНСКАЯ Г.А., Г.КАСКЕЛЕН, улица Абылай Хан, строение 235/1;НУРГАЗИНА ГУЛЬМИРА МУХТАРОВНА;
"ТОО ""Кредитное товарищество ""СЕМЕЙ""";040740002127;Кредитное товарищество;"ТОО ""КРЕДИТНОЕ ТОВАРИЩЕСТВО ""СЕМЕЙ""";ОБЛАСТЬ АБАЙ, СЕМЕЙ Г.А., Г.СЕМЕЙ, улица Тельмана Уранхаева, дом 65, кв. 24;СЕРЖАН ЖАРҚЫН СЕРЖАНҰЛЫ;
"ТОО&nbsp;""МФО&nbsp;""Оскемен-Atameken""";210440014087;МФО;"ТОО ""МИКРОФИНАНСОВАЯ ОРГАНИЗАЦИЯ ""OSKEMEN-ATAMEKEN""";ВОСТОЧНО-КАЗАХСТАНСКАЯ ОБЛАСТЬ, УСТЬ-КАМЕНОГОРСК Г.А., Г.УСТЬ-КАМЕНОГОРСК, Проспект Ауэзова, здание 26/1;КОШУРНИКОВА ТАТЬЯНА ВАЛЕРЬЕВНА;
"Товарищество с ограниченной ответственностью ""Кредитное товарищество ""Karatau-nesie""";180540006244;Кредитное товарищество;"ТОО ""КРЕДИТНОЕ ТОВАРИЩЕСТВО ""KARATAU-NESIE""";Г.ШЫМКЕНТ, АЛЬ-ФАРАБИЙСКИЙ РАЙОН, Микрорайон Куншыгыс, дом 63Г, кв. 47;ЕРЖІГІТОВ БАҚДӘУЛЕТ ҚУАТҰЛЫ;
"Товарищество с ограниченной ответственностью ""Кредитное товарищество ""Оңтүстік Агро Несие""";160340002978;Кредитное товарищество;"ТОО ""КРЕДИТНОЕ ТОВАРИЩЕСТВО ""ОҢТҮСТІК АГРО НЕСИЕ""";Г.ШЫМКЕНТ, КАРАТАУСКИЙ РАЙОН, Микрорайон Тараз, дом 257;ЕСЕНОВ МАХСАТ КИМКАБЕКОВИЧ;
"ТОО ""кредитное товарищество City Trust""";191240025973;Кредитное товарищество;"ТОО ""КРЕДИТНОЕ ТОВАРИЩЕСТВО CITY TRUST""";КАРАГАНДИНСКАЯ ОБЛАСТЬ, КАРАГАНДА Г.А., Г.КАРАГАНДА, Р.А. ИМ. КАЗЫБЕК БИ, РАЙОН ИМ.КАЗЫБЕК БИ, улица Лободы, дом 29/2;АКИМБАЕВ РУСЛАН БОЛАТКАЗЫЕВИЧ;
"ТОО ""Микрофинансовая организация ""Jyldam Tenge""""";210340029636;МФО;"ТОО ""МФО JYLDAM TEŃGE""";Г.АСТАНА, РАЙОН БАЙҚОҢЫР, улица Амангелді Иманов, здание 19;ОРАЗАЛИЕВ АСЫЛБАЙ ЖАНДАРУЛЫ;
"ТОО ""Whatshes Lombard Systems""";200240027575;МФО;"ТОО ""WHATSHES LOMBARD SYSTEMS""";Г.АЛМАТЫ, АЛМАЛИНСКИЙ РАЙОН, улица Гоголя, дом 87, н.п. 37;ВАСИЛЕНКО МИХАИЛ СЕРГЕЕВИЧ;
"ТОО ""Кредитное товарищество ""Investor-Agro""";200940008346;Кредитное товарищество;"ТОО ""КРЕДИТНОЕ ТОВАРИЩЕСТВО ""INVESTOR-AGRO""";ТУРКЕСТАНСКАЯ ОБЛАСТЬ, САЙРАМСКИЙ РАЙОН, МАНКЕНТСКИЙ С.О., С.МАНКЕНТ, улица Айнабулак, здание 103;АКБАРОВ МЕХРИДДИН ТАХИРОВИЧ;
"ТОО ""Ломбард Мегаполис""";170840031874;Ломбард;"ТОО ""ЛОМБАРД МЕГАПОЛИС""";Г.АСТАНА, РАЙОН БАЙҚОҢЫР, улица Александр Бараев, дом 21, н.п. 13;БОРАНБАЕВА ГАЛИЯ КАСЫМОВНА;
"Товарищество с ограниченной ответственностью ""A S Ломбард""";210240030478;Ломбард;"ТОО ""A S ЛОМБАРД""";ЖАМБЫЛСКАЯ ОБЛАСТЬ, БАЙЗАКСКИЙ РАЙОН, МЫРЗАТАЙСКИЙ С.О., С.МЫРЗАТАЙ, улица Абай, строение 1Б;ИМАШЕВА АЙГЕРИМ МУРАТОВНА;
"Товарищество с ограниченной ответственностью ""Кредитное товарищество ""ҰЛАР""";060940001922;Кредитное товарищество;"ТОО ""КРЕДИТНОЕ ТОВАРИЩЕСТВО ""ҰЛАР""";ОБЛАСТЬ ҰЛЫТАУ, УЛЫТАУСКИЙ РАЙОН, УЛЫТАУСКИЙ С.О, С.УЛЫТАУ, улица Абая, дом 18, кв. 2;АПЕКОВ АЙТБАЙ ПЕРОДОВИЧ;
"ТОО ""Микрофинансовая организация ""Aqjaiyq Atameken""";210440027257;МФО;"ТОО ""МИКРОФИНАНСОВАЯ ОРГАНИЗАЦИЯ ""AQJAIYQ ATAMEKEN""";ЗАПАДНО-КАЗАХСТАНСКАЯ ОБЛАСТЬ, УРАЛЬСК Г.А., Г.УРАЛЬСК, Проспект Нұрсұлтан Назарбаев, строение 215Б, н.п. 5;КОЙШИЕВ ГАЛЫМЖАН ЕРКИНОВИЧ;
"Товарищество с ограниченной ответственностью ""Кредитное товарищество ""Кобда-Исатай""";040440002621;Кредитное товарищество;"ТОО ""КРЕДИТНОЕ ТОВАРИЩЕСТВО ""КОБДА-ИСАТАЙ""";АКТЮБИНСКАЯ ОБЛАСТЬ, ХОБДИНСКИЙ РАЙОН, КОБДИНСКИЙ С.О., С.КОБДА, улица Исы и Ескендира Копжасаровых, здание 26;ТУМЕНБАЕВ СЕРИК ГАБДИГАЛИЕВИЧ;
"ТОО ""Микрофинансовая организация ""Atameken Zhetysu""""";210240040366;МФО;"ТОО ""МИКРОФИНАНСОВАЯ ОРГАНИЗАЦИЯ ""ATAMEKEN ZHETYSU""";ОБЛАСТЬ ЖЕТІСУ, ТАЛДЫКОРГАН Г.А., Г.ТАЛДЫКОРГАН, улица Абылай хана, здание 113;АЙТМАМБЕТОВ БАУРЖАН НУРЛАНОВИЧ;
"ТОО ""Кредитное товарищество ""Куренбел""";050540002111;Кредитное товарищество;"ТОО ""КРЕДИТНОЕ ТОВАРИЩЕСТВО ""КУРЕНБЕЛ""";ОБЛАСТЬ ЖЕТІСУ, КЕРБУЛАКСКИЙ РАЙОН, САРЫОЗЕКСКИЙ С.О., С.САРЫОЗЕК, улица Луганский, дом 27, кв. 2;МОЛДАХМЕТОВ ЕРЖАН ШАМАТОВИЧ;
"ТОО ""Кредитное товарищество ""Балхаш""";050340002987;Кредитное товарищество;"ТОО ""КРЕДИТНОЕ ТОВАРИЩЕСТВО ""БАЛХАШ""";АЛМАТИНСКАЯ ОБЛАСТЬ, БАЛХАШСКИЙ РАЙОН, БАКАНАССКИЙ С.О., С.БАКАНАС, улица Д Қонаев, дом 70, кв. 2;ЕСЕНБАЕВА ГУЛЬЖАН ОРЫНБАСАРОВНА;
"ТОО ""КАССА Ломбард Талдыкорган""";191240029887;Ломбард;"ТОО ""КАССА ЛОМБАРД ТАЛДЫКОРГАН""";ОБЛАСТЬ ЖЕТІСУ, ТАЛДЫКОРГАН Г.А., Г.ТАЛДЫКОРГАН, УЛИЦА КАБАНБАЙ БАТЫРА, 62, кв 17;КАЛИЕВ МАДИ КАЙРАТОВИЧ;
"ТОО ""Кредитное товарищетство ""Шыған""";050540002200;МФО;"ТОО ""КРЕДИТНОЕ ТОВАРИЩЕСТВО ""ШЫҒАН""";ПАВЛОДАРСКАЯ ОБЛАСТЬ, МАЙСКИЙ РАЙОН, КОКТУБЕКСКИЙ С.О., С.КОКТОБЕ, улица Аблайхана, строение 36/1;НУРАЛИН РУСТАМ ГАББАСОВИЧ;
"ТОО ""МФО ""Lending and Financy technologies""";150840012933;МФО;"ТОО ""МИКРОФИНАНСОВАЯ ОРГАНИЗАЦИЯ ""LENDING AND FINANCE TECHNOLOGIES""";СЕВЕРО-КАЗАХСТАНСКАЯ ОБЛАСТЬ, ПЕТРОПАВЛОВСК Г.А., Г.ПЕТРОПАВЛОВСК, улица Нұрсұлтан Назарбаев, дом 134;ШЕБЕДА ДМИТРИЙ БОРИСОВИЧ;
"ТОО Кредитное товарищество ""Боровское""";040340001332;Кредитное товарищество;"ТОО ""КРЕДИТНОЕ ТОВАРИЩЕСТВО ""БОРОВСКОЕ""";КОСТАНАЙСКАЯ ОБЛАСТЬ, МЕНДЫКАРИНСКИЙ РАЙОН, БОРОВСКОЙ С.О., С.БОРОВСКОЙ, улица Королева, дом 6;ЖАНАЙДАРОВ АЛИХАН НУРЛАНОВИЧ;
"Товарищество с ограниченной ответственностью ""Микрофинансовая организация ""Shymkent - Atameken""";210440036048;МФО;"ТОО ""МИКРОФИНАНСОВАЯ ОРГАНИЗАЦИЯ ""SHYMKENT - ATAMEKEN""";Г.ШЫМКЕНТ, КАРАТАУСКИЙ РАЙОН, улица Еримбетова, здание 304Г;КУРМАШЕВ КАНАТ АБДИКАШИМОВИЧ;
"ТОО ""Кредитное Товарищество ""Группы КАССА 24""";170740015839;МФО;"ТОО ""КРЕДИТНОЕ ТОВАРИЩЕСТВО ""ГРУППЫ КАССА 24""";Г.АЛМАТЫ, БОСТАНДЫКСКИЙ РАЙОН, улица Озтюрка, дом 7;ОМАРОВА БАКЫТГУЛЬ СЕРИКЖАНОВНА;
"ТОО ""Кредитное товарищество ""Атырау Болашак""";121040004396;Кредитное товарищество;"ТОО ""КРЕДИТНОЕ ТОВАРИЩЕСТВО ""АТЫРАУ БОЛАШАК""";АТЫРАУСКАЯ ОБЛАСТЬ, АТЫРАУ Г.А., Г.АТЫРАУ, улица Ахмет Байтурсынов, дом 47А;МУСАГАЛИЕВ ЖЕТКИНШЕК ТУРГАЛИЕВИЧ;
"ТОО ""КТ ""Жанаарка""";050340003404;МФО;"ТОО ""КРЕДИТНОЕ ТОВАРИЩЕСТВО ""ЖАНААРКА""";ОБЛАСТЬ ҰЛЫТАУ, ЖАНААРКИНСКИЙ РАЙОН, П.А.ЖАҢААРҚА, П.ЖАҢААРҚА, Проспект Тәуелсіздік, дом 22;РЫМБЕКОВ САУЛЕТ;
"ТОО ""Perfect Lombard""";200140033338;МФО;"ТОО ""PERFECT LOMBARD""";Г.АЛМАТЫ, АЛМАЛИНСКИЙ РАЙОН, улица Желтоксан, дом 138;ИВАЩЕНКО ЕЛИЗАВЕТА ЮРЬЕВНА;
"ТОО ""Кредитное товарищество ""Тайынша Агро Финанс""";040340000804;Кредитное товарищество;"ТОО ""КРЕДИТНОЕ ТОВАРИЩЕСТВО ""ТАЙЫНША АГРО ФИНАНС""";СЕВЕРО-КАЗАХСТАНСКАЯ ОБЛАСТЬ, ТАЙЫНШИНСКИЙ РАЙОН, ТАЙЫНШИНСКАЯ Г.А., Г.ТАЙЫНША, улица Конституции Казахстана, дом 203;КУЛЬБАЕВ РУСЛАН ТУРУБАЕВИЧ;
"ТОО ""Микрофинансовая организация Quantum""";190640025480;МФО;"ТОО ""МИКРОФИНАНСОВАЯ ОРГАНИЗАЦИЯ QUANTUM""";Г.АЛМАТЫ, БОСТАНДЫКСКИЙ РАЙОН, Проспект Аль-Фараби, дом 77/1, кв. 56;БАЙБАЛИЕВ НУРЖАН КОЖАХМЕТОВИЧ;
"ТОО ""RICH Автоломбард""";210440011469;Ломбард;"ТОО ""RICH АВТОЛОМБАРД""";Г.АЛМАТЫ, БОСТАНДЫКСКИЙ РАЙОН, Переулок Шумный, дом 2;МЕИРБЕКОВА АЛИНА ЭРИКОВНА;
"ТОО ""Ломбард Flagman - Credit""";090340012882;Ломбард;"ТОО ""ЛОМБАРД FLAGMAN - CREDIT""";Г.АЛМАТЫ, МЕДЕУСКИЙ РАЙОН, улица Макатаева, дом 45, н.п. 1;ЯЩУК АЛЕКСАНДР ВАСИЛЬЕВИЧ;
"ТОО ""Lemon Land Lombard""";170540014050;МФО;"ТОО ""LEMON LAND LOMBARD""";Г.АЛМАТЫ, АЛМАЛИНСКИЙ РАЙОН, улица Толе би, дом 251А, н.п. 1;САГЫНТАЕВ АЗАМАТ КАЙРАТОВИЧ;
"Товарищество с ограниченной ответственностью ""Кредитное товарищество ""Саудакент""";050840003223;Кредитное товарищество;"ТОО ""КРЕДИТНОЕ ТОВАРИЩЕСТВО САУДАКЕНТ""";ЖАМБЫЛСКАЯ ОБЛАСТЬ, САРЫСУСКИЙ РАЙОН, Г.ЖАНАТАС, улица Жибек жолы, дом 31;КЫДЫРБАЕВ ШЕРХАН КОЙШЫБАЕВИЧ;
"Товарищество с ограниченной ответственностью ""Кредитное товарищество Меркі""";050540003536;Кредитное товарищество;"ТОО ""КРЕДИТНОЕ ТОВАРИЩЕСТВО МЕРКІ""";ЖАМБЫЛСКАЯ ОБЛАСТЬ, МЕРКЕНСКИЙ РАЙОН, МЕРКЕНСКИЙ С.О., С.МЕРКЕ, УЛИЦА АЗИМБЕК ИСМАИЛОВ, 220А;АХМЕТОВ БАГДАТ СЕРИКОВИЧ;
"Товарищество с ограниченной ответственностью ""Кредитное товарищество ""Байзақ""";021140002471;Кредитное товарищество;"ТОО ""КРЕДИТНОЕ ТОВАРИЩЕСТВО ""БАЙЗАК""";ЖАМБЫЛСКАЯ ОБЛАСТЬ, БАЙЗАКСКИЙ РАЙОН, САРЫКЕМЕРСКИЙ С.О., С.САРЫКЕМЕР, улица Байзак батыр, строение 115;АХИМОВА КУРАЛАЙ АБДИЖАПАРОВНА;
"Товарищество с ограниченной ответственностью ""Кредитное товарищество ""Құлан-Дән""";040140002046;Кредитное товарищество;"ТОО ""КРЕДИТНОЕ ТОВАРИЩЕСТВО ""ҚҰЛАН-ДӘН""";ЖАМБЫЛСКАЯ ОБЛАСТЬ, РАЙОН ТУРАРА РЫСКУЛОВА, КУЛАНСКИЙ С.О., С.КУЛАН, улица Жибек жолы, здание 90А;АБДИКАДИРОВ РАКЫМАНАЛЫ;
"ТОО ""К-Ломбард""";130540006250;Ломбард;"ТОО ""К-ЛОМБАРД""";КАРАГАНДИНСКАЯ ОБЛАСТЬ, КАРАГАНДА Г.А., Г.КАРАГАНДА, Р.А. ИМ. КАЗЫБЕК БИ, РАЙОН ИМ.КАЗЫБЕК БИ, Проспект Абдирова, дом 24/1;РУДОМЕТОВ АНДРЕЙ ВЛАДИМИРОВИЧ;
"ТОО ""МФО ""QAZAQ Finance Group""";201240002403;МФО;"ТОО ""МИКРОФИНАНСОВАЯ ОРГАНИЗАЦИЯ ""QAZAQ FINANCE GROUP""";Г.АСТАНА, РАЙОН САРЫАРКА, улица Мұхтар Әуезов, здание 24/1;ТАУЕЛ КУННУР;
"ТОО ""Кредитное товарищество ""АКБ""";020640000817;Кредитное товарищество;"ТОО ""КРЕДИТНОЕ ТОВАРИЩЕСТВО ""АКБ""";Г.АЛМАТЫ, МЕДЕУСКИЙ РАЙОН, Проспект Достык, дом 132, н.п. 75;СЕИТОВА АКМАРАЛ ТУРСЫНБАЕВНА;
"ТОО ""DI LOMBARD express""";180540035917;МФО;"ТОО ""DI LOMBARD EXPRESS""";Г.АЛМАТЫ, АУЭЗОВСКИЙ РАЙОН, МИКРОРАЙОН АКСАЙ 5, 3;ЧИБИСОВ ДЕНИС ОЛЕГОВИЧ;
"Товарищество с ограниченной ответственностью ""Ломбард ЛИДЕР KZ""";191240029440;Ломбард;"ТОО ""ЛОМБАРД ЛИДЕР KZ""";КАРАГАНДИНСКАЯ ОБЛАСТЬ, КАРАГАНДА Г.А., Г.КАРАГАНДА, Р.А. ИМ. КАЗЫБЕК БИ, РАЙОН ИМ.КАЗЫБЕК БИ, улица Сарыарқа, дом 19, кв. 407;СМАГУЛОВА ДАНА ИГЛИКОВНА;
"ТОО ""Lemon LOMBARD""";100740015915;МФО;"ТОО ""LEMON LOMBARD""";Г.АЛМАТЫ, БОСТАНДЫКСКИЙ РАЙОН, улица Ауэзова, дом 181, кв. 17;МАМИЧЕВА ВИКТОРИЯ АНАТОЛЬЕВНА;
"ТОО ""Ломбард Керемет таңдау""";210240020351;Ломбард;"ТОО ""ЛОМБАРД КЕРЕМЕТ ТАҢДАУ""";Г.АЛМАТЫ, АУЭЗОВСКИЙ РАЙОН, Микрорайон Аксай-4, дом 43, н.п. 79;АБДУЛЛАЕВА ГЮЛЬНАЗ НАДИРШАЕВНА;
"Товарищество с ограниченной ответственостью ""QazGold Ломбард""";160940028559;Ломбард;"ТОО ""QAZGOLD ЛОМБАРД""";АКТЮБИНСКАЯ ОБЛАСТЬ, АКТОБЕ Г.А., Г.АКТОБЕ, РАЙОН АСТАНА , Проспект Абилкайыр Хана, дом 6;ЯКОВЕНКО АНДРЕЙ СЕРГЕЕВИЧ;
"ТОО ""Айгыз+К Ломбард""";061040008236;Ломбард;"ТОО ""АЙГЫЗ+К ЛОМБАРД""";ОБЛАСТЬ АБАЙ, АЯГОЗСКИЙ РАЙОН, АЯГОЗ Г.А., Г.АЯГОЗ, улица Х.Дуйсенова, здание 102А;БАЙМУХАМЕДОВА ТОЛЕУ МАКСУТОВНА;
"ТОО ""Микрофинансовая организация ""Каусар Несие""";111140008806;МФО;"ТОО ""МИКРОФИНАНСОВАЯ ОРГАНИЗАЦИЯ ""КАУСАР НЕСИЕ""";Г.АЛМАТЫ, АЛМАЛИНСКИЙ РАЙОН, улица Кабанбай батыра, дом 136, н.п. 26;БАЙДАУЛЕТОВА ЖАНГУЛЬ АМАНГЕЛЬДИЕВНА;
"ТОО ""Алтын Арна Ломбард""";190140008957;Ломбард;"ТОО ""АЛТЫН АРНА ЛОМБАРД""";Г.АЛМАТЫ, АУЭЗОВСКИЙ РАЙОН, Микрорайон Аксай-2, дом 10;ЛУКПАНОВА ЗИНЕП ОРЫНБАСАРОВНА;
"ТОО ""Кредитное Товарищество ""Достық-Дружба""";050540012149;МФО;"ТОО ""КРЕДИТНОЕ ТОВАРИЩЕСТВО ""ДОСТЫҚ-ДРУЖБА""";АКМОЛИНСКАЯ ОБЛАСТЬ, АТБАСАРСКИЙ РАЙОН, Г.АТБАСАР, улица М.Ауэзова, дом 27/2;ЖУСУПОВА БАХЫТГУЛЬ БУРКИТБАЕВНА;
"ТОО ""Ломбард ""Фортуна Голд""";200540003003;Ломбард;"ТОО ""ЛОМБАРД ФОРТУНА ГОЛД""";СЕВЕРО-КАЗАХСТАНСКАЯ ОБЛАСТЬ, ЖАМБЫЛСКИЙ РАЙОН, ПРЕСНОВСКИЙ С.О., С.ПРЕСНОВКА, улица Кожаберген Жырау, дом 49А;ХАНИНА БЕЛЛА ВИКТОРОВНА;
"ТОО ""МФО ""Inkar &amp; A""";180940012209;МФО;"ТОО ""МИКРОФИНАНСОВАЯ ОРГАНИЗАЦИЯ «INKAR & A»";Г.АЛМАТЫ, АЛМАЛИНСКИЙ РАЙОН, улица Васнецова, дом 27/92;КИМ ФЕЛИКС АНАТОЛЬЕВИЧ;
"Товарищество с ограниченной ответственностью ""Ломбард №1 Нур Сая""";201140024966;Ломбард;"ТОО ""ЛОМБАРД №1 НУР САЯ""";ЖАМБЫЛСКАЯ ОБЛАСТЬ, ТАРАЗ Г.А., Г.ТАРАЗ, РАЙОН ӘУЛИЕАТА, улица Байзак батыра, дом 200;БЕРДИБАЕВ ЕРИК САБИТОВИЧ;
"ТОО ""Кредитное товарищество ""Самал Финанс""";171240021322;Кредитное товарищество;"ТОО ""КРЕДИТНОЕ ТОВАРИЩЕСТВО ""САМАЛ ФИНАНС""";АЛМАТИНСКАЯ ОБЛАСТЬ, КАРАСАЙСКИЙ РАЙОН, С.О.ЖИБЕК ЖОЛЫ, С. ЖИБЕК ЖОЛЫ, улица Сүйінбай, строение 1;БЕКЕШОВ АНСАР ТӨКЕНҰЛЫ;
"ТОО ""Ломбард БН""";200540011410;Ломбард;"ТОО ""ЛОМБАРД БН""";Г.АСТАНА, РАЙОН АЛМАТЫ, УЛИЦА ЖАНАЙДАРА ЖИРЕНТАЕВА, 12;БЕЛОЗЁРОВА НАТАЛЬЯ ВЛАДИМИРОВНА;
"ТОО ""КТ ""Қаржыгер""";061240002006;МФО;"ТОО ""КРЕДИТНОЕ ТОВАРИЩЕСТВО ""ҚАРЖЫГЕР""";КАРАГАНДИНСКАЯ ОБЛАСТЬ, АБАЙСКИЙ РАЙОН, АБАЙСКАЯ Г.А., Г.АБАЙ, Микрорайон 3, строение 43;САГИНДЫКОВА ЭЛЬМИРА САРДАРБЕКОВНА;
ТОО «Кредитное товарищество «IQ Finance»;030640001153;Кредитное товарищество;"ТОО ""КРЕДИТНОЕ ТОВАРИЩЕСТВО ""IQ FINANCE""";КОСТАНАЙСКАЯ ОБЛАСТЬ, КАРАСУСКИЙ РАЙОН, КАРАСУСКИЙ С.О., С.КАРАСУ, Переулок Школьный, здание 2;ТАКАБАЕВ БЕРИК ТУЛЮПЕРГЕНОВИЧ;
"ТОО ""Микрофинансовая организация ""Atameken Aqmola""";201240031467;МФО;"ТОО ""МИКРОФИНАНСОВАЯ ОРГАНИЗАЦИЯ ""ATAMEKEN AQMOLA""";АКМОЛИНСКАЯ ОБЛАСТЬ, КОКШЕТАУ Г.А., Г.КОКШЕТАУ, улица Абая, здание 96;ОСПАНОВ АРМАН КАИРИДЕНОВИЧ;
"Товарищество с ограниченной ответственостью ""MFO ""ATAMEKEN AKTOBE""";210340008643;МФО;"ТОО ""MFO ""ATAMEKEN AKTOBE""";АКТЮБИНСКАЯ ОБЛАСТЬ, АКТОБЕ Г.А., Г.АКТОБЕ, РАЙОН АСТАНА , Проспект Санкибай Батыра, здание 22К;КУСМАГАНБЕТОВ НУРЛАН КАНАТОВИЧ;
"ТОО ""Микрофинансовая организация ""Атамекен-Туркестан""";210340033971;МФО;"ТОО ""МИКРОФИНАНСОВАЯ ОРГАНИЗАЦИЯ ""АТАМЕКЕН-ТУРКЕСТАН""";ТУРКЕСТАНСКАЯ ОБЛАСТЬ, ТУРКЕСТАН Г.А., Г.ТУРКЕСТАН, улица С.Кожанов, строение 42;ТУЛЕНДИЕВА САУЛЕ ШОРАБЕКОВНА;
"ТОО ""КТ ""Ботақара""";050140000498;МФО;"ТОО ""КРЕДИТНОЕ ТОВАРИЩЕСТВО ""БОТАКАРА""";КАРАГАНДИНСКАЯ ОБЛАСТЬ, БУХАР-ЖЫРАУСКИЙ РАЙОН, БОТАКАРИНСКАЯ П.А., П.БОТАКАРА, улица Бухар-Жырау, дом 88;АЙСАБЕКОВА КУЛЬЗИЯ КАЙРОЛЛОВНА;
"ТОО ""Микрофинансовая организация ""Атамекен Қызылжар""";210340017484;МФО;"ТОО ""МИКРОФИНАНСОВАЯ ОРГАНИЗАЦИЯ ""АТАМЕКЕН ҚЫЗЫЛЖАР""";СЕВЕРО-КАЗАХСТАНСКАЯ ОБЛАСТЬ, ПЕТРОПАВЛОВСК Г.А., Г.ПЕТРОПАВЛОВСК, улица Нұрсұлтан Назарбаев, дом 69А;ИСКАКОВ ТИМУР МАУЛИТХАНОВИЧ;
"ТОО ""Кредитное Товарищество Созақ несие""";031040001144;МФО;"ТОО ""КРЕДИТНОЕ ТОВАРИЩЕСТВО ""СОЗАҚ-НЕСИЕ""";ТУРКЕСТАНСКАЯ ОБЛАСТЬ, СУЗАКСКИЙ РАЙОН, ШОЛАККОРГАНСКИЙ С.О., С.ШОЛАККОРГАН, улица Жибек жолы, здание 48;АЙДАРОВ НУРБОЛАТ БОЛАТОВИЧ;
"ТОО ""Кредитное товарищество ""Бархытбел-несие""";050740002931;Кредитное товарищество;"ТОО ""КРЕДИТНОЕ ТОВАРИЩЕСТВО ""БАРХЫТБЕЛ-НЕСИЕ""";ОБЛАСТЬ АБАЙ, РАЙОН АҚСУАТ, АКСУАТСКИЙ С.О., С.АКСУАТ, улица Ы.Кабекова, здание 16;САДУАНОВ САЯТ ТУРСЫНОВИЧ;
"ТОО ""Кредитное товарищество ""Кокпекты несие""";050440003443;Кредитное товарищество;"ТОО ""КРЕДИТНОЕ ТОВАРИЩЕСТВО ""КОКПЕКТЫ НЕСИЕ""";ОБЛАСТЬ АБАЙ, КОКПЕКТИНСКИЙ РАЙОН, КОКПЕКТИНСКИЙ С.О., С.КОКПЕКТЫ, улица Абылайхана, дом 19;АМРЕНОВ РИНАТ МУСЫРОВИЧ;
"ТОО ""Кредитное товарищество ""AgroBusiness KZ""";210240019536;Кредитное товарищество;"ТОО ""КРЕДИТНОЕ ТОВАРИЩЕСТВО ""AGROBUSINESS KZ""";ВОСТОЧНО-КАЗАХСТАНСКАЯ ОБЛАСТЬ, УСТЬ-КАМЕНОГОРСК Г.А., Г.УСТЬ-КАМЕНОГОРСК, улица Сағадат Нұрмағамбетов, дом 35А;КАЛАСОВ НУРБЕК АСКАРОВИЧ;
"ТОО ""Кредитное товарищество ""Катон-Карагай""";030140001600;Кредитное товарищество;"ТОО ""КРЕДИТНОЕ ТОВАРИЩЕСТВО ""КАТОН-КАРАГАЙ""";ВОСТОЧНО-КАЗАХСТАНСКАЯ ОБЛАСТЬ, РАЙОН ҮЛКЕН НАРЫН, УЛКЕН НАРЫНСКИЙ С.О., С.УЛКЕН НАРЫН, улица Шабдан Тумашинов, дом 4;КАРИНА АЙТЖАМАЛ РАХМЕТОВНА;
ТОО «Саги Инвест Ломбард»;180140037176;Ломбард;"ТОО ""САГИ ИНВЕСТ ЛОМБАРД""";Г.АЛМАТЫ, АУЭЗОВСКИЙ РАЙОН, Микрорайон 11, дом 33;МУСИЕВ МЕРЛАН САГИДУЛЛАЕВИЧ;
"ТОО ""Кредитное Товарищество Оңтүстік Қаржы""";200940031320;МФО;"ТОО ""КРЕДИТНОЕ ТОВАРИЩЕСТВО ОҢТҮСТІК ҚАРЖЫ""";ТУРКЕСТАНСКАЯ ОБЛАСТЬ, СУЗАКСКИЙ РАЙОН, ШОЛАККОРГАНСКИЙ С.О., С.ШОЛАККОРГАН, улица Жумадилда Еримбетов, здание 785;ЖҮНІС-ҰЛЫ РУСЛАН;
"ТОО ""7-SAY ЛОМБАРД""";180540011424;МФО;"ТОО ""7-SAY ЛОМБАРД""";ТУРКЕСТАНСКАЯ ОБЛАСТЬ, ЖЕТЫСАЙСКИЙ РАЙОН, Г.ЖЕТЫСАЙ, улица Ал-Фараби, дом 38;ҚУРБОНБОЕВА БЕГИМА РАХИМБЕРДИҚИЗИ;
"ТОО ""Кредитное товарищество ""Ауыл-несие""";150140002168;Кредитное товарищество;"ТОО ""КРЕДИТНОЕ ТОВАРИЩЕСТВО ""АУЫЛ-НЕСИЕ""";ТУРКЕСТАНСКАЯ ОБЛАСТЬ, САЙРАМСКИЙ РАЙОН, АКСУКЕНТСКИЙ С.О., С.АКСУ, улица Жибек жолы, здание 74;ТӨЛЕГЕН БАХЫТЖАН МҰХИТҰЛЫ;
"ТОО ""Микрофинансовая организация ""Ikan Finance""";181140024187;МФО;"ТОО ""МИКРОФИНАНСОВАЯ ОРГАНИЗАЦИЯ ""IKAN FINANCE""";ТУРКЕСТАНСКАЯ ОБЛАСТЬ, РАЙОН САУРАН, С.О.ЖАНА ИКАН, С.ИБАТА, улица Ибадулла ата, строение 1А;КАМАЛОВ МҮХАММАД АЛЫМДЖАНҰЛЫ;
"ТОО ""Кредитное товарищество ""Яссы-несие""";031040002491;Кредитное товарищество;"ТОО ""КРЕДИТНОЕ ТОВАРИЩЕСТВО ""ЯССЫ-НЕСИЕ""";ТУРКЕСТАНСКАЯ ОБЛАСТЬ, КЕНТАУ Г.А., КАРНАКСКИЙ С.О., С.КАРНАК, УЛИЦА АЗ ЖАНИБЕК, Д.4;ЮЛДАШОВ АЛИШЕР АБДАШИМОВИЧ;
"ТОО ""ЛОМБАРД MEGA-1""";180440004319;МФО;"ТОО ""ЛОМБАРД MEGA-1""";ТУРКЕСТАНСКАЯ ОБЛАСТЬ, ЖЕТЫСАЙСКИЙ РАЙОН, АСЫКАТИНСКАЯ П.А., П. АСЫКАТА, улица Аль-Фараби, строение 39;АБИЛХАСИМОВА ГУЛЬНУР ЕРМАХАНОВНА;
"ТОО ""МФО ""Тарлан-Кредит""";060440012523;МФО;"ТОО ""МИКРОФИНАНСОВАЯ ОРГАНИЗАЦИЯ ""ТАРЛАН-КРЕДИТ""";ТУРКЕСТАНСКАЯ ОБЛАСТЬ, КЕНТАУ Г.А., Г.КЕНТАУ, улица Бауыржан Момышулы, дом 53/54;АСАНБЕКОВА РАШИДА КУМАРОВНА;
"ТОО ""Lombard ""ZhASA""";180840023885;МФО;"ТОО ""LOMBARD ""ZHASA""";ТУРКЕСТАНСКАЯ ОБЛАСТЬ, КАЗЫГУРТСКИЙ РАЙОН, КАЗЫГУРТСКИЙ С.О., С.КАЗЫГУРТ, улица Байтуров Тойлыбай Куренбайулы, дом 8;СЕИТОВА АЙГЕРИМ ЕРЖАНОВНА;
"ТОО ""Ломбард ""Мұз Тау-1""";201240004063;Ломбард;"ТОО ""ЛОМБАРД ""МҰЗ ТАУ-1""";ТУРКЕСТАНСКАЯ ОБЛАСТЬ, ТОЛЕБИЙСКИЙ РАЙОН, КОКСАЕКСКИЙ С.О., С.КОКСАЙЕК, УЛИЦА ТОЛЕ БИ, 255А;ҚОРҒАМБАЙҰЛЫ ЕРЛАН;
"ТОО ""МФО ""Ырыс""";090440018805;МФО;"ТОО ""МИКРОФИНАНСОВАЯ ОРГАНИЗАЦИЯ ""ЫРЫС""";ТУРКЕСТАНСКАЯ ОБЛАСТЬ, ТУРКЕСТАН Г.А., Г.ТУРКЕСТАН, Проспект Тауке Хан, дом 321;МЫНБАЕВ МУХИТ МАМЫТОВИЧ;
"ТОО ""МФО ""Каратау-Кредит""";150940018460;МФО;"ТОО ""МИКРОФИНАНСОВАЯ ОРГАНИЗАЦИЯ ""КАРАТАУ-КРЕДИТ""";ТУРКЕСТАНСКАЯ ОБЛАСТЬ, КЕНТАУ Г.А., Г.КЕНТАУ, ПРОСПЕКТ КУНАЕВА, Д.23, К.17;КОНАРБАЕВ МУРАТ УМИРАЛИЕВИЧ;
"ТОО ""Кредитное Товарищество ""Төрткөл-несие""";140140006872;МФО;ТОО «КРЕДИТНОЕ ТОВАРИЩЕСТВО «ТӨРТКӨЛ-НЕСИЕ»;ТУРКЕСТАНСКАЯ ОБЛАСТЬ, ОРДАБАСЫНСКИЙ РАЙОН, С.О.ТОРТКУЛЬ, С.ТОРТКУЛЬ, улица С.Муханов, здание 25/2;ӨМІРБАЙ КҮНБОЛАТ КӨЛБАЙҰЛЫ;
"ТОО ""Ломбард ""Қор""";150140007812;Ломбард;"ТОО ""ЛОМБАРД ""ҚОР""";ТУРКЕСТАНСКАЯ ОБЛАСТЬ, ТЮЛЬКУБАССКИЙ РАЙОН, ТЮЛЬКУБАССКИЙ С.О., П.ТЮЛЬКУБАС, УЛИЦА ЖАМБЫЛА, Д.38;САГЫНДИКОВ БАХТИЯР АБДИРАСИЛОВИЧ;
"ТОО ""Береке-Ломбард KZ""";160840017054;Ломбард;"ТОО ""БЕРЕКЕ-ЛОМБАРД KZ""";ТУРКЕСТАНСКАЯ ОБЛАСТЬ, КЕНТАУ Г.А., Г.КЕНТАУ, Проспект Ахмета Ясави, дом 97, кв. 2;АБДУЖАППАРОВ РАХИМЖАН ХАЙРУЛЛАЕВИЧ;
"ТОО ""Кредитное товарищество ""Жетысай-несие""";070440002171;Кредитное товарищество;"ТОО ""КРЕДИТНОЕ ТОВАРИЩЕСТВО ""ЖЕТЫСАЙ-НЕСИЕ""";ТУРКЕСТАНСКАЯ ОБЛАСТЬ, МАКТААРАЛЬСКИЙ РАЙОН, П.А.АТАКЕНТ, П.АТАКЕНТ, улица Ташкентская, здание 90А;ЖАНДАРБЕКОВА НАГИМА АБДИГАППАРОВНА;
"ТОО ""Кредитное товарищество ""Отырарауылнесие""";040540000986;Кредитное товарищество;"ТОО ""КРЕДИТНОЕ ТОВАРИЩЕСТВО ""ОТЫРАРАУЫЛНЕСИЕ""";ТУРКЕСТАНСКАЯ ОБЛАСТЬ, ОТРАРСКИЙ РАЙОН, ШАУЛЬДЕРСКИЙ С.О., С.ШАУЛЬДЕР, улица Мухтар Ауезов, здание 2;ШЫНДАЛЫ ҚАЙРАТ ӘКІМБАЙҰЛЫ;
"ТОО ""Кредитное товарищество ""Агрокредит Ордабасы""";010740011283;Кредитное товарищество;"ТОО ""КРЕДИТНОЕ ТОВАРИЩЕСТВО ""АГРОКРЕДИТ ОРДАБАСЫ""";ТУРКЕСТАНСКАЯ ОБЛАСТЬ, ОРДАБАСЫНСКИЙ РАЙОН, КАЖЫМУКАНСКИЙ С.О., С.ТЕМИРЛАНОВКА, улица Кажымукан, здание 156;БАЙҒАБҰЛОВ ЕРДАУЛЕТ СЕРІКҰЛЫ;
"ТОО ""Кредитное товарищество ""Қазығұртнесие""";020740000996;Кредитное товарищество;"ТОО ""КРЕДИТНОЕ ТОВАРИЩЕСТВО ""ҚАЗЫҒҰРТНЕСИЕ""";ТУРКЕСТАНСКАЯ ОБЛАСТЬ, КАЗЫГУРТСКИЙ РАЙОН, КАЗЫГУРТСКИЙ С.О., С.КАЗЫГУРТ, улица Д.Кунаев, здание 149;ЖУЗБАЕВ ЕРБОЛ СЕЙТБЕКОВИЧ;
"ТОО ""Кредитное товарищество ""БІРЛІК АГРО""";190540033348;Кредитное товарищество;"ТОО ""КРЕДИТНОЕ ТОВАРИЩЕСТВО ""БІРЛІК АГРО""";ТУРКЕСТАНСКАЯ ОБЛАСТЬ, АРЫСЬ Г.А., Г.АРЫСЬ, улица Мусабек Батир, дом 32;ЖУНУСОВ АЗИМХАН АСАНХАНОВИЧ;
"ТОО ""Жаналык-Н.С"" Ломбард""";201140016549;Ломбард;"ТОО ""ЖАНАЛЫК-Н.С"" ЛОМБАРД""";ТУРКЕСТАНСКАЯ ОБЛАСТЬ, ОРДАБАСЫНСКИЙ РАЙОН, КАЖЫМУКАНСКИЙ С.О., С.ТЕМИРЛАНОВКА, УЛИЦА Б.Абасов, 11;АКМУРАТОВ СЕРГАЗЫ ЖАМАДИЛОВИЧ;
"ТОО ""Кредитное товарищество ""Qoldau Credit""";200640023100;Кредитное товарищество;"ТОО ""КРЕДИТНОЕ ТОВАРИЩЕСТВО ""QOLDAU CREDIT""";ТУРКЕСТАНСКАЯ ОБЛАСТЬ, КЕНТАУ Г.А., Г.КЕНТАУ, улица Ю.Гагарина, строение 50А;НУРИТДИНОВ ДАРХАН КАНАТОВИЧ;
"ТОО ""Кредитное товарищество ""Шорнак-Несие""";160340026848;Кредитное товарищество;"ТОО ""КРЕДИТНОЕ ТОВАРИЩЕСТВО ""ШОРНАК-НЕСИЕ""";ТУРКЕСТАНСКАЯ ОБЛАСТЬ, РАЙОН САУРАН, С.О.ШОРНАК, С. КОСМЕЗГИЛ, улица Ж.Шаяхметов, дом 40;БУРИСОВА ЖАНСАЯ ЖАНАЙДАРОВНА;
"ТОО ""Кредитное товарищество ""Туран-Несие""";140440001595;Кредитное товарищество;"ТОО ""КРЕДИТНОЕ ТОВАРИЩЕСТВО ""ТУРАН-НЕСИЕ""";ТУРКЕСТАНСКАЯ ОБЛАСТЬ, РАЙОН САУРАН, С.О.КАРАШЫК, С.КАРАШЫК, улица Улыкбек, строение 2;НАСИРОВ ФАРРУХ УСАРОВИЧ;
"ТОО ""Кредитное товарищество ""ТАБЫС НЕСИЕ""";191140014210;Кредитное товарищество;"ТОО ""КРЕДИТНОЕ ТОВАРИЩЕСТВО ""ТАБЫС НЕСИЕ""";ТУРКЕСТАНСКАЯ ОБЛАСТЬ, КАЗЫГУРТСКИЙ РАЙОН, КАЗЫГУРТСКИЙ С.О., С.КАЗЫГУРТ, улица Н.Муратов, дом 20;АНАРБАЕВ БАУЫРЖАН МУСИРМАНКУЛОВИЧ;
"ТОО ""Микрофинансовая организация ""Жәрдем АС""";040940001868;МФО;"ТОО ""МИКРОФИНАНСОВАЯ ОРГАНИЗАЦИЯ ""ЖӘРДЕМ АС""";ТУРКЕСТАНСКАЯ ОБЛАСТЬ, ТУРКЕСТАН Г.А., Г.ТУРКЕСТАН, улица Б.Смайлов, дом 6;ЕРГЕН НҰРБӘТИ;
"ТОО ""Кредитное товарищество ""Сарыагаш Несие""";021040000947;Кредитное товарищество;"ТОО ""КРЕДИТНОЕ ТОВАРИЩЕСТВО ""САРЫАГАШ НЕСИЕ""";ТУРКЕСТАНСКАЯ ОБЛАСТЬ, САРЫАГАШСКИЙ РАЙОН, Г.САРЫАГАШ, улица М Шоқай, дом 3;АБАТОВ ФАХРИДДИН САПАРБАЕВИЧ;
"ТОО ""Ломбард Медеу""";110540007374;Ломбард;"ТОО ""ЛОМБАРД МЕДЕУ""";ТУРКЕСТАНСКАЯ ОБЛАСТЬ, ТУРКЕСТАН Г.А., Г.ТУРКЕСТАН, Проспект Тауке Хан, дом 288;МУРХАНОВ АЛИШЕР АБДУКАРИМОВИЧ;
"ТОО ""Ломбард ""Алтын Казына""";140240018334;Ломбард;"ТОО ""ЛОМБАРД ""АЛТЫН КАЗЫНА""";ТУРКЕСТАНСКАЯ ОБЛАСТЬ, ТУРКЕСТАН Г.А., Г.ТУРКЕСТАН, улица Б.Майлин, дом 94;МЫРЗАХАНОВ ДОСХАН СУЛТАНОВИЧ;
"ТОО ""Ломбард ""Береке-финанс""";090940016586;Ломбард;"ТОО ""ЛОМБАРД ""БЕРЕКЕ-ФИНАНС""";ТУРКЕСТАНСКАЯ ОБЛАСТЬ, ЖЕТЫСАЙСКИЙ РАЙОН, Г.ЖЕТЫСАЙ, улица М.Ауезова, строение 61А;РАБИЕВА ФИРУЗА ЕЛМУРАТОВНА;
"ТОО ""олжа-1 ломбард""";181040019058;Ломбард;"ТОО ""ОЛЖА-1 ЛОМБАРД""";ТУРКЕСТАНСКАЯ ОБЛАСТЬ, КЕНТАУ Г.А., Г.КЕНТАУ, улица И.Панфилова, строение 37/36;ДАУЛЕТОВ ОЛЖАС НУРМАШУЛЫ;
"ТОО Ломбард ""Экспресс""";071140019217;Ломбард;"ТОО ЛОМБАРД ""ЭКСПРЕСС""";ТУРКЕСТАНСКАЯ ОБЛАСТЬ, ТУРКЕСТАН Г.А., Г.ТУРКЕСТАН, ПРОСПЕКТ ТАУКЕ ХАНА, Д.286;АТАХАНОВ БАХТИЕР АЖИБАЕВИЧ;
"ТОО ""Ломбард Нұр-Бек""";190940015582;Ломбард;"ТОО ""ЛОМБАРД НҰР-БЕК""";ТУРКЕСТАНСКАЯ ОБЛАСТЬ, ЖЕТЫСАЙСКИЙ РАЙОН, Г.ЖЕТЫСАЙ, улица Ахмета Яссауи, дом 31Б;МАМИТОВА АЙГУЛ ЖУМАБАЕВНА;
"ТОО ""Ломбард ""Асыл кредит""";091140002981;Ломбард;"ТОО ""ЛОМБАРД ""АСЫЛ КРЕДИТ""";ТУРКЕСТАНСКАЯ ОБЛАСТЬ, ЖЕТЫСАЙСКИЙ РАЙОН, Г.ЖЕТЫСАЙ, улица М.Ауезова, строение 81А;АСАБАЕВ БАТЫРБЕК АЛТЫНБЕКОВИЧ;
"ТОО ""Ломбард ""Аль-Фараби""";080640014858;Ломбард;"ТОО ""ЛОМБАРД ""АЛЬ-ФАРАБИ""";ТУРКЕСТАНСКАЯ ОБЛАСТЬ, ЖЕТЫСАЙСКИЙ РАЙОН, Г.ЖЕТЫСАЙ, улица Курмангазы, дом 12;ТАЙБЕКОВ УАЛИХАН КАДИРОВИЧ;
"ТОО ""Ломбард ""TIYN-S""";171240008187;Ломбард;"ТОО ""ЛОМБАРД ""TIYN-S""";ТУРКЕСТАНСКАЯ ОБЛАСТЬ, ТОЛЕБИЙСКИЙ РАЙОН, КИЕЛИТАССКИЙ С.О., С.СУЛТАНРАБАТ, улица Казахстан, дом 128;НОНАКОВА АЙГУЛЬ ЕСЕНБАЕВНА;
"ТОО ""Ломбард Көмекком""";061240010872;Ломбард;"ТОО ""ЛОМБАРД КӨМЕККОМ""";ТУРКЕСТАНСКАЯ ОБЛАСТЬ, ТУРКЕСТАН Г.А., Г.ТУРКЕСТАН, Микрорайон 1, дом 23, кв. 42;КАЛДЫБАЕВ БАТЫРХАН ЖУБАЙХАНОВИЧ;
"ТОО ""Ломбард ""Анель-2030""";000240004277;Ломбард;"ТОО ""ЛОМБАРД ""АНЕЛЬ-2030""";ТУРКЕСТАНСКАЯ ОБЛАСТЬ, ТУРКЕСТАН Г.А., Г.ТУРКЕСТАН, Проспект Тауке Хан, строение 184Г;САМБЕТОВА АКМАРАЛ САРСЕНБАЕВНА;
"ТОО ""Ломбард Д-КАПИТАЛ""";140740026551;Ломбард;"ТОО ""ЛОМБАРД Д-КАПИТАЛ""";ТУРКЕСТАНСКАЯ ОБЛАСТЬ, САРЫАГАШСКИЙ РАЙОН, ЖИБЕКЖОЛИНСКИЙ С.О., С.ДИХАН БАБА, улица Жастар, дом 31;КУБЕЕВ КАЙРАТ МУХТОРОВИЧ;
"ТОО ""Ломбард Шанс""";200140006291;Ломбард;"ТОО ""ЛОМБАРД ШАНС""";Г.ШЫМКЕНТ, КАРАТАУСКИЙ РАЙОН, Микрорайон Нурсат, здание 28/1;ИШКУЛОВА АЙЖАН АБДАЗИЗОВНА;
"ТОО ""Ломбард ""ЖЖҚ""";200540015443;Ломбард;"ТОО ""ЛОМБАРД ""ЖЖҚ""";ТУРКЕСТАНСКАЯ ОБЛАСТЬ, КАЗЫГУРТСКИЙ РАЙОН, КАЗЫГУРТСКИЙ С.О., С.КАЗЫГУРТ, улица А.Тогаев, здание 1Д;БЕЙСЕНОВА РАХИЯ ТУРСЫНБАЕВНА;
"ТОО ""Кредитное товарищество ""Халык-Несие""";201140021486;Кредитное товарищество;"ТОО ""КРЕДИТНОЕ ТОВАРИЩЕСТВО ""ХАЛЫК-НЕСИЕ""";ТУРКЕСТАНСКАЯ ОБЛАСТЬ, РАЙОН САУРАН, С.О.ОРАНГАЙ, С.БОСТАНДЫК, улица М.Казыбеков, дом 26;КОЙШЫГАРАЕВА АЙНУР АЙТЖАНОВНА;
"ТОО ""Алмаз Group ломбард""";160440015965;Ломбард;"ТОО ""АЛМАЗ GROUP ЛОМБАРД""";ТУРКЕСТАНСКАЯ ОБЛАСТЬ, КЕЛЕССКИЙ РАЙОН, АБАЙСКИЙ С.О., С.АБАЙ, улица Д.Конаев, строение 13А;ИБИШОВА БАХЫТКУЛ САТЫБАЛДИЕВНА;
"ТОО ""скай-ломбард""";170840019181;Ломбард;"ТОО ""СКАЙ-ЛОМБАРД""";ТУРКЕСТАНСКАЯ ОБЛАСТЬ, ТУРКЕСТАН Г.А., Г.ТУРКЕСТАН, МИКРОРАЙОН 1, Д.27, К.3;ОМАРОВА АСЫЛЗАТ МАРАТОВНА;
"ТОО ""Ломбард Шынар-Ай""";200740008587;Ломбард;"ТОО ""ЛОМБАРД ШЫНАР-АЙ""";ТУРКЕСТАНСКАЯ ОБЛАСТЬ, ОРДАБАСЫНСКИЙ РАЙОН, С.О.ШУБАРСУ, С.ШУБАРСУ, Массив Асар, дом 1713;ЖАНЗАКОВА ОРЫН ИБРАГИМОВНА;
"ТОО ""Бренд Ломбард""";140140020729;Ломбард;"ТОО ""БРЕНД ЛОМБАРД""";ТУРКЕСТАНСКАЯ ОБЛАСТЬ, ЖЕТЫСАЙСКИЙ РАЙОН, Г.ЖЕТЫСАЙ, улица С.Малдыбеков, дом 14;МАМЫТ ЕРЖАН ОРАЗҰЛЫ;
"ТОО ""Данияр Ломбард""";140740023339;Ломбард;"ТОО ""ДАНИЯР ЛОМБАРД""";ТУРКЕСТАНСКАЯ ОБЛАСТЬ, МАКТААРАЛЬСКИЙ РАЙОН, МЫРЗАКЕНТСАЯ П.А., П. МЫРЗАКЕНТ, улица С.Кожанова, строение 37, кв. 6;ТОЙБЕКОВА НУРСАУЛЕ КАДЫРОВНА;
"ТОО ""Элит 1 Ломбард""";140240023455;Ломбард;"ТОО ""ЭЛИТ 1 ЛОМБАРД""";ТУРКЕСТАНСКАЯ ОБЛАСТЬ, ТОЛЕБИЙСКИЙ РАЙОН, Г.ЛЕНГЕР, улица Толе би, дом 56;МАЖЕНОВ САКЕН ЕСМАХАНУЛЫ;
"ТОО ""АСЫЛ 999"" Ломбард""";140840022186;Ломбард;"ТОО ""АСЫЛ 999"" ЛОМБАРД""";ТУРКЕСТАНСКАЯ ОБЛАСТЬ, ТУРКЕСТАН Г.А., Г.ТУРКЕСТАН, ПРОСПЕКТ ТАУКЕ ХАН, 192Д;СЕЙДАЛИЕВА АЙЖАН АСАНОВНА;
"ТОО ""Ломбард ""Экспресс-2020""";131040005564;Ломбард;"ТОО ""ЛОМБАРД ""ЭКСПЕРСС-2020""";ТУРКЕСТАНСКАЯ ОБЛАСТЬ, КЕНТАУ Г.А., Г.КЕНТАУ, УЛИЦА ТОЛЕ БИ, Д.53, КВ. 6;АБДРАЙМОВ ДАНА РАХМАНОВИЧ;
"ТОО ""Ломбард Туркестан""";140340006552;Ломбард;"ТОО ""ЛОМБАРД ТУРКЕСТАН""";ТУРКЕСТАНСКАЯ ОБЛАСТЬ, ТУРКЕСТАН Г.А., Г.ТУРКЕСТАН, улица Хакназар хан, дом 49;СЫЗДЫКОВ МАМАТРАИМ МУСАНАЛИЕВИЧ;
"ТОО ""Алтын Сапа Ломбарды""";160340004272;Ломбард;"ТОО ""АЛТЫН САПА ЛОМБАРДЫ""";ТУРКЕСТАНСКАЯ ОБЛАСТЬ, САРЫАГАШСКИЙ РАЙОН, Г.САРЫАГАШ, Микрорайон Молтек, дом 27, кв. 24;АДЫРБЕКОВ НУРМАХАН ДЖУМАХАНОВИЧ;
"ТОО ""Ломбард ММ-Алихан""";190140032474;Ломбард;"ТОО ""ЛОМБАРД ММ-АЛИХАН""";ТУРКЕСТАНСКАЯ ОБЛАСТЬ, КЕЛЕССКИЙ РАЙОН, АБАЙСКИЙ С.О., С.АБАЙ, улица М.Артыков, строение 171;ПОШАЕВ МУХТАР АБДРАШОВИЧ;
"ТОО ""Ломбард Alma Gold 001""";180840028539;Ломбард;"ТОО ""ЛОМБАРД ALMA GOLD 001""";Г.АЛМАТЫ, АЛМАЛИНСКИЙ РАЙОН, УЛИЦА ҚАЗЫБЕК БИ, 125/1;ШАРОНОВ ЮРИЙ СЕРГЕЕВИЧ;
"ТОО ""КТ ""Қарқаралы""";030640001659;МФО;"ТОО КРЕДИТНОЕ ТОВАРИЩЕСТВО ""ҚАРҚАРАЛЫ""";КАРАГАНДИНСКАЯ ОБЛАСТЬ, КАРКАРАЛИНСКИЙ РАЙОН, Г.КАРКАРАЛИНСК, улица Т.Аубакирова, строение 34;КАТПАТАЕВА ЗАУРЕШ КАБЫЛОВНА;
"ТОО ""Кредитное товарищетство ""Тамыр""";050340001453;МФО;"ТОО ""КРЕДИТНОЕ ТОВАРИЩЕСТВО ""ТАМЫР""";ПАВЛОДАРСКАЯ ОБЛАСТЬ, РАЙОН АҚҚУЛЫ, С.О.АҚҚУЛЫ, С.АҚҚУЛЫ, улица Всеволода Иванова, здание 92;МОМЕНЖАНОВ ДОСЫМ ВЛАДИМИРОВИЧ;
"ТОО ""Кредитное товарищетство ""Рассвет""";040340003408;МФО;"ТОО ""КРЕДИТНОЕ ТОВАРИЩЕСТВО ""РАССВЕТ""";ПАВЛОДАРСКАЯ ОБЛАСТЬ, ЩЕРБАКТИНСКИЙ РАЙОН, ШАРБАКТИНСКИЙ С.О., С.ШАРБАКТЫ, улица Владимира Чайко, строение 36;БЕКТЕМИРОВА ГУЛЬЖАН БЕКТЕМИРОВНА;
"ТОО ""Микрофинансовая организация ""Авто Жана Кредит""";201240002493;МФО;"ТОО ""МИКРОФИНАНСОВАЯ ОРГАНИЗАЦИЯ ""АВТО ЖАНА КРЕДИТ""";Г.АЛМАТЫ, БОСТАНДЫКСКИЙ РАЙОН, улица Манаш Қозыбаев, дом 10;КАЙРМАГАМБЕТОВ БОЛАТ МУСИРАЛИЕВИЧ;
"ТОО ""АлтынКа-Ломбард""";160240003052;Ломбард;"ТОО ""АЛТЫНКА-ЛОМБАРД""";КАРАГАНДИНСКАЯ ОБЛАСТЬ, НУРИНСКИЙ РАЙОН, П.А.НУРА, П.НУРА, улица Сейфуллина, здание 60;АБЕЛЬСЕИТОВА САЛТАНАТ ТАНЖАРИКОВНА;
"ТОО ""Ломбард Мият""";160440004088;Ломбард;"ТОО ""ЛОМБАРД МИЯТ""";КАРАГАНДИНСКАЯ ОБЛАСТЬ, БАЛХАШ Г.А., Г.БАЛХАШ, УЛИЦА БАЙСЕИТОВА, 8, КВ 2;САСАЕВА МАКПАЛ ЖАППАРОВНА;
"ТОО ""Ломбард GoldenLUX""";161240025761;Ломбард;"ТОО ""ЛОМБАРД GOLDENLUX""";КАРАГАНДИНСКАЯ ОБЛАСТЬ, БАЛХАШ Г.А., Г.БАЛХАШ, улица Караменде Би, дом 6;НИЗАМЕЕВА ЛИЛИЯ ФАРИТОВНА;
"ТОО ""Ломбард Зенит LTD""";060340006387;Ломбард;"ТОО ""ЛОМБАРД ЗЕНИТ LTD""";КАРАГАНДИНСКАЯ ОБЛАСТЬ, КАРАГАНДА Г.А., Г.КАРАГАНДА, Р.А. ИМ. КАЗЫБЕК БИ, РАЙОН ИМ.КАЗЫБЕК БИ, улица Сатыбалдина, дом 11/2, н.п. 3;ФИЛИМОНЕНКО ЕЛЕНА АЛЕКСАНДРОВНА;
"ТОО ""Ломбард ПЛЮС""";070940021483;Ломбард;"ТОО ""ЛОМБАРД ПЛЮС""";КАРАГАНДИНСКАЯ ОБЛАСТЬ, САРАНЬ Г.А., Г.САРАНЬ, улица Жамбыла, дом 66;КРАВЦОВ АЛЕКСАНДР АЛЕКСАНДРОВИЧ;
"ТОО ""Ломбард Golden № 1""";160840019279;Ломбард;"ТОО ""ЛОМБАРД GOLDEN N 1""";КАРАГАНДИНСКАЯ ОБЛАСТЬ, КАРАГАНДА Г.А., Г.КАРАГАНДА, Р.А. ИМ. КАЗЫБЕК БИ, РАЙОН ИМ.КАЗЫБЕК БИ, улица Ботаническая, дом 12/1, кв. 18;ФОРЫШЕВ РОМАН ВАСИЛЬЕВИЧ;
"ТОО ""АвансФинанс Ломбард""";170840031824;Ломбард;"ТОО ""АВАНСФИНАНС ЛОМБАРД""";КАРАГАНДИНСКАЯ ОБЛАСТЬ, АБАЙСКИЙ РАЙОН, АБАЙСКАЯ Г.А., Г.АБАЙ, улица Абая, дом 52, кв. 1;БОЛОТСКИЙ ВИТАЛИЙ ВЛАДИМИРОВИЧ;
"ТОО ""Ломбард и Я""";070440003794;Ломбард;"ТОО ""ЛОМБАРД И Я""";АКМОЛИНСКАЯ ОБЛАСТЬ, БУРАБАЙСКИЙ РАЙОН, ЩУЧИНСКАЯ Г.А., Г.ЩУЧИНСК, улица Галыма Елемесова, дом 58;АЛИБАЕВА АСЕМГУЛЬ ТОЛЕГЕНОВНА;
"ТОО ""Ломбард Рантье KZ""";120640005224;Ломбард;"ТОО ""ЛОМБАРД РАНТЬЕ KZ""";КАРАГАНДИНСКАЯ ОБЛАСТЬ, ТЕМИРТАУ Г.А., Г.ТЕМИРТАУ, Проспект Мира, дом 122, кв. 29;ДАРКИМБАЕВА АЙМАН ТУЛЯЙБЕРГЕНОВНА;
"Товарищество с ограниченной ответственностью ""Ломбард Караганда - Кредит""";050340007482;Ломбард;"ТОО ""ЛОМБАРД ""КАРАГАНДА-КРЕДИТ""";КАРАГАНДИНСКАЯ ОБЛАСТЬ, КАРАГАНДА Г.А., Г.КАРАГАНДА, ӘЛИХАН БӨКЕЙХАН Р.А., РАЙОН ӘЛИХАН БӨКЕЙХАН, Микрорайон 14, дом 1, н.п. 2;ИВАНОВА МАДИНА БЕРИКОВНА;
"Товарищество с ограниченной ответственностью ""Ломбард ЮВЕЛИРЪ""";151140020317;Ломбард;"ТОО ""ЛОМБАРД ЮВЕЛИРЪ""";КАРАГАНДИНСКАЯ ОБЛАСТЬ, ТЕМИРТАУ Г.А., Г.ТЕМИРТАУ, Микрорайон 6, строение 33Г;БЕЛОЗЕРОВА ЛЮДМИЛА ПАВЛОВНА;
"Товарищество с ограниченной ответственностью ""KZ Ломбард""";070140004058;Ломбард;"ТОО ""KZ ЛОМБАРД""";КАРАГАНДИНСКАЯ ОБЛАСТЬ, ШАХТИНСК Г.А., Г.ШАХТИНСК, улица имени 40-летия Победы, дом 60, н.п. 16;СЫЗДЫКОВ БАУРЖАН КОКЕШЕВИЧ;
"Товарищество с ограниченной ответственностью ""Ломбард Аметист""";100140007318;Ломбард;"ТОО ЛОМБАРД ""АМЕТИСТ""";КАРАГАНДИНСКАЯ ОБЛАСТЬ, КАРАГАНДА Г.А., Г.КАРАГАНДА, Р.А. ИМ. КАЗЫБЕК БИ, РАЙОН ИМ.КАЗЫБЕК БИ, Проспект Абдирова, дом 36/4, кв. 76;НИКИФОРОВА ИРИНА АЛЕКСАНДРОВНА;
"Товарищество с ограниченной ответственностью ""Кредитное товарищество ""Актогай""";050440001536;Кредитное товарищество;"ТОО ""КРЕДИТНОЕ ТОВАРИЩЕСТВО ""АКТОГАЙ""";КАРАГАНДИНСКАЯ ОБЛАСТЬ, АКТОГАЙСКИЙ РАЙОН, АКТОГАЙСКИЙ С.О., С.АКТОГАЙ, улица Алихан Бокейхан, строение 7;ЕДЕБЕКОВ ЕРНУР КАЗТАЙУЛЫ;
"Товарищество с ограниченной ответственностью ""Кредитное товарищество ""Шеткөмек""";050640003391;Кредитное товарищество;"ТОО ""КРЕДИТНОЕ ТОВАРИЩЕСТВО ""ШЕТКӨМЕК""";КАРАГАНДИНСКАЯ ОБЛАСТЬ, ШЕТСКИЙ РАЙОН, АКСУ-АЮЛИНСКИЙ С.О., С.АКСУ-АЮЛЫ, улица Жангутты би, дом 42;ИМАНБАЕВА АКЖАРКЫН ТУРГАНБАЕВНА;
"ТОО ""Ломбард Автобизнес Плюс""";080640004781;Ломбард;"ТОО ""ЛОМБАРД АВТОБИЗНЕС ПЛЮС""";Г.АЛМАТЫ, БОСТАНДЫКСКИЙ РАЙОН, Проспект Аль-Фараби, дом 21, н.п. 1213;КОБЕГЕНОВА ГУЛЬМИРА ЖУЛДЫЗБЕКОВНА;
"ТОО ""Smart Ломбард""";160640002693;Ломбард;"ТОО ""SMART ЛОМБАРД""";Г.АЛМАТЫ, МЕДЕУСКИЙ РАЙОН, улица Макатаева, дом 52;ЖУМАГЕЛЬДИН МАДИ АШИМГАЛИЕВИЧ;
"ТОО ""АЛТЫН АҚША ЛОМБАРД""";150640001851;МФО;"ТОО ""АЛТЫН АҚША ЛОМБАРД""";Г.АЛМАТЫ, МЕДЕУСКИЙ РАЙОН, улица Макатаева, дом 46, н.п. 62;ДУЙСЕШОВА АЙНАГУЛЬ МАКСУТОВНА;
"Товарищество с ограниченной ответственностью ""Кредитное товарищество ""Кордай""";031240001032;Кредитное товарищество;"ТОО ""КРЕДИТНОЕ ТОВАРИЩЕСТВО ""КОРДАЙ""";ЖАМБЫЛСКАЯ ОБЛАСТЬ, КОРДАЙСКИЙ РАЙОН, КОРДАЙСКИЙ С.О., С.КОРДАЙ, УЛИЦА БАЙДИБЕК, 145А;БАТЫРОВ ГАЛЫМ КИРГИЗБАЕВИЧ;
"ТОО ""Кредитное товарищество ""Шыгыс-Несие""";070340003017;Кредитное товарищество;"ТОО ""КРЕДИТНОЕ ТОВАРИЩЕСТВО ""ШЫГЫС-НЕСИЕ""";ВОСТОЧНО-КАЗАХСТАНСКАЯ ОБЛАСТЬ, УСТЬ-КАМЕНОГОРСК Г.А., Г.УСТЬ-КАМЕНОГОРСК, улица Протозанова, дом 83;САЙЛАУБАЕВ СЕЙЛЖАН;
"Товарищество с ограниченной ответственностью ""ЛОМБАРД STATUS&amp;Ko""";171140028930;МФО;"ТОО ""ЛОМБАРД STATUS & KO""";КАРАГАНДИНСКАЯ ОБЛАСТЬ, ТЕМИРТАУ Г.А., Г.ТЕМИРТАУ, Проспект Мира, дом 78;ТУЛЕУБАЕВ ЖАНБОЛАТ БАЙДЫБЕКУЛЫ;
"Товарищество с ограниченной ответственностью ""TEZ автоломбард""";190240016496;Ломбард;"ТОО ""TEZ АВТОЛОМБАРД""";КАРАГАНДИНСКАЯ ОБЛАСТЬ, КАРАГАНДА Г.А., Г.КАРАГАНДА, Р.А. ИМ. КАЗЫБЕК БИ, РАЙОН ИМ.КАЗЫБЕК БИ, улица Алиханова, дом 8А;ТУЛЕУБАЕВ ЖАНБОЛАТ БАЙДЫБЕКУЛЫ;
"Товарищество с ограниченной ответственностью ""Кредитное товарищество ""ASYL""";140240026345;Кредитное товарищество;"ТОО ""KРЕДИТНОЕ ТОВАРИЩЕСТВО ""ASYL""";КАРАГАНДИНСКАЯ ОБЛАСТЬ, КАРАГАНДА Г.А., Г.КАРАГАНДА, Р.А. ИМ. КАЗЫБЕК БИ, РАЙОН ИМ.КАЗЫБЕК БИ, Проспект Республики, строение 7;ИМАНОВА АЙГЕРИМ ЖАНАТОВНА;
"Товарищество с ограниченной ответственностью ""Кредитное товарищество ""ЖЕМ-ЕЛЕК""";080540019766;Кредитное товарищество;"ТОО ""КРЕДИТНОЕ ТОВАРИЩЕСТВО ""ЖЕМ-ЕЛЕК""";АКТЮБИНСКАЯ ОБЛАСТЬ, МУГАЛЖАРСКИЙ РАЙОН, КАНДЫАГАШСКАЯ Г.А., Г.КАНДЫАГАШ, улица Салим Шынтасов, дом 3Б;ЗУЛКАШЕВ МАКСАТ САМАТОВИЧ;
"ТОО ""Кредитное товарищество ""Акжар-Кредит""";060840002619;Кредитное товарищество;"ТОО ""КРЕДИТНОЕ ТОВАРИЩЕСТВО ""АКЖАР-КРЕДИТ""";СЕВЕРО-КАЗАХСТАНСКАЯ ОБЛАСТЬ, АКЖАРСКИЙ РАЙОН, ТАЛШЫКСКИЙ С.О., С.ТАЛШИК, улица Целинная, строение 13;КЗИДЕНОВ АСЫЛБЕК БАЙНАЗАРОВИЧ;
"ТОО ""Авто Ломбард ""Алматы-Кредит""";150240012971;Ломбард;"ТОО ""АВТО ЛОМБАРД ""АЛМАТЫ-КРЕДИТ""";Г.АЛМАТЫ, МЕДЕУСКИЙ РАЙОН, Микрорайон Самал-1, дом 24, н.п. 85;УСТЕМИРОВ ЕРЖАН ДАКЕНОВИЧ;
"ТОО ""Қаржы Ломбард""";110540016353;Ломбард;"ТОО ""ҚАРЖЫ ЛОМБАРД""";Г.АЛМАТЫ, МЕДЕУСКИЙ РАЙОН, Микрорайон Самал-2, дом 78, кв. 13;АСЫЛОВ КАНАТ САЙДАХМЕТУЛЫ;
"ТОО ""ДонЛомбард""";180640030078;Ломбард;"ТОО ""ДОНЛОМБАРД""";Г.АЛМАТЫ, АЛМАЛИНСКИЙ РАЙОН, улица Байзакова, дом 134, н.п. 26;МУСАКУЛОВА БАЛЖАН СӘКЕНҚЫЗЫ;
"ТОО ""МФО ""Credit365 Kazakhstan""&nbsp;(Кредит&nbsp;365&nbsp;Казахстан)""";200940032913;МФО;"ТОО ""МФО ""CREDIT365 KAZAKHSTAN"" (КРЕДИТ 365 КАЗАХСТАН)""";АЛМАТИНСКАЯ ОБЛАСТЬ, ҚОНАЕВ Г.А., Г.ҚОНАЕВ, Микрорайон 2, строение 19, н.п. 1;СЕРІКҰЛЫ САМАТ;
"Товарищество с ограниченной ответственностью ""Ломбард Golden Lion""";190140007710;Ломбард;"ТОО ""ЛОМБАРД GOLDEN LION""";КАРАГАНДИНСКАЯ ОБЛАСТЬ, КАРАГАНДА Г.А., Г.КАРАГАНДА, Р.А. ИМ. КАЗЫБЕК БИ, РАЙОН ИМ.КАЗЫБЕК БИ, улица Газалиева, дом 5;АНАСТАСИЯДИ ВИТАЛИЙ СТЕПАНОВИЧ;
"Товарищество с ограниченной ответственностью ""Микрофинансовая организация ""CashCapital""";210240011917;МФО;"ТОО ""МИКРОФИНАНСОВАЯ ОРГАНИЗАЦИЯ ""CASHCAPITAL""";Г.АСТАНА, РАЙОН САРЫАРКА, улица Кенжебека Кумисбекова, дом 8, кв. 32;АБЫКАНОВ АЙБЕК ЕРГАНАТҰЛЫ;
"ТОО ""Хан Б Ломбард""";180240007287;Ломбард;"ТОО ""ХАН Б ЛОМБАРД""";Г.АЛМАТЫ, ЖЕТЫСУСКИЙ РАЙОН, Микрорайон Кокжиек, дом 26, кв. 41;ДАНЫШПАНОВА АЛЬБИНА НУРЛАНОВНА;
"ТОО ""КТ ""Сарыбел""";030640001450;МФО;"ТОО ""КРЕДИТНОЕ ТОВАРИЩЕСТВО ""САРЫБЕЛ""";КАРАГАНДИНСКАЯ ОБЛАСТЬ, ОСАКАРОВСКИЙ РАЙОН, ОСАКАРОВСКАЯ П.А., П.ОСАКАРОВКА, улица Фабричная, здание 46;БАШАРОВ НУРЛАН АМАНГЕЛЬДЫЕВИЧ;
"Товарищество с ограниченной ответственностью ""Кредитное товарищество ""Дихан""";030640001669;Кредитное товарищество;"ТОО ""КРЕДИТНОЕ ТОВАРИЩЕСТВО ""ДИХАН""";ЖАМБЫЛСКАЯ ОБЛАСТЬ, ЖАМБЫЛСКИЙ РАЙОН, АСИНСКИЙ С.О., С.АСА, улица Абай, здание 26;АМИРБЕКОВ ДАУЛЕТ ПЕРНЕБЕКОВИЧ;
"Товарищество с ограниченной ответственностью ""Кредитное товарищество ""Жуалы""";031040002013;Кредитное товарищество;"ТОО ""КРЕДИТНОЕ ТОВАРИЩЕСТВО ""ЖУАЛЫ""";ЖАМБЫЛСКАЯ ОБЛАСТЬ, ЖУАЛЫНСКИЙ РАЙОН, Б.МОМЫШУЛЫ С.О., С.ИМ.Б.МОМЫШУЛЫ, улица Рысбек Батыр, здание 56Б;МЕДЕТОВ АСХАТ ДАУЛЕТОВИЧ;
"Товарищество с ограниченной ответственностью ""Ломбард ""Меркурий""";120240017045;Ломбард;"ТОО ""ЛОМБАРД ""МЕРКУРИЙ""";ЖАМБЫЛСКАЯ ОБЛАСТЬ, ТАРАЗ Г.А., Г.ТАРАЗ, РАЙОН ӘУЛИЕАТА, улица Гамалея, дом 1;КОРАБАЕВА ДИНАРА ШЕГЕБАЕВНА;
"Товарищество с ограниченной ответственностью ""Ломбард ""Асылжан""";081140000931;Ломбард;"ТОО ""ЛОМБАРД ""АСЫЛЖАН""";Г.ШЫМКЕНТ, РАЙОН ТУРАН, улица Мангельдина, дом 43, н.п. 1;ТЕНЛИБАЕВА ЖАМИЛА СЕРИКБАЕВНА;
"Товарищество с ограниченной ответственностью ""Кредитное товарищество ""Оңтүстік Финанс-Ресурс""";120440026270;Кредитное товарищество;"ТОО ""КРЕДИТНОЕ ТОВАРИЩЕСТВО ""ОҢТҮСТІК ФИНАНС-РЕСУРС""";Г.ШЫМКЕНТ, АЛЬ-ФАРАБИЙСКИЙ РАЙОН, улица Толе би, здание 25;СЕЙІТЖАН БАҚЫТЖАН СЕРІКЖАНҰЛЫ;
"Товарищество с ограниченной ответственностью ""Кредитное товарищество ""Тенге-несие""";031240001329;Кредитное товарищество;"ТОО ""КРЕДИТНОЕ ТОВАРИЩЕСТВО ""ТЕНГЕ-НЕСИЕ""";Г.ШЫМКЕНТ, РАЙОН ТУРАН, улица Санжара Жандосова, дом 2, н.п. 22;БИБОСЫНОВ НУРЖАН БАЗАРБАЕВИЧ;
"Товарищество с ограниченной ответственностью ""Кредитное товарищество ""StartUp Invest""";200640000499;Кредитное товарищество;"ТОО ""КРЕДИТНОЕ ТОВАРИЩЕСТВО ""STARTUP INVEST""";ТУРКЕСТАНСКАЯ ОБЛАСТЬ, РАЙОН САУРАН, С.О.ЕСКИ ИКАН, С.СТАРОИКАН, улица Аль Бухарий, дом 22;ИСМАИЛОВ НУРЛАН МИРИСЛАМОВИЧ;
"Товарищество с ограниченной ответственностью ""Казах Ломбард""";130640022946;Ломбард;"ТОО ""КАЗАХ ЛОМБАРД""";Г.ШЫМКЕНТ, ЕНБЕКШИНСКИЙ РАЙОН, Микрорайон 18, улица Рыскулова, строение 28;АМАНТАЙ ГУЛЬМИРА СЕЙТКАЛИКЫЗЫ;
"Товарищество с ограниченной ответственностью ""Ломбард Самұрық kz""";121040014482;Ломбард;"ТОО ""ЛОМБАРД САМҰРЫҚ KZ""";Г.ШЫМКЕНТ, ЕНБЕКШИНСКИЙ РАЙОН, улица Безделева, дом 4, кв. 49;АКТАЕВ МУХТАР ОСПАНОВИЧ;
"Товарищество с ограниченной ответственностью ""∑παρτα Ломбард""";181240026947;Ломбард;"ТОО ""∑ΠΑΡΤΑ ЛОМБАРД""";Г.ШЫМКЕНТ, АЛЬ-ФАРАБИЙСКИЙ РАЙОН, УЛИЦА Н.ТОРЕКУЛОВ ЗД.2/1;ЗЕТБЕКОВ ОЛЖАС МАРАТҰЛЫ;
"ТОО ""Ломбард ""Астаналык-2011""";111140006750;Ломбард;"ТОО ""ЛОМБАРД ""АСТАНАЛЫК - 2011""";КАРАГАНДИНСКАЯ ОБЛАСТЬ, АБАЙСКИЙ РАЙОН, АБАЙСКАЯ Г.А., Г.АБАЙ, Микрорайон 3, дом 3, кв. 47;БИЖАНОВА НАРГИЗ БЕКТАСОВНА;
"ТОО ""Ломбард Gold V""";090640018159;Ломбард;"ТОО ""ЛОМБАРД GOLD V""";КАРАГАНДИНСКАЯ ОБЛАСТЬ, КАРАГАНДА Г.А., Г.КАРАГАНДА, Р.А. ИМ. КАЗЫБЕК БИ, РАЙОН ИМ.КАЗЫБЕК БИ, улица Камали Дүйсембекова, дом 37;ШТЕБЛАУ АНАСТАСИЯ АЛЕКСАНДРОВНА;
"ТОО ""Ломбард ""Алтын Төбе""";081140016482;Ломбард;"ТОО ""ЛОМБАРД ""АЛТЫН ТӨБЕ""";КАРАГАНДИНСКАЯ ОБЛАСТЬ, ТЕМИРТАУ Г.А., Г.ТЕМИРТАУ, Проспект Мира, дом 110В;ПЕРЕГИНЕЦ СНЕЖАНА ВЛАДИМИРОВНА;
"ТОО ""Ломбард ""Казына Gold""";130540012919;Ломбард;"ТОО ""ЛОМБАРД КАЗЫНА GOLD""";КАРАГАНДИНСКАЯ ОБЛАСТЬ, КАРАГАНДА Г.А., Г.КАРАГАНДА, Р.А. ИМ. КАЗЫБЕК БИ, РАЙОН ИМ.КАЗЫБЕК БИ, улица Рыскулова, дом 7, кв. 62;АБИЛХАЕВА АЙГУЛ КАБДЫКӘРІМҚЫЗЫ;
"ТОО ""Кредитное товарищество ""Индер-АКО""";160340015931;Кредитное товарищество;"ТОО ""КРЕДИТНОЕ ТОВАРИЩЕСТВО ""ИНДЕР-АКО""";АТЫРАУСКАЯ ОБЛАСТЬ, ИНДЕРСКИЙ РАЙОН, ИНДЕРБОРСКАЯ П.А., П.ИНДЕРБОРСКИЙ, улица Мендигалиев Нигмет, дом 3, кв. 2;ЖИЕНГАЛИЕВ ДАРХАН КУАНЫШУЛЫ;
"ТОО ""Микрофинансовая организация ""Qaz Qredit""";180140022524;МФО;"ТОО ""МИКРОФИНАНСОВАЯ ОРГАНИЗАЦИЯ ""QAZ QREDIT""";Г.АЛМАТЫ, БОСТАНДЫКСКИЙ РАЙОН, улица Юрий Померанцев, здание 5;АСЫЛСЕИТ ЕРІК СЕЙТҚАЗЫҰЛЫ;
"ТОО ""Ломбард ""CreditLine""";100740008000;Ломбард;"ТОО ""ЛОМБАРД ""CREDITLINE""";Г.АЛМАТЫ, БОСТАНДЫКСКИЙ РАЙОН, УЛИЦА АУЭЗОВА, 163А, КВ 207;КАЗИМИРОВ ВАЛЕНТИН БОРИСОВИЧ;
"ТОО ""Кредитное товарищество ""LCI""";080640017733;Кредитное товарищество;"ТОО ""КРЕДИТНОЕ ТОВАРИЩЕСТВО ""LCI""";Г.АЛМАТЫ, АЛМАЛИНСКИЙ РАЙОН, улица Джумалиева К, дом 110;СЕЙТКАЗИЕВА ЛЯЗИЗА МУКАТАЕВНА;
"ТОО ""Кредитное Товарищество ""Zerendi invest""";130140000633;МФО;"ТОО ""КРЕДИТНОЕ ТОВАРИЩЕСТВО ""ZERENDI INVEST""";АКМОЛИНСКАЯ ОБЛАСТЬ, ЗЕРЕНДИНСКИЙ РАЙОН, ЗЕРЕНДИНСКИЙ С.О., С.ЗЕРЕНДА, УЛИЦА ЮРИЯ ГАГАРИНА;КУШКУНБАЕВ ДАУРЕН СЕРИКПАЕВИЧ;
"ТОО ""Кредитное товарищество ""БОЛАШАК""";030440002065;Кредитное товарищество;"ТОО ""КРЕДИТНОЕ ТОВАРИЩЕСТВО ""БОЛАШАК""";АКМОЛИНСКАЯ ОБЛАСТЬ, АСТРАХАНСКИЙ РАЙОН, АСТРАХАНСКИЙ С.О., С.АСТРАХАНКА, улица Аль Фараби, строение 83;БУРУМБАЕВА БАГИЛЯ КАЛАБАЕВНА;
"ТОО ""Кредитное товарищество ""Ерейментау-Агро""";051240006166;Кредитное товарищество;"ТОО ""КРЕДИТНОЕ ТОВАРИЩЕСТВО ""ЕРЕЙМЕНТАУ-АГРО""";АКМОЛИНСКАЯ ОБЛАСТЬ, ЕРЕЙМЕНТАУСКИЙ РАЙОН, Г.ЕРЕЙМЕНТАУ, улица Богенбая, дом 97, н.п. 33;РАЕВ ЕРЛАН АХМЕДОВИЧ;
"ТОО ""Ломбард&nbsp;Gold&nbsp;Grantum""";180240012233;Ломбард;"ТОО ""ЛОМБАРД GOLD GRANTUM""";АКМОЛИНСКАЯ ОБЛАСТЬ, БУРАБАЙСКИЙ РАЙОН, ЩУЧИНСКАЯ Г.А., Г.ЩУЧИНСК, улица Шанырак, дом 2А;ЧЕКАН АЛЕКСАНДР СЕРГЕЕВИЧ;
"ТОО ""Ломбард&nbsp;Алтын&nbsp;Кредит&nbsp;Плюс""";200640010367;Ломбард;"ТОО ""ЛОМБАРД АЛТЫН КРЕДИТ ПЛЮС""";АКМОЛИНСКАЯ ОБЛАСТЬ, БУРАБАЙСКИЙ РАЙОН, ЩУЧИНСКАЯ Г.А., Г.ЩУЧИНСК, улица Морозова, дом 26;ДЖАФАРОВ ФАРИД АБУЛФАТОГЛЫ;
"ТОО ""Кредитное товарищество ""Шортанды-Кредит""";061040004035;Кредитное товарищество;"ТОО ""КРЕДИТНОЕ ТОВАРИЩЕСТВО ""ШОРТАНДЫ-КРЕДИТ""";АКМОЛИНСКАЯ ОБЛАСТЬ, ШОРТАНДИНСКИЙ РАЙОН, ШОРТАНДИНСКАЯ П.А., П.ШОРТАНДЫ, улица 30 лет Победы, здание 117Б;ЖАМАНТАЕВА КАРЛЫГАШ НАЖМИДЕНОВНА;
"ТОО ""Кредитное товарищество ""Центральное""";180340027939;Кредитное товарищество;"ТОО ""КРЕДИТНОЕ ТОВАРИЩЕСТВО"" ЦЕНТРАЛЬНОЕ""";АКМОЛИНСКАЯ ОБЛАСТЬ, АККОЛЬСКИЙ РАЙОН, АККОЛЬСКАЯ Г.А., Г.АККОЛЬ, улица Талгата Бигельдинова, дом 1/2;СЕРИКБАЕВ ГАЛИМЖАН МУХАМЕДКАЛИЕВИЧ;
"ТОО ""LIKE Ломбард""";160140006122;Ломбард;"ТОО ""LIKE ЛОМБАРД""";Г.АЛМАТЫ, АУЭЗОВСКИЙ РАЙОН, МИКРОРАЙОН 11, 14а, кв 3;УСЕНБЕКОВ ЕРНАР ГАЛЫМЖАНУЛЫ;
"ТОО ""Микрофинансовая организация ""Береке""";030540007159;МФО;"АО ""МИКРОФИНАНСОВАЯ ОРГАНИЗАЦИЯ ""БЕРЕКЕ""";ОБЛАСТЬ АБАЙ, СЕМЕЙ Г.А., Г.СЕМЕЙ, улица Шугаева, дом 8;ХАЙРЛЫБАЕВА ЖУМАГУЛЬ БЕЙСЕМБАЕВНА;
"ТОО ""Кредитное товарищество ""Жарма-Несие""";050340002302;Кредитное товарищество;"ТОО ""КРЕДИТНОЕ ТОВАРИЩЕСТВО ""ЖАРМА-НЕСИЕ""";ОБЛАСТЬ АБАЙ, ЖАРМИНСКИЙ РАЙОН, КАЛБАТАУСКИЙ С.О., С.КАЛБАТАУ, улица Кабанбая, здание 142А;ТҰРЛЫХАН НҰРБЕК ТҰРЛЫХАНҰЛЫ;
"ТОО ""Кредитное товарищество ""САРТАУ""";051240002956;Кредитное товарищество;"ТОО ""КРЕДИТНОЕ ТОВАРИЩЕСТВО ""САРТАУ""";ВОСТОЧНО-КАЗАХСТАНСКАЯ ОБЛАСТЬ, КУРЧУМСКИЙ РАЙОН, КУРЧУМСКИЙ С.О., С.КУРЧУМ, улица Бунтовских, строение 19;АҚЫЛБЕКҰЛЫ РАУАН;
"ТОО&nbsp;""Ломбард ""Алтын Алем""";080240022292;Ломбард;"ТОО ""АЛ ЛОМБАРД""";ТУРКЕСТАНСКАЯ ОБЛАСТЬ, САЙРАМСКИЙ РАЙОН, АКСУКЕНТСКИЙ С.О., С.АКСУ, улица Сураншы батыр, дом 42, кв. 43;ҚАДЫРБАЙ СУЛТАН КОШТАНҰЛЫ;
"ТОО ""Кредитное товарищество ""ШемАгроКредит""";080440002232;Кредитное товарищество;"ТОО ""КРЕДИТНОЕ ТОВАРИЩЕСТВО ""ШЕМАГРОКРЕДИТ""";ВОСТОЧНО-КАЗАХСТАНСКАЯ ОБЛАСТЬ, ШЕМОНАИХИНСКИЙ РАЙОН, ШЕМОНАИХИНСКАЯ Г.А., Г.ШЕМОНАИХА, улица имени Анатолия Иванова, строение 62;НАРТОВА ВЕРА СЕРГЕЕВНА;
"ТОО ""LOMBARD 333 TM""";191240009093;МФО;"ТОО ""LOMBARD 333 TM""";ПАВЛОДАРСКАЯ ОБЛАСТЬ, ПАВЛОДАР Г.А., Г.ПАВЛОДАР, улица Едіге би, дом 76, н.п. 63;ЕРМЕКОВ ЖАСУЛАН АЛМАСОВИЧ;
"ТОО ""Pro100-Ломбард""";190540008852;Ломбард;"ТОО ""PRO100-ЛОМБАРД""";Г.АСТАНА, РАЙОН АЛМАТЫ, ПРОСПЕКТ ТАУЕЛСІЗДІК, 28, КВ 2;АЙТХОЖИН АРМАН СЕРГАЗЫЕВИЧ;
"ТОО ""Ломбард ""Алма–Ата 1""";130440011263;Ломбард;"ТОО ""ЛОМБАРД ""АЛМА -АТА 1""";Г.АЛМАТЫ, ТУРКСИБСКИЙ РАЙОН, улица Толстого, дом 5А;САРИНОВ РАМИЛЬ ДАЛМИРОВИЧ;
"ТОО ""Микрофинансовая организация ФРИДОМ ФИНАНС Кредит""";190340008954;МФО;"ТОО ""МИКРОФИНАНСОВАЯ ОРГАНИЗАЦИЯ ФРИДОМ ФИНАНС КРЕДИТ""";Г.АЛМАТЫ, АЛМАЛИНСКИЙ РАЙОН, Проспект Сейфуллина, дом 502;МАРДЕНОВА АРДАК КАИРТАСОВНА;
"ТОО ""Saf1 Ломбард""";170840036333;Ломбард;"ТОО ""ORTALYQ ЛОМБАРД""";Г.АЛМАТЫ, ЖЕТЫСУСКИЙ РАЙОН, Микрорайон Айнабулак, дом 98Б;ЖҰМАЖАН АҚЖОЛ ЕРЕЖЕПҰЛЫ;
"ТОО ""Pro-LOMBARD.KZ""";190940012598;МФО;"ТОО ""PRO-LOMBARD.KZ""";Г.АЛМАТЫ, БОСТАНДЫКСКИЙ РАЙОН, УЛИЦА ШАШКИНА, 13, кв 17;ТАРАСҚЫЗЫ РЕГИНА;
"ТОО ""Кредитное товарищество ""Жаңақала Несие""";050440004520;Кредитное товарищество;"ТОО ""КРЕДИТНОЕ ТОВАРИЩЕСТВО ""ЖАҢАҚАЛА-НЕСИЕ""";ЗАПАДНО-КАЗАХСТАНСКАЯ ОБЛАСТЬ, ЖАНГАЛИНСКИЙ РАЙОН, ЖАНАКАЛИНСКИЙ С.О., С.ЖАНГАЛА, улица Халыктар Достыгы, дом 57;НУРБУЛАТОВА АМИНАТ НУРБУЛАТОВНА;
"ТОО ""Микрофинансовая организация ""Orbis Credit""";210140001926;МФО;"ТОО ""МФО ""ORBIS СREDIT""";Г.АЛМАТЫ, НАУРЫЗБАЙСКИЙ РАЙОН, Микрорайон Рахат, улица Асанбая Аскарова, дом 21, н.п. 2а;АЙТКАЗИН БОТАБЕК ГЫЛЫМБЕКОВИЧ;
"ТОО ""Микрофинансовая организация ""Салем Кредит""";200540006761;МФО;"ТОО ""МИКРОФИНАНСОВАЯ ОРГАНИЗАЦИЯ ""САЛЕМ КРЕДИТ""";Г.АЛМАТЫ, АЛМАЛИНСКИЙ РАЙОН, Проспект Сейфуллина, дом 469/5;ОМИРЖАНОВ ТАЛГАТ ГАЛЫМОВИЧ;
"ТОО ""Ломбард ""OK Finance""";190640006999;Ломбард;"ТОО ""ЛОМБАРД ""OK FINANCE""";Г.АЛМАТЫ, БОСТАНДЫКСКИЙ РАЙОН, Проспект Ермек Серкебаев, дом 6, кв. 8;НУРСЕЙТОВА УЛПАШ ОДАМАНОВНА;
"ТОО ""Микрофинансовая организация ""Jet Finance""";180940010094;МФО;"ТОО ""МИКРОФИНАНСОВАЯ ОРГАНИЗАЦИЯ ""JET FINANCE""";Г.АЛМАТЫ, МЕДЕУСКИЙ РАЙОН, Проспект Нұрсұлтан Назарбаев, дом 269А;КАНАПИНА АЙТОЛКЫН МАЛИККЫЗЫ;
"ТОО ""Микрофинансовая организация ""Туран Кредит""";170140000135;МФО;"ТОО ""МФО ""ТУРАН КРЕДИТ""";Г.АЛМАТЫ, НАУРЫЗБАЙСКИЙ РАЙОН, Микрорайон Калкаман-2, улица Жакаева, дом 247;ПРИМОВА АЙГУЛЬ КЕНЕСОВНА;
"ТОО ""Микрофинансовая организация ""Жеңіл Ақша""";170740001650;МФО;"ТОО ""МИКРОФИНАНСОВАЯ ОРГАНИЗАЦИЯ ""ЖЕҢІЛ АҚША""";Г.АЛМАТЫ, БОСТАНДЫКСКИЙ РАЙОН, улица Розыбакиева, дом 250Б;МҰРАЛБЕК ЕСХАТ;
"ТОО ""New Ломбард""";201040036252;Ломбард;"ТОО ""NEW ЛОМБАРД""";Г.ШЫМКЕНТ, КАРАТАУСКИЙ РАЙОН, Микрорайон Нурсат, дом 120, кв. 2;НАМАЗБАЕВА УЛБОСЫН ЕРУБАЕВНА;
"Товарищество с ограниченной ответственностью ""Кредитное товарищество ""Айтекеби""";021040002259;Кредитное товарищество;"ТОО ""КРЕДИТНОЕ ТОВАРИЩЕСТВО ""АЙТЕКЕБИ""";АКТЮБИНСКАЯ ОБЛАСТЬ, АЙТЕКЕБИЙСКИЙ РАЙОН, С.О.ТЕМИРБЕКА ЖУРГЕНЕВА, С.ТЕМИРБЕКА ЖУРГЕНОВА, улица Жибек жолы, дом 6, кв. 4;САПАРОВ АМАНГЕЛДИ АРАЛБАЕВИЧ;
"ТОО ""ТЕХ-Ломбард БС""";080740001255;Ломбард;"ТОО ""ТЕХ-ЛОМБАРД БС""";Г.АСТАНА, РАЙОН САРЫАРКА, ПРОСПЕКТ ЖЕҢІС, 75, КВ 1;БОЗТАЕВ САБИТ СЕЙСЕНБАЕВИЧ;
"ТОО ""Микрофинансовая организация ""Credit market""";191240017605;МФО;"ТОО ""МИКРОФИНАНСОВАЯ ОРГАНИЗАЦИЯ ""CREDIT MARKET""";МАНГИСТАУСКАЯ ОБЛАСТЬ, АКТАУ Г.А., Г.АКТАУ, Промышленная зона 3, здание 26;БАТАЛОВ МИХАИЛ ЕВГЕНЬЕВИЧ;
"ТОО ""Ломбард Мирас""";170240008858;Ломбард;"ТОО ""ЛОМБАРД МИРАС""";ОБЛАСТЬ ЖЕТІСУ, ПАНФИЛОВСКИЙ РАЙОН, ЖАРКЕНТСКАЯ Г.А., Г.ЖАРКЕНТ, улица В. Юлдашева, здание 15/5;САЛИЕВА ГУЛЬНАР ЖЕТКЕНОВНА;
"ТОО ""Кредитное товарищество ""Қарашығанақ""";040840002160;Кредитное товарищество;"ТОО ""КРЕДИТНОЕ ТОВАРИЩЕСТВО ""КАРАШЫГАНАК""";ЗАПАДНО-КАЗАХСТАНСКАЯ ОБЛАСТЬ, БУРЛИНСКИЙ РАЙОН, АКСАЙСКАЯ Г.А., Г.АКСАЙ, улица Жастар, дом 39А;НУРУМОВ ДАМИР АМАНГЕЛЬДИЕВИЧ;
"ТОО ""ГОСТ ЛОМБАРД""";170540007543;МФО;"ТОО ""ГОСТ ЛОМБАРД""";Г.АЛМАТЫ, БОСТАНДЫКСКИЙ РАЙОН, Микрорайон Казахфильм, дом 24, кв. 44;КЛИМКИНА ИРИНА ПЕТРОВНА;
"ТОО ""Кредитное товарищество ""Иртыш""";020240003331;Кредитное товарищество;"ТОО ""КРЕДИТНОЕ ТОВАРИЩЕСТВО ""ИРТЫШ""";ПАВЛОДАРСКАЯ ОБЛАСТЬ, ИРТЫШСКИЙ РАЙОН, ИРТЫШСКИЙ С.О., С.ИРТЫШСК, улица Богенбая, дом 91, н.п. 6;ЖАКУПОВ КАЖМУРАТ АБАШОВИЧ;
"ТОО ""Ломбард 7 звёзд""";160640014588;Ломбард;"ТОО ""ЛОМБАРД 7 ЗВЕЗД""";ПАВЛОДАРСКАЯ ОБЛАСТЬ, ПАВЛОДАР Г.А., Г.ПАВЛОДАР, улица Естая, дом 95;ГОРЖАНКИНА АЛЁНА НИКОЛАЕВНА;
"ТОО ""Ваш Ломбард-Еркын""";120540020333;Ломбард;"ТОО ""ВАШ ЛОМБАРД-ЕРКЫН""";ПАВЛОДАРСКАЯ ОБЛАСТЬ, ПАВЛОДАР Г.А., Г.ПАВЛОДАР, УЛИЦА ТОРАЙГЫРОВА, 77;РАХИМОВ КУАНЫШ ЕРКЕНОВИЧ;
"ТОО ""Микрофинансовая организация ""Атамекен-Павлодар""";190140012281;МФО;"ТОО ""МИКРОФИНАНСОВАЯ ОРГАНИЗАЦИЯ ""АТАМЕКЕН-ПАВЛОДАР""";ПАВЛОДАРСКАЯ ОБЛАСТЬ, ПАВЛОДАР Г.А., Г.ПАВЛОДАР, улица Луговая, строение 16;ЖУМАБАЕВ МАРАЛБЕК КАЛАУОВИЧ;
"ТОО ""Ломбард Asia gold""";171040015192;Ломбард;"ТОО ""ЛОМБАРД ASIA GOLD""";ПАВЛОДАРСКАЯ ОБЛАСТЬ, ПАВЛОДАР Г.А., Г.ПАВЛОДАР, улица Естая, дом 83, н.п. 294;ЕСБУЛАТОВ РУСЛАН АСКАРОВИЧ;
"ТОО ""Микрофинансовая организация ""Даму""";160640004382;МФО;"ТОО ""МФО ДАМУ""";ПАВЛОДАРСКАЯ ОБЛАСТЬ, ЭКИБАСТУЗ Г.А., Г.ЭКИБАСТУЗ, улица Шешембекова, строение 19Б;ЖУМАШЕВ БОЛАТ СУЛТАНОВИЧ;
"ТОО ""Кредитное товарищество ""Теренколь""";030940002300;Кредитное товарищество;"ТОО ""КРЕДИТНОЕ ТОВАРИЩЕСТВО ТЕРЕНКОЛЬ""";ПАВЛОДАРСКАЯ ОБЛАСТЬ, РАЙОН ТЕРЕҢКӨЛ, ТЕРЕНКОЛЬСКИЙ С.О., С.ТЕРЕНКОЛЬ, улица Торайгырова, дом 104А;КАПАШЕВ СЕРИК НАУРУЗБАЕВИЧ;
"ТОО ""Кредитное товарищество ""Ажболат""";040540003039;Кредитное товарищество;"ТОО ""КРЕДИТНОЕ ТОВАРИЩЕСТВО ""АЖБОЛАТ""";ПАВЛОДАРСКАЯ ОБЛАСТЬ, УСПЕНСКИЙ РАЙОН, УСПЕНСКИЙ С.О., С.УСПЕНКА, улица Семенченко, дом 29;НАУКЕНОВ ГАДЫЛ НЕГМАТОВИЧ;
"ТОО ""Кредитное товарищество ""Аксу""";050440004789;Кредитное товарищество;"ТОО ""КРЕДИТНОЕ ТОВАРИЩЕСТВО ""АКСУ""";ПАВЛОДАРСКАЯ ОБЛАСТЬ, АКСУ Г.А., Г.АКСУ, улица М.О. Ауэзова, здание 10;РАХМЕТОВ АНДРЕЙ СЕРГЕЕВИЧ;
"ТОО ""Кредитное товарищество ""Кереку""";010940001120;Кредитное товарищество;"ТОО ""КРЕДИТНОЕ ТОВАРИЩЕСТВО ""КЕРЕКУ""";ПАВЛОДАРСКАЯ ОБЛАСТЬ, ПАВЛОДАР Г.А., Г.ПАВЛОДАР, улица Лермонтова, дом 4;ШАДИЕВА КАЙЫРЛЫ КАЙСИНОВНА;
"ТОО ""Ломбард 5 Звёзд""";080940012416;Ломбард;"ТОО ""ЛОМБАРД 5 ЗВЁЗД""";ПАВЛОДАРСКАЯ ОБЛАСТЬ, ПАВЛОДАР Г.А., Г.ПАВЛОДАР, улица Естая, дом 141, кв. 51;ОЛЕЙНИК НАДЕЖДА НИКОЛАЕВНА;
"ТОО ""Кредитное товарищество ""Демеу""";041240001936;Кредитное товарищество;"ТОО ""КРЕДИТНОЕ ТОВАРИЩЕСТВО ""ДЕМЕУ""";ПАВЛОДАРСКАЯ ОБЛАСТЬ, ЖЕЛЕЗИНСКИЙ РАЙОН, ЖЕЛЕЗИНСКИЙ С.О., С.ЖЕЛЕЗИНКА, улица Квиткова, строение 13;КОЖАМЖАРОВ ТАЛГАТ ЖУМАБЕКОВИЧ;
"ТОО ""Кредитное товарищество ""Экибастуз""";051140006132;Кредитное товарищество;"ТОО ""КРЕДИТНОЕ ТОВАРИЩЕСТВО ""ЭКИБАСТУЗ""";ПАВЛОДАРСКАЯ ОБЛАСТЬ, ЭКИБАСТУЗ Г.А., Г.ЭКИБАСТУЗ, улица Мухтара Ауэзова, дом 38;ТЛЕУЛЕНОВА АНАР ТОЛЕГЕНОВНА;
"ТОО ""Кредитное товарищество ""Баянаул""";051040001623;Кредитное товарищество;"ТОО ""КРЕДИТНОЕ ТОВАРИЩЕСТВО ""БАЯНАУЛ""";ПАВЛОДАРСКАЯ ОБЛАСТЬ, БАЯНАУЛЬСКИЙ РАЙОН, БАЯНАУЛЬСКИЙ С.О., С.БАЯНАУЛ, улица Мухтара Ауезова, строение 39;ЖУМАБАЕВ АСХАТ МАРАТОВИЧ;
"ТОО ""Кредитное товарищество ""Ақнұр""";060340003322;Кредитное товарищество;"ТОО ""КРЕДИТНОЕ ТОВАРИЩЕСТВО ""АҚНҰР""";ПАВЛОДАРСКАЯ ОБЛАСТЬ, АКТОГАЙСКИЙ РАЙОН, АКТОГАЙСКИЙ С.О., С.АКТОГАЙ, улица Махмета Каирбаева, дом 82;БАЙМАКАНОВ ДУЙСЕНБАЙ КУЛЬБАЕВИЧ;
"ТОО ""Астана Ломбард-8""";161040023022;Ломбард;"ТОО ""АСТАНА ЛОМБАРД-8""";ПАВЛОДАРСКАЯ ОБЛАСТЬ, ЭКИБАСТУЗ Г.А., Г.ЭКИБАСТУЗ, улица Мухтара Ауэзова, дом 42, кв. 47;ДЖАКИШЕВА АЛМА ЖАМАНТАЕВНА;
"ТОО Ломбард ""€lit"" (Евролит)";090240010022;Ломбард;"ТОО ЛОМБАРД ""€LIT"" (ЕВРОЛИТ)";ПАВЛОДАРСКАЯ ОБЛАСТЬ, ПАВЛОДАР Г.А., Г.ПАВЛОДАР, улица Академика Сатпаева, дом 306, н.п. 7;ТЕМИРБЕКОВА ЖАНАРА АМАНКУЛОВНА;
"ТОО ""Сенiм Ломбард про""";190440035707;Ломбард;"ТОО ""СЕНІМ ЛОМБАРД ПРО""";ПАВЛОДАРСКАЯ ОБЛАСТЬ, ЭКИБАСТУЗ Г.А., Г.ЭКИБАСТУЗ, улица Мәшһүр Жүсіп, дом 71, н.п. 33;САДЫКОВА ЖАННА ТАЛГАТОВНА;
"ТОО ""Ломбард СауДа-Б""";081040005473;Ломбард;"ТОО ""ЛОМБАРД САУДА-Б""";Г.АЛМАТЫ, МЕДЕУСКИЙ РАЙОН, улица Пушкина, дом 25;КОНЫСБАЕВ ЕРЛАН АЙТБАЕВИЧ;
"ТОО ""Ломбард Auto money (Авто мани)""";180840014955;Ломбард;"ТОО ""ЛОМБАРД AUTO MONEY (АВТО МАНИ)""";Г.АЛМАТЫ, ЖЕТЫСУСКИЙ РАЙОН, Проспект Суюнбая, дом 2;СИМОНОВ ВЛАДИСЛАВ АНДРЕЕВИЧ;
"ТОО ""Микрофинансовая организация ""ИнвестКредитМаркет""";110140002011;МФО;"ТОО ""МФО ""ИНВЕСТКРЕДИТМАРКЕТ""";Г.АЛМАТЫ, АЛМАЛИНСКИЙ РАЙОН, улица Шевченко, дом 165Б;НИГМЕТОВА ЭЛЬВИРА АКЫЛБЕКОВНА;
"ТОО ""Микрофинансовая организация СЕНІМ-VMY""";090640019810;МФО;"ТОО ""МИКРОФИНАНСОВАЯ ОРГАНИЗАЦИЯ ""СЕНІМ-VMY""";Г.АЛМАТЫ, АЛМАЛИНСКИЙ РАЙОН, Проспект Абылай хана, дом 96/59;АБИШЕВ МУРАТ МЕЙРХАНОВИЧ;
"ТОО ""Астана Ломбард Авто""";190740002701;Ломбард;"ТОО ""АСТАНА ЛОМБАРД АВТО""";Г.АСТАНА, РАЙОН ЕСИЛЬ, Проспект Мәңгілік Ел, здание 20/2;ЖУМАБАЕВ АБАЙ БАТЫРОВИЧ;
"ТОО ""Темир Ломбард KZ""";200840015424;Ломбард;"ТОО ""ТЕМИРЛОМБАРДKZ""";ЗАПАДНО-КАЗАХСТАНСКАЯ ОБЛАСТЬ, БУРЛИНСКИЙ РАЙОН, АКСАЙСКАЯ Г.А., Г.АКСАЙ, Микрорайон 5, дом 8;ТЕМИРГАЛИЕВА АИША АЛИПКАЛИЕВНА;
"ТОО ""Кредитное товарищество ""Батыс-Шаруа""";010740000777;Кредитное товарищество;"ТОО КРЕДИТНОЕ ТОВАРИЩЕСТВО ""БАТЫС-ШАРУА""";ЗАПАДНО-КАЗАХСТАНСКАЯ ОБЛАСТЬ, РАЙОН БӘЙТЕРЕК, ДАРЬИНСКИЙ С.О., С.ДАРЬИНСКОЕ, улица Абылайхана, здание 29;ЛЕБЕДЕВ АЛЕКСЕЙ СЕРГЕЕВИЧ;
"ТОО ""Кредитное товарищество ""Таскала""";020640001171;Кредитное товарищество;"ТОО ""КРЕДИТНОЕ ТОВАРИЩЕСТВО ""ТАСКАЛА""";ЗАПАДНО-КАЗАХСТАНСКАЯ ОБЛАСТЬ, ТАСКАЛИНСКИЙ РАЙОН, ТАСКАЛИНСКИЙ С.О., С.ТАСКАЛА, улица Абая, дом 19А;ЮМАШЕВА АННА НИКОЛАЕВНА;
"ТОО ""КТ ""Нұра-Астық""";031240002605;МФО;"ТОО ""КРЕДИТНОЕ ТОВАРИЩЕСТВО ""НҰРА-АСТЫҚ""";КАРАГАНДИНСКАЯ ОБЛАСТЬ, НУРИНСКИЙ РАЙОН, П.А.НУРА, П.НУРА, улица Талжанова, здание 8А;ГОРДИЕНКО ЕЛЕНА БОРИСОВНА;
"ТОО ""МФО ""Кредит-регион""""";051240002391;МФО;"ТОО ""МИКРОФИНАНСОВАЯ ОРГАНИЗАЦИЯ ""КРЕДИТ-РЕГИОН""";КАРАГАНДИНСКАЯ ОБЛАСТЬ, КАРАГАНДА Г.А., Г.КАРАГАНДА, Р.А. ИМ. КАЗЫБЕК БИ, РАЙОН ИМ.КАЗЫБЕК БИ, улица Костенко, строение 6;ПЕРОВ АЛЕКСАНДР МИХАЙЛОВИЧ;
"ТОО ""Ломбард - Партнер""";030740005764;Ломбард;"ТОО ""ЛОМБАРД - ПАРТНЕР""";КАРАГАНДИНСКАЯ ОБЛАСТЬ, КАРАГАНДА Г.А., Г.КАРАГАНДА, Р.А. ИМ. КАЗЫБЕК БИ, РАЙОН ИМ.КАЗЫБЕК БИ, Микрорайон Степной-3, дом 8, н.п. 8;КОРСУН ВЛАДИМИР ВАЛЕНТИНОВИЧ;
"ТОО ""Ломбард Инвест Плюс""";061240003163;Ломбард;"ТОО ""ЛОМБАРД ИНВЕСТ ПЛЮС""";КАРАГАНДИНСКАЯ ОБЛАСТЬ, БАЛХАШ Г.А., Г.БАЛХАШ, улица Шокана Уалиханова, дом 7;ТУРСУМБАЕВА ЖАНАР ЕЛТАЙКЫЗЫ;
"ТОО ""Элит Кредит Ломбард""";170140002647;Ломбард;"ТОО ""ЭЛИТ КРЕДИТ ЛОМБАРД""";КАРАГАНДИНСКАЯ ОБЛАСТЬ, АБАЙСКИЙ РАЙОН, АБАЙСКАЯ Г.А., Г.АБАЙ, улица Абая, дом 30;ТОКБЕРГЕНОВ АЗАМАТ СЕРИКОВИЧ;
"ТОО ""Ломбард Экспресс Кредит Сервис""";191240025219;Ломбард;"ТОО ""ЛОМБАРД ЭКСПРЕСС КРЕДИТ СЕРВИС""";КАРАГАНДИНСКАЯ ОБЛАСТЬ, АБАЙСКИЙ РАЙОН, АБАЙСКАЯ Г.А., Г.АБАЙ, улица Мухтара Ауэзова, дом 17А, кв. 11;ТАЖИНОВ ЧИНГИЗ МУРЗАЛИНОВИЧ;
"ТОО ""Ломбард Ломбардия.kz""";050540007093;Ломбард;"ТОО ""ЛОМБАРД ЛОМБАРДИЯ.KZ""";КАРАГАНДИНСКАЯ ОБЛАСТЬ, КАРАГАНДА Г.А., Г.КАРАГАНДА, Р.А. ИМ. КАЗЫБЕК БИ, РАЙОН ИМ.КАЗЫБЕК БИ, ПРОСПЕКТ БУХАР ЖЫРАУ, 57/1;МАГРУПОВА ЖАННА МЕРДЕНОВНА;
"ТОО ""Микрофинансовая организация ""Swiss Сapital (Свисс Капитал)""";161140000592;МФО;"ТОО ""МИКРОФИНАНСОВАЯ ОРГАНИЗАЦИЯ «SWISS СAPITAL (СВИСС КАПИТАЛ)""";Г.АЛМАТЫ, МЕДЕУСКИЙ РАЙОН, Проспект Достык, дом 188;МАКСИМОВА АННА АЛЕКСАНДРОВНА;
"ТОО ""Кредитное товарищество ""Шыңғырлау""";030740003292;Кредитное товарищество;"ТОО ""КРЕДИТНОЕ ТОВАРИЩЕСТВО ""ШЫҢҒЫРЛАУ""";ЗАПАДНО-КАЗАХСТАНСКАЯ ОБЛАСТЬ, ЧИНГИРЛАУСКИЙ РАЙОН, ЧИНГИРЛАУСКИЙ С.О., С.ШЫНГЫРЛАУ, улица Лукпан Клышев, строение 87/1;ЖИЛЬГИЛЬДИЕВ МАДИЯР МАДИЕВИЧ;
ТОО «Birinshi Lombard» (Бірінші Ломбард)»;190540020930;Ломбард;"ТОО ""BIRINSHI LOMBARD"" (БІРІНШІ ЛОМБАРД)";Г.АЛМАТЫ, АЛМАЛИНСКИЙ РАЙОН, улица Розыбакиева, дом 37;ТОКТОМБЕКОВ ТЕМИРБЕК КАЛМУРЗАЕВИЧ;
"ТОО ""Ломбард EXPRESS CREDIT""";160140023509;Ломбард;"ТОО ""ЛОМБАРД EXPRESS CREDIT""";ВОСТОЧНО-КАЗАХСТАНСКАЯ ОБЛАСТЬ, УСТЬ-КАМЕНОГОРСК Г.А., Г.УСТЬ-КАМЕНОГОРСК, улица Казахстан, дом 75, кв. 83;ТРУБАЧЕВ СТАНИСЛАВ ЮРЬЕВИЧ;
"ТОО ""Ломбард Прогресс""";110640022708;Ломбард;"ТОО ""ЛОМБАРД ПРОГРЕСС""";Г.АЛМАТЫ, АУЭЗОВСКИЙ РАЙОН, улица Толе би, дом 302;ГАЛЫМОВА АЛИМА БОЛАТОВНА;
"ТОО ""Ломбард&nbsp;Турмалин""";110840020144;Ломбард;"ТОО ""ЛОМБАРД ТУРМАЛИН""";Г.АЛМАТЫ, НАУРЫЗБАЙСКИЙ РАЙОН, Микрорайон Калкаман, дом 13, н.п. 13а;МЫНБАЕВА ЛИМАРА МАХАМЕТОВНА;
"ТОО ""Кредитное товарищество ""Теректі""";010740000928;Кредитное товарищество;"ТОО ""КРЕДИТНОЕ ТОВАРИЩЕСТВО ""ТЕРЕКТІ""";ЗАПАДНО-КАЗАХСТАНСКАЯ ОБЛАСТЬ, ТЕРЕКТИНСКИЙ РАЙОН, С.О.ТЕРЕКТІ, С.ТЕРЕКТІ, улица Абай, строение 46;БЕКЕСОВА АЙНАГУЛ ЕРМЕКОВНА;
"ТОО ""Кредитное товарищество ""Алем-Капитал""";070140000491;Кредитное товарищество;"ТОВАРИЩЕСТВА С ОГРАНИЧЕННОЙ ОТВЕТСТВЕННОСТЬЮ ""КРЕДИТНОЕ ТОВАРИЩЕСТВО ""АЛЕМ-КАПИТАЛ""";Г.ШЫМКЕНТ, АЛЬ-ФАРАБИЙСКИЙ РАЙОН, УЛИЦА А.ДИВАЕВА, Д.9;КАНЫБЕКОВ НУРЛАН АСЕМБЕКОВИЧ;
"Товарищество с ограниченной ответственностью ""Ломбард ""ABINUR""";181040015719;Ломбард;"ТОО ""ЛОМБАРД ""ABINUR""";Г.ШЫМКЕНТ, КАРАТАУСКИЙ РАЙОН, ЖИЛОЙ МАССИВ НУРСАТ, Д.7А;НАҒЫМЕТОВА НУРГУЛ БЕРІКҒАНЫЙҚЫЗЫ;
"Товарищество с ограниченной ответственностью ""Микрофинансовая организация ""Арнур Кредит""";040340000522;МФО;"ТОО ""МИКРОФИНАНСОВАЯ ОРГАНИЗАЦИЯ ""АРНУР КРЕДИТ""";Г.ШЫМКЕНТ, АЛЬ-ФАРАБИЙСКИЙ РАЙОН, УЛИЦА АХМЕТ БАЙТҰРСЫНОВ, Д.10/2;КУРБАНАЛИЕВА РАУШАН НИЕТКАБЫЛОВНА;
"Товарищество с ограниченной ответственностью ""Микрофинансовая организация ""Σпарта Capital""";131140010623;МФО;"ТОО ""МИКРОФИНАНСОВАЯ ОРГАНИЗАЦИЯ ""ΣПАРТА CAPITAL""";Г.ШЫМКЕНТ, АЛЬ-ФАРАБИЙСКИЙ РАЙОН, УЛИЦА Н.ТОРЕКУЛОВ, Д.2/1;ЗИЯЕВ МАКСАТ ЖАКСЫЛЫКОВИЧ;
"ТОО ""Асыл ломбард""";960840000136;Ломбард;"ТОО ""АСЫЛ ЛОМБАРД""";Г.АЛМАТЫ, АЛМАЛИНСКИЙ РАЙОН, Проспект Райымбека, дом 136/30;ЖУМАТОВ ЖАЙНАР ГАББАСОВИЧ;
"ТОО ""Ломбард G5""";140240011703;Ломбард;"ТОО ""ЛОМБАРД G5""";Г.АЛМАТЫ, АЛМАЛИНСКИЙ РАЙОН, улица Дуйсенова, дом 27, кв. 20;ТЛЕУОВ РУСЛАН ТЕНГИЗОВИЧ;
"ТОО ""МФО ""МАКС-М""""";161240001504;МФО;"ТОО ""МИКРОФИНАНСОВАЯ ОРГАНИЗАЦИЯ ""МАКС-М""";ОБЛАСТЬ ҰЛЫТАУ, ЖЕЗКАЗГАН Г.А., Г.ЖЕЗКАЗГАН, улица Сакена Сейфуллина, дом 50;МАГЗУМОВ НУРЛАН ШАМСЕДЕНОВИЧ;
"ТОО ""AMANAT-LOMBARD-D""";191240016706;МФО;"ТОО ""AMANAT-LOMBARD-D""";КАРАГАНДИНСКАЯ ОБЛАСТЬ, КАРАГАНДА Г.А., Г.КАРАГАНДА, Р.А. ИМ. КАЗЫБЕК БИ, РАЙОН ИМ.КАЗЫБЕК БИ, Проспект Республики, дом 24, кв. 80;КУАНЫШЕВА ЖАННА;
"ТОО ""Сәлем Ломбард""";100840010086;Ломбард;"ТОО ""СӘЛЕМ ЛОМБАРД""";ОБЛАСТЬ ҰЛЫТАУ, ЖЕЗКАЗГАН Г.А., Г.ЖЕЗКАЗГАН, улица К. Сатпаева, дом 30, кв. 7;ШАБАРХАНОВ БЕРИК ЖЕДЕЛБАЕВИЧ;
"ТОО ""Zhez ломбард""";111040001250;Ломбард;"ТОО ""ZHEZ ЛОМБАРД""";ОБЛАСТЬ ҰЛЫТАУ, ЖЕЗКАЗГАН Г.А., Г.ЖЕЗКАЗГАН, улица Абая, строение 93/4;МУХАМЕДИЯРОВ СЕРИКЖАН МУХАНБЕТЖАНОВИЧ;
ТОО «Ломбард Goldencapital.kz»;191240017398;Ломбард;"ТОО ""ЛОМБАРД GOLDENCAPITAL.KZ""";КАРАГАНДИНСКАЯ ОБЛАСТЬ, КАРАГАНДА Г.А., Г.КАРАГАНДА, Р.А. ИМ. КАЗЫБЕК БИ, РАЙОН ИМ.КАЗЫБЕК БИ, Проспект Строителей, дом 22;МАТЖАНОВА ПЕРИЗАТ КЕНЖЕБАЕВНА;
"ТОО "" Ломбард Golden Capital -2007""";070440014620;Ломбард;"ТОО ""ЛОМБАРД GOLDEN CAPITAL-2007""";КАРАГАНДИНСКАЯ ОБЛАСТЬ, КАРАГАНДА Г.А., Г.КАРАГАНДА, Р.А. ИМ. КАЗЫБЕК БИ, РАЙОН ИМ.КАЗЫБЕК БИ, Проспект Строителей, дом 22;ЯМОВОЙ ВЛАДИМИР ИВАНОВИЧ;
"ТОО ""Ломбард ""MAXSIMUM""";110840013588;Ломбард;"ТОО ""ЛОМБАРД ""MAXSIMUM""";КАРАГАНДИНСКАЯ ОБЛАСТЬ, КАРАГАНДА Г.А., Г.КАРАГАНДА, Р.А. ИМ. КАЗЫБЕК БИ, РАЙОН ИМ.КАЗЫБЕК БИ, Проспект Абдирова, дом 32, н.п. 1;СЕМБЕКОВ АМИР КАТЕЕВИЧ;
"ТОО ""Ломбард ""Стандарт""""";090240006061;Ломбард;"ТОО ""ЛОМБАРД ""СТАНДАРТ""";СЕВЕРО-КАЗАХСТАНСКАЯ ОБЛАСТЬ, ПЕТРОПАВЛОВСК Г.А., Г.ПЕТРОПАВЛОВСК, улица имени Евнея Букетова, дом 46;МИХЕЕВ МИХАИЛ СЕРГЕЕВИЧ;
"ТОО ""Кредитное товарищество ""Алакөл""";050740002971;Кредитное товарищество;"ТОО ""КРЕДИТНОЕ ТОВАРИЩЕСТВО ""АЛАКӨЛ""";ОБЛАСТЬ ЖЕТІСУ, АЛАКОЛЬСКИЙ РАЙОН, УШАРАЛЬСКАЯ Г.А., Г.УШАРАЛ, улица Қабанбай Батыр, дом 104;НЕСИПБЕКОВ АРДАК САЙЛАУОВИЧ;
"ТОО ""Хан Ломбард""";100540005603;Ломбард;"ТОО ""ХАН"" ЛОМБАРД""";Г.АЛМАТЫ, АЛМАЛИНСКИЙ РАЙОН, улица Васнецова, дом 27/92;САХАРОВА ЕЛЕНА НИКОЛАЕВНА;
"ТОО ""Микрофинансовая организация ""ФинтехФинанс""";200840014753;МФО;"ТОО ""МИКРОФИНАНСОВАЯ ОРГАНИЗАЦИЯ ""ФИНТЕХФИНАНС""";Г.АЛМАТЫ, АЛМАЛИНСКИЙ РАЙОН, Проспект Сейфуллина, дом 502;УСТЕМИРОВ БАУРЖАН КАЛДАРБЕКОВИЧ;
"Товарищество с ограниченной ответственностью ""Ломбард ""Евро-Тараз""";060640011354;Ломбард;"ТОО ""ЛОМБАРД ""ЕВРО-ТАРАЗ""";ЖАМБЫЛСКАЯ ОБЛАСТЬ, ТАРАЗ Г.А., Г.ТАРАЗ, РАЙОН ӘУЛИЕАТА, Микрорайон Самал, дом 24, н.п. 47;ИНАГАМОВ МЫРЗАХИД ЗАИДОВИЧ;
"Товарищество с ограниченной ответственностью ""Ломбард ""Алтын Тараз""";151240017886;Ломбард;"ТОО ""ЛОМБАРД ""АЛТЫН ТАРАЗ""";ЖАМБЫЛСКАЯ ОБЛАСТЬ, ТАРАЗ Г.А., Г.ТАРАЗ, РАЙОН ӘУЛИЕАТА, Проспект Абая, здание 141Б;СЕРЕДЕНКОВ ЕВГЕНИЙ АНАТОЛЬЕВИЧ;
"Товарищество с ограниченной ответственностью ""Оңай Ломбард""";170240032454;Ломбард;"ТОО ""ОҢАЙ ЛОМБАРД""";ЖАМБЫЛСКАЯ ОБЛАСТЬ, ТАРАЗ Г.А., Г.ТАРАЗ, РАЙОН ӘУЛИЕАТА, улица Косы Батыра, дом 8;ЕСЕНОВ САБЫЛТ НУРМУХАМБЕТОВИЧ;
"Товарищество с ограниченной ответственностью ""Ломбард ""750 Нұр-Жас""";151240000940;Ломбард;"ТОО ""ЛОМБАРД ""750 НҰР-ЖАС""";ЖАМБЫЛСКАЯ ОБЛАСТЬ, ТАРАЗ Г.А., Г.ТАРАЗ, РАЙОН ӘУЛИЕАТА, улица Мамбет Батыра, строение 2Л;БИБОЛОВ ЕРЛАН ХАБДУЛЛИНУЛЫ;
"Товарищество с ограниченной ответственностью ""Ломбард ""Ковчег""";100240006767;Ломбард;"ТОО ""ЛОМБАРД ""КОВЧЕГ""";ЖАМБЫЛСКАЯ ОБЛАСТЬ, ТАРАЗ Г.А., Г.ТАРАЗ, РАЙОН ӘУЛИЕАТА, Микрорайон Мынбулак, дом 58, кв. 3;БЕКБАСАРОВА МЕРУЕРТ ИСАТАЕВНА;
"Товарищество с ограниченной ответственностью ""Кредитное товарищество ""Аулие-Ата""";050440002188;Кредитное товарищество;ТОО «КРЕДИТНОЕ ТОВАРИЩЕСТВО АУЛИЕ-АТА»;ЖАМБЫЛСКАЯ ОБЛАСТЬ, ТАЛАССКИЙ РАЙОН, Г.КАРАТАУ, улица Анатолий Шейн, дом 47;КЕНЖЕБЕКОВ ЖАНИБЕК ОРЫНБАЕВИЧ;
"ТОО ""Кредитное товарищество ""УрджарАгро""";170240008025;Кредитное товарищество;"ТОО ""КРЕДИТНОЕ ТОВАРИЩЕСТВО ""УРДЖАРАГРО""";ОБЛАСТЬ АБАЙ, СЕМЕЙ Г.А., Г.СЕМЕЙ, улица Кайым Мухамедханов, дом 23А;ЫКЫБАЕВА КЫМБАТ КАДИРБЕКОВНА;
"ТОО ""Кредитное товарищество ""Аягоз-Кредит""";060940003176;Кредитное товарищество;"ТОО ""КРЕДИТНОЕ ТОВАРИЩЕСТВО ""АЯГОЗ-КРЕДИТ""";ОБЛАСТЬ АБАЙ, АЯГОЗСКИЙ РАЙОН, АЯГОЗ Г.А., Г.АЯГОЗ, улица С.Сергазина, дом 28, кв. 44;КУСАИНОВА ЖАНАТ МЕЛКЕНОВНА;
"ТОО ""Кредитное товарищество ""Глубокое-АгроКредит""";050340004061;Кредитное товарищество;"ТОО ""КРЕДИТНОЕ ТОВАРИЩЕСТВО ""ГЛУБОКОЕ - АГРОКРЕДИТ""";ВОСТОЧНО-КАЗАХСТАНСКАЯ ОБЛАСТЬ, ГЛУБОКОВСКИЙ РАЙОН, ГЛУБОКОВСКИЙ С.О., С.ГЛУБОКОЕ, улица Пирогова, здание 30;КЫЗБАЕВ ЕДИЛ ЕРКИНОВИЧ;
"ТОО МФО ""R-Finance""";171040011328;МФО;"ТОО ""МИКРОФИНАНСОВАЯ ОРГАНИЗАЦИЯ ""R-FINANCE""";Г.АСТАНА, РАЙОН БАЙҚОҢЫР, улица Александра Пушкина, здание 75;ТИЛАКУМАРАГЕ ХАРША ПРАБАТ;
"ТОО ""Кредитное товарищество ""Орал Инвест""";171240010010;Кредитное товарищество;"ТОО ""КРЕДИТНОЕ ТОВАРИЩЕСТВО ""ОРАЛ ИНВЕСТ""";ЗАПАДНО-КАЗАХСТАНСКАЯ ОБЛАСТЬ, УРАЛЬСК Г.А., Г.УРАЛЬСК, улица М.Ихсанова, строение 38, н.п. 2;ХАНАТ АЯН ЕДГЕҰЛЫ;
"ТОО ""Ломбард Золотая Руна""";180240011969;Ломбард;"ТОО ""ЛОМБАРД ЗОЛОТАЯ РУНА""";Г.АЛМАТЫ, МЕДЕУСКИЙ РАЙОН, улица Чаплина, дом 71/66;ВАН ХУНВЭЙ;
"ТОО ""SAT AUTO Ломбард""";140340004714;Ломбард;"ТОО ""SAT AUTO ЛОМБАРД""";Г.АЛМАТЫ, БОСТАНДЫКСКИЙ РАЙОН, улица Тимирязева, дом 17;БАРЛЫБЕКОВА ДИНАРА ЖУМАДИЛОВНА;
"ТОО ""Кредитное товарищество ""Qazyna Credit""";180840024596;Кредитное товарищество;"ТОО ""КРЕДИТНОЕ ТОВАРИЩЕСТВО ""QAZYNA CREDIT""";АЛМАТИНСКАЯ ОБЛАСТЬ, ЕНБЕКШИКАЗАХСКИЙ РАЙОН, ЕСИКСКАЯ Г.А., Г.ЕСИК, улица Мәншүк Маметова, строение 17;ТАТБАЕВА АЛИЯ КАРИМУЛЛАЕВНА;
"ТОО ""КРЕДИТНОЕ ТОВАРИЩЕСТВО ""ЧАРЫН""";040140003064;МФО;"ТОО КРЕДИТНОЕ ТОВАРИЩЕСТВО ""ЧАРЫН""";АЛМАТИНСКАЯ ОБЛАСТЬ, УЙГУРСКИЙ РАЙОН, ЧУНДЖИНСКИЙ С.О., С.ЧУНДЖА, улица Әл-Фараби, сооружение 70;ХАМРАЕВ МАМУТЖАН МАХМУТЖАНОВИЧ;
"ТОО ""Trastful-M Lombard""";171040032945;МФО;"ТОО ""TRASTFUL-M LOMBARD""";Г.АЛМАТЫ, АУЭЗОВСКИЙ РАЙОН, улица Толе би, дом 294/64;АБИЛЬДАЕВ ЕРЛАН ТОКАТАЕВИЧ;
"ТОО ""Автоломбард Quick finance""";160940002892;Ломбард;"ТОО ""АВТОЛОМБАРД QUICK FINANCE""";Г.АЛМАТЫ, АУЭЗОВСКИЙ РАЙОН, Микрорайон 11, дом 7, н.п. 33;САНДЫБАЕВ НУРЛАН МАРИНЖАНОВИЧ;
"ТОО ""МФО ""SunKar Capital""";210140011755;МФО;"ТОО ""МФО ""SUNKAR CAPITAL""";Г.АЛМАТЫ, БОСТАНДЫКСКИЙ РАЙОН, улица Абиш Кекилбайулы, дом 270, кв. 96;РАХАТ ШУАҚ;
"ТОО ""Тех авто Ломбард""";191040011004;Ломбард;"ТОО ""ТЕХ АВТО ЛОМБАРД""";Г.АЛМАТЫ, ЖЕТЫСУСКИЙ РАЙОН, ПРОСПЕКТ РАЙЫМБЕКА, 239Б;ДАВЛЕТОВ ВАДИМ ДАНИСОВИЧ;
"Товарищество с ограниченной ответственностью ""Кредитное товарищество ""Алга""";041140000240;Кредитное товарищество;"ТОО ""КРЕДИТНОЕ ТОВАРИЩЕСТВО ""АЛГА""";АКТЮБИНСКАЯ ОБЛАСТЬ, АЛГИНСКИЙ РАЙОН, АЛГИНСКАЯ Г.А., Г.АЛГА, улица Байтурсынова, дом 15, кв. 68а;ИСКАКОВ ОРЫНБАСАР ДЕЛЬМАНОВИЧ;
"ТОО ""МФО ""MyCar Finance""";181240027056;МФО;"ТОО ""МИКРОФИНАНСОВАЯ ОРГАНИЗАЦИЯ ""MYCAR FINANCE""";Г.АЛМАТЫ, БОСТАНДЫКСКИЙ РАЙОН, улица Абиш Кекилбайулы, дом 34;ПАВЛЕНКО ВЯЧЕСЛАВ АНАТОЛЬЕВИЧ;
"ТОО ""Ломбард ""Нұр-2013""";130940009319;Ломбард;"ТОО ""ЛОМБАРД НҰР-2013""";ЖАМБЫЛСКАЯ ОБЛАСТЬ, РАЙОН ТУРАРА РЫСКУЛОВА, КУЛАНСКИЙ С.О., С.КУЛАН, улица Амре Тлепов, строение 1;БАЙДІЛДА МАДИНА БЕКАТАЙҚЫЗЫ;
"ТОО ""Кредитное товарищество ""Нарын-Несие""";050640006732;Кредитное товарищество;"ТОО ""КРЕДИТНОЕ ТОВАРИЩЕСТВО ""НАРЫН-НЕСИЕ""";ЗАПАДНО-КАЗАХСТАНСКАЯ ОБЛАСТЬ, БОКЕЙОРДИНСКИЙ РАЙОН, САЙХИНСКИЙ С.О., С.САЙХИН, улица Бергалиев, здание 2, н.п. 6;БИСЕНБАЕВ ТАЛАП;
"ТОО ""Микрофинансовая организация ""Money-online""";151140017397;МФО;"ТОО ""МФО - MONEY-ONLINE""";ЗАПАДНО-КАЗАХСТАНСКАЯ ОБЛАСТЬ, УРАЛЬСК Г.А., Г.УРАЛЬСК, улица К.Аманжолов, строение 81;КАСИМОВ НУРТАЙ СЕРИКБАЕВИЧ;
"ТОО ""Кредитное товарищество ""Казталовка""";060740002705;Кредитное товарищество;"ТОО ""КРЕДИТНОЕ ТОВАРИЩЕСТВО ""КАЗТАЛОВКА""";ЗАПАДНО-КАЗАХСТАНСКАЯ ОБЛАСТЬ, КАЗТАЛОВСКИЙ РАЙОН, КАЗТАЛОВСКИЙ С.О., С.КАЗТАЛОВКА, улица Алма Оразбаева, дом 7;БАГИСОВ АБАЙ МЕРХАЕВИЧ;
"ТОО ""Кредитное товарищество ""Ақжайық-Агро""";121040019820;Кредитное товарищество;"ТОО ""КРЕДИТНОЕ ТОВАРИЩЕСТВО ""АҚЖАЙЫҚ-АГРО""";ЗАПАДНО-КАЗАХСТАНСКАЯ ОБЛАСТЬ, АКЖАИКСКИЙ РАЙОН, ЧАПАЕВСКИЙ С.О., С.ЧАПАЕВ, улица О.Исаев, дом 136;ТУЛЕПБЕРГЕНОВ ДАРХАН СЕРИКОВИЧ;
"ТОО ""Ломбард Арзан Ақша""";190340031126;Ломбард;"ТОО ""ЛОМБАРД АРЗАН АҚША""";КАРАГАНДИНСКАЯ ОБЛАСТЬ, КАРАГАНДА Г.А., Г.КАРАГАНДА, Р.А. ИМ. КАЗЫБЕК БИ, РАЙОН ИМ.КАЗЫБЕК БИ, улица Ерубаева, дом 50, н.п. 1;БАЙМУКАНОВ МУРАТ ТОКТАРОВИЧ;
"ТОО ""Ломбард Кулян Кредит""";110340012680;Ломбард;"ТОО ""ЛОМБАРД КУЛЯН КРЕДИТ""";Г.АЛМАТЫ, НАУРЫЗБАЙСКИЙ РАЙОН, Микрорайон Таужолы, улица Жанша Досмухамедов, дом 43;БАСКЕЕВА КУЛЯН БАХЫТКАНОВНА;
"ТОО ""Ломбард ЛиМар""";100340016235;Ломбард;"ТОО ""ЛОМБАРД ЛИМАР""";Г.АЛМАТЫ, ТУРКСИБСКИЙ РАЙОН, МИКРОРАЙОН АЛТАЙ 1, 22, КВ 91;ЛИДАЧИ МАРИК ИСМАРОВИЧ;
"Товарищество с ограниченной ответственностью ""Кредитное товарищество ""Ырғыз""";030840001973;Кредитное товарищество;"ТОО ""КРЕДИТНОЕ ТОВАРИЩЕСТВО ""ЫРҒЫЗ""";АКТЮБИНСКАЯ ОБЛАСТЬ, ИРГИЗСКИЙ РАЙОН, ИРГИЗСКИЙ С.О., С.ИРГИЗ, улица Ыбырай Алтынсарина, здание 12;ТАНҚАЕВ НҰРИ ЖАНСЕРІКҰЛЫ;
"Товарищество с ограниченной ответственностью ""Кредитное товарищество ""Хромтау-Агро""";031240005621;Кредитное товарищество;"ТОО ""КРЕДИТНОЕ ТОВАРИЩЕСТВО ""ХРОМТАУ-АГРО""";АКТЮБИНСКАЯ ОБЛАСТЬ, ХРОМТАУСКИЙ РАЙОН, Г.ХРОМТАУ, Проспект Абая, дом 2;БЕКТУРГАНОВА АЛМАГУЛЬ СЕРИКОВНА;
"ТОО ""Кредитное товарищество ""имени Жамбыла""";040140001781;Кредитное товарищество;"ТОО ""КРЕДИТНОЕ ТОВАРИЩЕСТВО ""ИМЕНИ ЖАМБЫЛА""";АЛМАТИНСКАЯ ОБЛАСТЬ, ЖАМБЫЛСКИЙ РАЙОН, УЗЫНАГАШСКИЙ С.О., С.УЗЫНАГАШ, улица Қараш Батыр, здание 117;НАЙМАНХАНОВ ГАБИДЕН ЖОРАХАНОВИЧ;
"ТОО ""Ломбард Белый LLP""";190440031734;Ломбард;"ТОО ""ЛОМБАРД БЕЛЫЙ LLP""";Г.АЛМАТЫ, АЛМАЛИНСКИЙ РАЙОН, улица Байтурсынулы, дом 78Б, кв. 18;АЛЬЖАНБАЕВ МУРАТ БОЛАТБЕКОВИЧ;
"ТОО ""Ломбард ""Мой ЛОМБАРД""";130240031657;Ломбард;"ТОО ""ЛОМБАРД ""МОЙ ЛОМБАРД""";Г.АЛМАТЫ, АУЭЗОВСКИЙ РАЙОН, УЛИЦА КАБДОЛОВА, 22А;ДУБИНИНА АЛИНА ВЛАДИМИРОВНА;
"Товарищество с ограниченной ответственностью ""Ломбард AL MAR""";151040005697;Ломбард;"ТОО ""ЛОМБАРД AL MAR""";КАРАГАНДИНСКАЯ ОБЛАСТЬ, КАРАГАНДА Г.А., Г.КАРАГАНДА, Р.А. ИМ. КАЗЫБЕК БИ, РАЙОН ИМ.КАЗЫБЕК БИ, улица Муканова, дом 18;КАРИПБЕКОВ САГАДАТ БЕКАЙДАРОВИЧ;
"Товарищество с ограниченной ответственностью ""Кредитное товарищество ""Бизнес Бастау""";180440011262;Кредитное товарищество;"ТОО ""КРЕДИТНОЕ ТОВАРИЩЕСТВО ""БИЗНЕС БАСТАУ""";КАРАГАНДИНСКАЯ ОБЛАСТЬ, ОСАКАРОВСКИЙ РАЙОН, ОСАКАРОВСКАЯ П.А., П.ОСАКАРОВКА, улица Сельхозснабская, дом 1/1;БЛАГОДИР ЛЮБОВЬ ВЛАДИМИРОВНА;
"Товарищество с ограниченной ответственностью ""Кредитное товарищество ""Бейбарыс""";140340008152;Кредитное товарищество;"ТОО ""КРЕДИТНОЕ ТОВАРИЩЕСТВО ""БЕЙБАРЫС""";КАРАГАНДИНСКАЯ ОБЛАСТЬ, БУХАР-ЖЫРАУСКИЙ РАЙОН, АКОРИНСКАЯ С.А., С.АКОРЕ, улица Бейбитшилик, дом 40, кв. 2;КУЗБАКОВА САУЛЕ НУРСИНОВНА;
"ТОО ""Микрофинансовая организация ""Есиль Финанс""";070940002516;МФО;"ТОО ""МИКРОФИНАНСОВАЯ ОРГАНИЗАЦИЯ ""ЕСИЛЬФИНАНС""";Г.АСТАНА, РАЙОН АЛМАТЫ, улица Жанайдара Жирентаева, здание 5;НАЙМАНОВ РИНАТ АБАЕВИЧ;
"ТОО ""Ломбард Евролит""";190340003160;Ломбард;"ТОО ""ЛОМБАРД ЕВРОЛИТ""";Г.АЛМАТЫ, АУЭЗОВСКИЙ РАЙОН, Микрорайон 5, дом 15, кв. 2;АХМЕДЖАНОВА АЛИЯ СЕРКБОЛОВНА;
"ТОО ""ЛОМБАРД MINICREDIT""";150140009571;МФО;"ТОО ""ЛОМБАРД MINICREDIT""";Г.АЛМАТЫ, АУЭЗОВСКИЙ РАЙОН, Микрорайон Аксай-2, дом 10;БЕКТЕНОВА ЛЯЗАТ КЕНЕСКАНОВНА;
ТОО «Байеке Ломбард»;140440024445;Ломбард;"ТОО ""БАЙЕКЕ ЛОМБАРД""";Г.АСТАНА, РАЙОН БАЙҚОҢЫР, Шоссе Алаш, здание 34/1;АСЫРАУОВА ДАНА МУХАНОВНА;
"ТОО ""Ломбард AST Кредит""";160140023330;Ломбард;"ТОО ""ЛОМБАРД AST КРЕДИТ""";Г.АСТАНА, РАЙОН БАЙҚОҢЫР, улица Евгений Брусиловский, дом 5;БОЛАТ ЕРКЕБЕК;
"ТОО ""Микрофинансовая организация Finance Solutions""";170540016116;МФО;"ТОО ""МИКРОФИНАНСОВАЯ ОРГАНИЗАЦИЯ FINANCE SOLUTIONS""";Г.АЛМАТЫ, АЛМАЛИНСКИЙ РАЙОН, Проспект Жибек жолы, дом 135, н.п. 5м;БАЙМУХАМЕТОВ ДАСТАН СЕРИККАЗЫЕВИЧ;
"ТОО ""Микрофинансовая организация ""Тойота Файнаншл Сервисез Казахстан""";130440002721;МФО;"ТОО ""МИКРОФИНАНСОВАЯ ОРГАНИЗАЦИЯ ""ТОЙОТА ФАЙНАНШЛ СЕРВИСЕЗ КАЗАХСТАН""";Г.АЛМАТЫ, МЕДЕУСКИЙ РАЙОН, Проспект Достык, дом 232;МАНАСБАЕВА КУРАЛАЙ САБИТОВНА;
"ТОО ""Микрофинансовая организация ""Touchzaim""";200640001754;МФО;"ТОО ""МФО TOUCHZAIM""";ЗАПАДНО-КАЗАХСТАНСКАЯ ОБЛАСТЬ, УРАЛЬСК Г.А., Г.УРАЛЬСК, Микрорайон Строитель, дом 30;ИСКАКОВА ЖАНАР ШАЙФЕДДЕНОВНА;
"ТОО ""Кредитное товарищество ЖаркентАгроКредит""";170340013184;Кредитное товарищество;"ТОО ""КРЕДИТНОЕ ТОВАРИЩЕСТВО ЖАРКЕНТАГРОКРЕДИТ""";ОБЛАСТЬ ЖЕТІСУ, ПАНФИЛОВСКИЙ РАЙОН, ЖАРКЕНТСКАЯ Г.А., Г.ЖАРКЕНТ, улица Сульхи Лутфулин, дом 20А;МУТТАЛОВА БАХИТХАН АБДУКАРИМОВНА;
"ТОО ""АвтоЛомбард ""Премиум-Кредит""";150240007519;Ломбард;"ТОО ""АВТОЛОМБАРД ""ПРЕМИУМ-КРЕДИТ""";АЛМАТИНСКАЯ ОБЛАСТЬ, КАРАСАЙСКИЙ РАЙОН, КАСКЕЛЕНСКАЯ Г.А., Г.КАСКЕЛЕН, улица Абылай Хан, строение 147;ИБРАГИМОВ МУРАТ МУСЛИМОВИЧ;
"ТОО ""Микрофинансовая организация ""Шинхан Финанс""";141140019532;МФО;"ТОО ""МИКРОФИНАНСОВАЯ ОРГАНИЗАЦИЯ ""ШИНХАН ФИНАНС""";Г.АЛМАТЫ, АЛМАЛИНСКИЙ РАЙОН, улица Ауэзова, дом 48;ДЖОНГ МУН ХО;
"ТОО ""Capital Synergy Ломбард""";171040010409;Ломбард;"ТОО ""CAPITAL SYNERGY ЛОМБАРД""";Г.АЛМАТЫ, БОСТАНДЫКСКИЙ РАЙОН, улица Сатпаева, дом 90/36, кв. 128;ТУРЫСБАЙ МАРХАБАТ ЖАҚЫПБЕКҰЛЫ;
"ТОО ""Микрофинансовая организация ""Доступный кредит""";100940001902;МФО;"ТОО ""МИКРОФИНАНСОВАЯ ОРГАНИЗАЦИЯ ""ДОСТУПНЫЙ КРЕДИТ""";Г.АЛМАТЫ, АЛМАЛИНСКИЙ РАЙОН, Проспект Абая, дом 107А, н.п. 17;БЕЛЯНКОВ ОЛЕГ АНАТОЛЬЕВИЧ;
"ТОО ""Ломбард ""Салым""";930640000202;Ломбард;"ТОО ""ЛОМБАРД ""САЛЫМ""";Г.АЛМАТЫ, БОСТАНДЫКСКИЙ РАЙОН, Проспект Нұрсұлтан Назарбаев, дом 229;АКАНАЕВ АСКАР БОРИСОВИЧ;
"ТОО ""Триллионер Ломбард""";161140014007;Ломбард;"ТОО ""ТРИЛЛИОНЕР ЛОМБАРД""";Г.АЛМАТЫ, МЕДЕУСКИЙ РАЙОН, Проспект Достык, дом 89, кв. 58;РАХИМЖАНОВ НҰРСҰЛТАН РАХИМЖАНҰЛЫ;
"ТОО ""МФО ""Микрокредит""";170740002738;МФО;"ТОО ""МИКРОФИНАНСОВАЯ ОРГАНИЗАЦИЯ ""МИКРОКРЕДИТ""";КАРАГАНДИНСКАЯ ОБЛАСТЬ, КАРАГАНДА Г.А., Г.КАРАГАНДА, Р.А. ИМ. КАЗЫБЕК БИ, РАЙОН ИМ.КАЗЫБЕК БИ, Проспект Бухар Жырау, дом 13;АНИСИМОВ АРТЕМ ВАСИЛЬЕВИЧ;
"ТОО ""Ломбард Халык-2009""";090840010527;Ломбард;"ТОО ""ЛОМБАРД ХАЛЫҚ 2009""";КАРАГАНДИНСКАЯ ОБЛАСТЬ, БАЛХАШ Г.А., Г.БАЛХАШ, улица Абай, дом 94, н.п. 2;АЛПЫСБАЕВ НҰРӘДІЛ ҚАНАТҰЛЫ;
"ТОО ""Микрофинансовая организация ""Астана Инвест""";060240001174;МФО;"ТОО МИКРОФИНАНСОВАЯ ОРГАНИЗАЦИЯ ""АСТАНА ИНВЕСТ""";Г.АСТАНА, РАЙОН ЕСИЛЬ, Проспект Мәңгілік Ел, здание 20/2;ТОЛҚЫНБЕК ЖҰЛДЫЗ;
"ТОО ""Бөлім-Ломбард""";950240002565;Ломбард;"ТОО ""БӨЛІМ-ЛОМБАРД""";Г.АСТАНА, РАЙОН САРАЙШЫҚ, улица Ахмет Байтұрсынұлы, дом 5, ВП 46;КЕЛЬМ СЕРГЕЙ;
"ТОО ""КАССА Ломбард Жетісу""";191240029897;Ломбард;"ТОО ""КАССА ЛОМБАРД ЖЕТІСУ""";ОБЛАСТЬ ЖЕТІСУ, ТАЛДЫКОРГАН Г.А., Г.ТАЛДЫКОРГАН, УЛИЦА КАБАНБАЙ БАТЫРА, 62, кв 17;КАЛИЕВ МАДИ КАЙРАТОВИЧ;
"Товарищество с ограниченной ответственностью ""Кредитное товарищество ""Мартук""";050340003162;Кредитное товарищество;"ТОО ""КРЕДИТНОЕ ТОВАРИЩЕСТВО ""МАРТУК""";АКТЮБИНСКАЯ ОБЛАСТЬ, МАРТУКСКИЙ РАЙОН, МАРТУКСКИЙ С.О., С.МАРТУК, улица Есет Кокиулы, здание 107Г;ШАМЕЛОВ ЕРГАЗЫ АБАЕВИЧ;
"ТОО ""Астана Ломбард-5""";160640001128;Ломбард;"ТОО ""АСТАНА ЛОМБАРД-5""";Г.АСТАНА, РАЙОН САРЫАРКА, Проспект Жеңіс, дом 65, кв. 51;ДЖАКИШЕВА АЛМА ЖАМАНТАЕВНА;
"ТОО ""В2 Ломбард""";160540005703;Ломбард;"ТОО ""MSN MEDIA""";Г.АСТАНА, РАЙОН АЛМАТЫ, Жилой массив Юго-Восток (правая сторона), улица Сарқан, дом 19;НУРЛАНОВ СУЛТАН НУРЖАНҰЛЫ;
"ТОО ""Кредитное Товарищество ""Буланды""";070140003129;МФО;"ТОО ""КРЕДИТНОЕ ТОВАРИЩЕСТВО ""БУЛАНДЫ""";АКМОЛИНСКАЯ ОБЛАСТЬ, БУЛАНДЫНСКИЙ РАЙОН, Г.МАКИНСК, улица Сакена Сейфуллина, дом 18Б;ТЛЕУКЕНОВ ЖАНАТ СЕРИКОВИЧ;
"ТОО ""Кредитное Товарищество ""Акколь""";040840001445;МФО;"ТОО ""КРЕДИТНОЕ ТОВАРИЩЕСТВО ""АККОЛЬ""";АКМОЛИНСКАЯ ОБЛАСТЬ, АККОЛЬСКИЙ РАЙОН, АККОЛЬСКАЯ Г.А., Г.АККОЛЬ, улица Талгата Бигельдинова, дом 1/2;ОРАЗБАЕВ РУСТАМ АМАНГЕЛЬДИНОВИЧ;
"ТОО ""Кредитное Товарищество ""Аршалы""";050440002851;МФО;"ТОО ""КРЕДИТНОЕ ТОВАРИЩЕСТВО ""АРШАЛЫ""";АКМОЛИНСКАЯ ОБЛАСТЬ, АРШАЛЫНСКИЙ РАЙОН, АРШАЛЫНСКАЯ П.А., П.АРШАЛЫ, улица Жумабека Ташенова, строение 56/1;АХМЕТЖАНОВ КАРЖУБАЙ КОЖМУХАНОВИЧ;
"ТОО ""Ломбард Первый плюс""";200440003644;Ломбард;"ТОО ""ЛОМБАРД ПЕРВЫЙ ПЛЮС""";АКМОЛИНСКАЯ ОБЛАСТЬ, КОКШЕТАУ Г.А., Г.КОКШЕТАУ, улица Акана Серэ, дом 92;ДАНИКЕР РОМАН ВЯЧЕСЛАВОВИЧ;
"ТОО ""Кредитное товарищество ""Байтерек- СКО""";050540002270;Кредитное товарищество;"ТОО ""КРЕДИТНОЕ ТОВАРИЩЕСТВО ""БАЙТЕРЕК-СКО""";СЕВЕРО-КАЗАХСТАНСКАЯ ОБЛАСТЬ, РАЙОН МАГЖАНА ЖУМАБАЕВА, БУЛАЕВСКАЯ Г.А., Г.БУЛАЕВО, улица Целинная, дом 1А;ЖУМАШЕВ БОЛАТХАН ЖАКСЫЛЫКОВИЧ;
"ТОО ""Кредитное товарищество ""Кызылту-Несие""";070340002871;Кредитное товарищество;"ТОО ""КРЕДИТНОЕ ТОВАРИЩЕСТВО ""КЫЗЫЛТУ-НЕСИЕ""";СЕВЕРО-КАЗАХСТАНСКАЯ ОБЛАСТЬ, УАЛИХАНОВСКИЙ РАЙОН, КИШКЕНЕКОЛЬСКИЙ С.О., С.КИШКЕНЕКОЛЬ, улица Ш.Уалиханова, здание 85;БЕКБАЕВА САУЛЕ ГАБДЕШЕВНА;
"ТОО ""Кредитное товарищество ""Жамбыл Агро Инвест""";060840002530;Кредитное товарищество;"ТОО ""КРЕДИТНОЕ ТОВАРИЩЕСТВО ""ЖАМБЫЛ АГРО ИНВЕСТ""";СЕВЕРО-КАЗАХСТАНСКАЯ ОБЛАСТЬ, ЖАМБЫЛСКИЙ РАЙОН, ПРЕСНОВСКИЙ С.О., С.ПРЕСНОВКА, улица Дружбы, дом 5;МАПЕНОВ НУРБОЛАТ САДЫКОВИЧ;
"ТОО ""Кредитное товарищество ""Шалкар""";050240002219;Кредитное товарищество;"ТОО ""КРЕДИТНОЕ ТОВАРИЩЕСТВО ""ШАЛКАР""";СЕВЕРО-КАЗАХСТАНСКАЯ ОБЛАСТЬ, АЙЫРТАУСКИЙ РАЙОН, ВОЛОДАРСКИЙ С.О., С.САУМАЛКОЛЬ, улица Мкр, строение 46А;БАЙГАРИН АЛМАС МАНАСОВИЧ;
"ТОО ""Кредитное товарищество ""Аккайын""";050340002858;Кредитное товарищество;"ТОО ""КРЕДИТНОЕ ТОВАРИЩЕСТВО ""АҚҚАЙЫҢ""";СЕВЕРО-КАЗАХСТАНСКАЯ ОБЛАСТЬ, АККАЙЫНСКИЙ РАЙОН, СМИРНОВСКИЙ С.О., С.СМИРНОВО, улица Пушкина, дом 58;ЛОСИНСКИЙ ВАДИМ АЛЕКСАНДРОВИЧ;
"ТОО ""Кредитное товарищество ""Альянс Кредит""";050540002220;Кредитное товарищество;"ТОО ""КРЕДИТНОЕ ТОВАРИЩЕСТВО ""АЛЬЯНС-КРЕДИТ""";СЕВЕРО-КАЗАХСТАНСКАЯ ОБЛАСТЬ, РАЙОН ШАЛ АКЫНА, СЕРГЕЕВСКАЯ Г.А., Г.СЕРГЕЕВКА, улица Желтоксан, строение 13;НУРПЕИСОВ ТУЛЕГЕН КОНСБАЕВИЧ;
"ТОО ""Кредитное товарищество ""Достык""";040640002193;Кредитное товарищество;"ТОО ""КРЕДИТНОЕ ТОВАРИЩЕСТВО ""ДОСТЫК""";СЕВЕРО-КАЗАХСТАНСКАЯ ОБЛАСТЬ, ЕСИЛЬСКИЙ РАЙОН, ЯВЛЕНСКИЙ С.О., С.ЯВЛЕНКА, улица Жалела Кизатова, дом 87;ОМУРЗАКОВ КУРМАНБАЙ;
"ТОО Кредитное товарищество ""Алтын Комек""";031240001111;Кредитное товарищество;"ТОО ""КРЕДИТНОЕ ТОВАРИЩЕСТВО ""АЛТЫН КОМЕК""";КОСТАНАЙСКАЯ ОБЛАСТЬ, КОСТАНАЙ Г.А., Г.КОСТАНАЙ, Проспект Аль-Фараби, дом 65;СЕРИКБАЕВ ГАЛИМЖАН МУХАМЕДКАЛИЕВИЧ;
"ТОО ""Микрофинансовая организация ""Мега Кредит""";180640014889;МФО;"ТОО ""МФО МЕГА КРЕДИТ""";ЗАПАДНО-КАЗАХСТАНСКАЯ ОБЛАСТЬ, УРАЛЬСК Г.А., Г.УРАЛЬСК, Микрорайон Строитель, дом 30, н.п. 1п;НУРМАШЕВ ТИМУР УРАКОВИЧ;
"ТОО ""ГАРАНТИЯ ОТДАЧИ СРЕДСТВ ЛОМБАРД""";110240016312;МФО;"ТОО ""ГАРАНТИЯ ОТДАЧИ СРЕДСТВ ЛОМБАРД""";Г.АСТАНА, РАЙОН БАЙҚОҢЫР, улица Кенесары, дом 42, ВП 28;БОСАК БОГДАН ВЛАДИСЛАВОВИЧ;
"ТОО ""Ломбард White ТМ""";181040014999;Ломбард;"ТОО ""ЛОМБАРД WHITE ТМ""";Г.АЛМАТЫ, АЛМАЛИНСКИЙ РАЙОН, улица Байтурсынулы, дом 78Б, кв. 18;САБИТОВ ДИМАШ МУРАТОВИЧ;
"ТОО ""Микрофинансовая организация ""Credital""";130940021695;МФО;"ТОО ""МФО ""CREDITAL""";ЗАПАДНО-КАЗАХСТАНСКАЯ ОБЛАСТЬ, УРАЛЬСК Г.А., Г.УРАЛЬСК, улица К.Аманжолов, строение 81;КАСИМОВ НУРТАЙ СЕРИКБАЕВИЧ;
"ТОО ""Микрофинансовая организация ""Absolut Finance""";190540015240;МФО;"ТОО ""МИКРОФИНАНСОВАЯ ОРГАНИЗАЦИЯ ""ABSOLUT FINANCE""";Г.АЛМАТЫ, АЛМАЛИНСКИЙ РАЙОН, улица Жарокова, дом 39, н.п. 121;АБДРАИМОВ БАХТИЯР АЛМАБЕКОВИЧ;
"Товарищество с ограниченной ответственностью ""Ломбард Мардан Голд""";170340014608;Ломбард;"ТОО ""ЛОМБАРД МАРДАН ГОЛД""";Г.ШЫМКЕНТ, КАРАТАУСКИЙ РАЙОН, Микрорайон Нурсат, дом 160;ТАСТЫБАЕВ АЙДОС ТАСТЫБАЙҰЛЫ;
"Товарищество с ограниченной ответственностью ""Ломбард Олимпик""";140540002488;Ломбард;"ТОО ""ЛОМБАРД ОЛИМПИК""";Г.ШЫМКЕНТ, АЛЬ-ФАРАБИЙСКИЙ РАЙОН, УЛИЦА АХМЕТ БАЙТУРСЫНОВ ДОМ,17А, КВ 3;НАРБАЕВ ЗИЯТ КАДИРБАЕВИЧ;
"ТОО ""ломбард Синдбад1""";170640007150;Ломбард;"ТОО ""ЛОМБАРД СИНДБАД1""";АЛМАТИНСКАЯ ОБЛАСТЬ, КАРАСАЙСКИЙ РАЙОН, КАСКЕЛЕНСКАЯ Г.А., Г.КАСКЕЛЕН, улица Абылай Хан, строение 90;ЧЕБОНЕНКО ОЛЬГА ОЛЕГОВНА;
"ТОО ""Ниет-Ломбард""";091040013753;Ломбард;"ТОО ""НИЕТ-ЛОМБАРД""";АЛМАТИНСКАЯ ОБЛАСТЬ, КАРАСАЙСКИЙ РАЙОН, РАЙЫМБЕКСКИЙ С.О., С.АБАЙ, Садоводческое товарищество Аксай 2 ПтицеПром, дом 38;АРХАБАЕВА АСЕМ АРХАБАЕВНА;
"ТОО ""Кредитное товарищество ""Еңбекші-Несие""";160740009022;Кредитное товарищество;"ТОО ""КРЕДИТНОЕ ТОВАРИЩЕСТВО ""ЕҢБЕКШІ-НЕСИЕ""";АЛМАТИНСКАЯ ОБЛАСТЬ, ЕНБЕКШИКАЗАХСКИЙ РАЙОН, ШЕЛЕКСКИЙ С.О., С.ШЕЛЕК, улица Орынтаева, строение 69;КУРБАНОВ ШУХРАТ АБДУЗАИРОВИЧ;
"ТОО ""Микрофинансовая организация ""Аксай""";160440017049;МФО;"ТОО ""МФО АКСАЙ""";ЗАПАДНО-КАЗАХСТАНСКАЯ ОБЛАСТЬ, БУРЛИНСКИЙ РАЙОН, АКСАЙСКАЯ Г.А., Г.АКСАЙ, УЛИЦА ДРУЖБА НАРОДОВ, 4/2;МАМБЕТЬЯРОВ ТЛЕК БАХЫТЖАНОВИЧ;
"ТОО ""Ломбард Мастер Ювелир""";180840012790;Ломбард;"ТОО ""ЛОМБАРД ""МАСТЕР - ЮВЕЛИР""";ВОСТОЧНО-КАЗАХСТАНСКАЯ ОБЛАСТЬ, УСТЬ-КАМЕНОГОРСК Г.А., Г.УСТЬ-КАМЕНОГОРСК, улица Протозанова, дом 113;ЛИТВИНЕНКО ГАЛИНА АЛЕКСАНДРОВНА;
"ТОО ""Микрофинансовая&nbsp;организация&nbsp;A-Plus""";160240008003;МФО;"ТОО ""МИКРОФИНАНСОВАЯ ОРГАНИЗАЦИЯ A-PLUS""";АЛМАТИНСКАЯ ОБЛАСТЬ, ҚОНАЕВ Г.А., Г.ҚОНАЕВ, Микрорайон 2, строение 19, н.п. 1;ТУРСЫНБАЕВА ГАЙША СОВЕТОВНА;
"Товарищество с ограниченной ответственностью ""Кредитное товарищество ""Актобе Несие""";080440020776;Кредитное товарищество;"ТОО ""КРЕДИТНОЕ ТОВАРИЩЕСТВО ""АКТОБЕ НЕСИЕ""";АКТЮБИНСКАЯ ОБЛАСТЬ, АКТОБЕ Г.А., Г.АКТОБЕ, РАЙОН АСТАНА , улица Марата Оспанова, дом 52, кв. 3;ӨТЕН ХАМИТ ҚОПАШҰЛЫ;
"ТОО ""Первый Автомобильный Ломбард""";170640027948;Ломбард;"ТОО ""ПЕРВЫЙ АВТОМОБИЛЬНЫЙ ЛОМБАРД""";Г.АСТАНА, РАЙОН САРЫАРКА, улица Григорий Потанин, здание 9;ОМУРЗАКОВ БЕКЗАТ ТЮЛЮБЕКОВИЧ;
"ТОО ""Ломбард Занал""";180840019517;Ломбард;"ТОО ""ЛОМБАРД ЗАНАЛ""";АЛМАТИНСКАЯ ОБЛАСТЬ, КАРАСАЙСКИЙ РАЙОН, КАСКЕЛЕНСКАЯ Г.А., Г.КАСКЕЛЕН, улица Жаңажол, дом 12А;ЖАДЫРА ГУЛЖАН АЛИБЕККЫЗЫ;
"ТОО ""Евро-Ломбард №1""";160740024370;Ломбард;"ТОО ""ЕВРО-ЛОМБАРД № 1""";Г.АСТАНА, РАЙОН ЕСИЛЬ, улица Керей, Жәнібек хандар, дом 9;БАГИСБЕКОВА ЖАНАР МАЛИКОВНА;
"ТОО ""ЖанТаС ломбард""";131040020657;Ломбард;"ТОО ""ЖАНТАС ЛОМБАРД""";Г.АСТАНА, РАЙОН САРЫАРКА, Проспект Бөгенбай Батыр, дом 53;УМАРБАЕВ ДАМИР ТЕМЕРГАЛИЕВИЧ;
"ТОО ""Ломбард Белый ТМ""";180540033326;Ломбард;"ТОО ""ЛОМБАРД БЕЛЫЙ TM""";Г.АЛМАТЫ, АЛМАЛИНСКИЙ РАЙОН, Проспект Абылай хана, дом 27, н.п. 38;ЕСКЕЛДИЕВ ДАСТАН САМАТОВИЧ;
"ТОО ""Ломбард ""Нұр-А""";101240010552;Ломбард;"ТОО ""AI ЛОМБАРД""";Г.АСТАНА, РАЙОН АЛМАТЫ, Проспект Абылай хана, дом 24, кв. 15;ИСПУСИНОВА ГУЛЬНАРА САГИНГАЛИЕВНА;
"ТОО ""Ломбард ""Доверие""";171140033987;Ломбард;"ТОО ""ЛОМБАРД ""ДОВЕРИЕ""";Г.АСТАНА, РАЙОН САРЫАРКА, улица Шоқан Уәлиханов, дом 27, кв. 37;ШАЯХМЕТОВ РУСТАМ МУРАТОВИЧ;
"Товарищество с ограниченной ответственностью ""Ломбард ""Адамас""";100540013357;Ломбард;"ТОО ""ЛОМБАРД ""АДАМАС""";ЖАМБЫЛСКАЯ ОБЛАСТЬ, ТАРАЗ Г.А., Г.ТАРАЗ, РАЙОН ӘУЛИЕАТА, УЛИЦА КАЗЫБЕК БИ ДОМ 49 КВ 32;СЕДОВА МАРИНА ВЛАДИМИРОВНА;
"Товарищество с ограниченной ответственностью ""Ломбард Сапа""";081040015738;Ломбард;"ТОО ""ЛОМБАРД ""САПА""";ЖАМБЫЛСКАЯ ОБЛАСТЬ, ТАРАЗ Г.А., Г.ТАРАЗ, РАЙОН ӘУЛИЕАТА, Микрорайон Жайлау, дом 14, кв. 22;ТОХТИЕВ АЗИЗ АНВАРОВИЧ;
"ТОО ""Ломбард Али-Голд""";151140012801;Ломбард;ТОО ЛОМБАРД АЛИ-ГОЛД;ЖАМБЫЛСКАЯ ОБЛАСТЬ, БАЙЗАКСКИЙ РАЙОН, САРЫКЕМЕРСКИЙ С.О., С.САРЫКЕМЕР, улица К.Орынкулов, строение 17А;АБДУЛЛАЕВА ЖАНАР НУРЛАНОВНА;
"ТОО ""К-Автоломбард""";190140001296;Ломбард;"ТОО ""К-АВТОЛОМБАРД""";Г.АСТАНА, РАЙОН ЕСИЛЬ, Проспект Қабанбай Батыр, дом 20, н.п. 2;ХАМИТОВА ГУЛЬНАР ХАМЗЕНОВНА;
"Товарищество с ограниченной ответственностью ""Инвест микро ломбард""";170140005621;Ломбард;"ТОО ""ИНВЕСТ МИКРО ЛОМБАРД""";АКТЮБИНСКАЯ ОБЛАСТЬ, АКТОБЕ Г.А., Г.АКТОБЕ, РАЙОН АСТАНА , улица Марата Оспанова, дом 67;ЖУМАГАЛИЕВ НУРИСЛАН НАСИБУЛЛАЕВИЧ;
ТОО «Партнер ЛОМБАРД»;180540004302;МФО;"ТОО ""ПАРТНЁР ЛОМБАРД""";КАРАГАНДИНСКАЯ ОБЛАСТЬ, ТЕМИРТАУ Г.А., Г.ТЕМИРТАУ, Микрорайон 6, строение 24А;КРАВЦОВА ВИКТОРИЯ ВИКТОРОВНА;
"ТОО Ломбард ""BERKUT GOLD""";170440034031;Ломбард;"ТОО ЛОМБАРД ""BERKUT GOLD""";ПАВЛОДАРСКАЯ ОБЛАСТЬ, ЭКИБАСТУЗ Г.А., Г.ЭКИБАСТУЗ, улица Әлия Молдағұлова, дом 47/5, кв. 11;ЗОЦЬ ЕКАТЕРИНА ВИКТОРОВНА;
"ТОО ""Ломбард Паритет ПВ""";140440018163;Ломбард;"ТОО ""ЛОМБАРД ПАРИТЕТ ПВ""";ПАВЛОДАРСКАЯ ОБЛАСТЬ, ПАВЛОДАР Г.А., Г.ПАВЛОДАР, улица Астана, строение 279/3;КАБДУАЛИЕВА ЛЯЗЗАТ СЕРИКОВНА;
"ТОО ""Алтын-Ломбард компани""";081040007668;Ломбард;"ТОО ""АЛТЫН-ЛОМБАРД КОМПАНИ""";ПАВЛОДАРСКАЯ ОБЛАСТЬ, ЭКИБАСТУЗ Г.А., Г.ЭКИБАСТУЗ, улица Естая Беркимбаева, дом 173/2;ЕРЖАНОВА ЖАННА ДАУЛЕТОВНА;
"ТОО ""Альманах Ломбард""";090440007126;Ломбард;"ТОО ""АЛЬМАНАХ ЛОМБАРД""";ПАВЛОДАРСКАЯ ОБЛАСТЬ, ПАВЛОДАР Г.А., Г.ПАВЛОДАР, Проспект Нұрсұлтан Назарбаев, дом 89;ЛАРИНА АНАСТАСИЯ АЛЕКСЕЕВНА;
"ТОО ""Ломбард Алан""";110540009777;Ломбард;"ТОО ""ЛОМБАРД АЛАН""";ПАВЛОДАРСКАЯ ОБЛАСТЬ, ПАВЛОДАР Г.А., Г.ПАВЛОДАР, улица Академика Маргулана, дом 344;ОСПАНОВА АЙМАН ЖАКСЫБЕКОВНА;
"ТОО ""Ломбард Макс-М""";030440009706;Ломбард;"ТОО ""ЛОМБАРД ""МАКС-М""";ОБЛАСТЬ ҰЛЫТАУ, ЖЕЗКАЗГАН Г.А., Г.ЖЕЗКАЗГАН, УЛИЦА САКЕНА СЕЙФУЛЛИНА, 50;МАГЗУМОВ МЕЙРАМ НУРЛАНОВИЧ;
"ТОО ""Анет Ломбард""";140740002445;Ломбард;"ТОО ""АНЕТ ЛОМБАРД""";Г.АСТАНА, РАЙОН НҰРА, Проспект Қабанбай Батыр, дом 43А, кв. 1010;НУРБАЕВ КАМБАРБЕК НУРМАНОВИЧ;
"ТОО ""МФО ОБОРОТКА.КЗ""";170240004429;МФО;"ТОО ""МФО ОБОРОТКА.КЗ""";Г.АЛМАТЫ, БОСТАНДЫКСКИЙ РАЙОН, УЛИЦА ХОДЖАНОВА, 92, кв 42;САТЫБАЛДИЕВА ЖАНАР КАПАЛБАЕВНА;
"ТОО ""АКТИВ ЛОМБАРД""";110840013121;МФО;"ТОО ""АКТИВ ЛОМБАРД""";Г.АСТАНА, РАЙОН ЕСИЛЬ, Проспект Қабанбай Батыр, дом 2/6;ШАГРАЕВА ИНДИРА БЕКМЫРЗАЕВНА;
"ТОО ""STATUS ЛОМБАРД""";110540002462;МФО;"ТОО ""STATUS ЛОМБАРД""";Г.АЛМАТЫ, АЛМАЛИНСКИЙ РАЙОН, улица Васнецова, дом 27/92;ИСРАИЛИ ЮРИЙ ПАШАЕВИЧ;
"ТОО ""Кредитное товарищество ""Бак-Даулет""";031140000635;Кредитное товарищество;"ТОО ""КРЕДИТНОЕ ТОВАРИЩЕСТВО ""БАК-ДАУЛЕТ""";АЛМАТИНСКАЯ ОБЛАСТЬ, ИЛИЙСКИЙ РАЙОН, С.О.ӨТЕГЕН БАТЫР, С.ОТЕГЕН БАТЫРА, улица Заманбек Батталханов, здание 17;ТӨҚТАҒУЛ МҰРАТ БАЗАРХАНҰЛЫ;
"ТОО ""Trillioner Lombard Company""";161040005351;МФО;"ТОО ""TRILLIONER LOMBARD COMPANY""";Г.АЛМАТЫ, ЖЕТЫСУСКИЙ РАЙОН, Проспект Суюнбая, дом 2;КАКИЕВА ВЕНЕРА ҚАЙРАТҚЫЗЫ;
"ТОО ""YK ЛОМБАРД""";140240014193;МФО;"ТОО ""YK ЛОМБАРД""";Г.АЛМАТЫ, АУЭЗОВСКИЙ РАЙОН, Микрорайон Аксай-2, дом 10, н.п. 80;АЛЁШИН СЕРГЕЙ АЛЕКСЕЕВИЧ;
"ТОО ""Ломбард AZTEC""";100440013680;Ломбард;"ТОО ""ЛОМБАРД AZTEC""";ОБЛАСТЬ АБАЙ, СЕМЕЙ Г.А., Г.СЕМЕЙ, улица Пушкина, дом 100;МАШИКОВА ГУЛЬНАР СЛЯМБЕКОВНА;
"ТОО ""ELEX LOMBARD UK""";151240006484;МФО;"ТОО ""ELEX LOMBARD UK""";ЖАМБЫЛСКАЯ ОБЛАСТЬ, ШУСКИЙ РАЙОН, ШУСКАЯ Г.А., Г.ШУ, улица К Сатпаев, дом 267А;ИВАНОВ ДМИТРИЙ ДМИТРИЕВИЧ;
"ТОО ""Ломбард Апорт""";091040013713;Ломбард;"ТОО ""ЛОМБАРД АПОРТ""";ОБЛАСТЬ АБАЙ, СЕМЕЙ Г.А., Г.СЕМЕЙ, Проспект Мухтара Ауэзова, дом 37;ИСКАКОВ АРДАК АМАНГЕЛЬДЫЕВИЧ;
"ТОО ""Кредитное товарищество ""АбайАгро""";161040023270;Кредитное товарищество;"ТОО ""КРЕДИТНОЕ ТОВАРИЩЕСТВО ""АБАЙАГРО""";ОБЛАСТЬ АБАЙ, АБАЙСКИЙ РАЙОН, КАРААУЛЬСКИЙ С.О., С.КАРААУЛ, улица Абая, дом 68;РАЗКАНОВ ЖОМАРТ МАРАТОВИЧ;
"ТОО ""Кредитное товарищество ""Балсу-Финанс""";180340012287;Кредитное товарищество;"ТОО ""КРЕДИТНОЕ ТОВАРИЩЕСТВО ""БАЛСУ-ФИНАНС""";Г.АЛМАТЫ, АУЭЗОВСКИЙ РАЙОН, Микрорайон Жетысу-3, дом 1В;СУБАЛОВ АМИРЖАН АЙВАРУЛЫ;
"Товарищество с ограниченной ответственностью ""Микрофинансовая организация ""МиГ Кредит Астана""";080840006458;МФО;"ТОО ""МИКРОФИНАНСОВАЯ ОРГАНИЗАЦИЯ ""МИГ КРЕДИТ АСТАНА""";Г.АСТАНА, РАЙОН ЕСИЛЬ, улица Ақмешіт, дом 7А, н.п. 3;АДЫРАКОВ ЕРЖАН КАБЫКЕНОВИЧ;
"ТОО ""Микрофинансовая организация ""Робокэш.кз""";200940013491;МФО;"ТОО ""МИКРОФИНАНСОВАЯ ОРГАНИЗАЦИЯ ""РОБОКЭШ.КЗ""";Г.АЛМАТЫ, АЛМАЛИНСКИЙ РАЙОН, улица Монгольская, дом 44;КАСЕНБАЕВ АСЕТ ТАЛГАТОВИЧ;
"ТОО ""Pro-Lombard""";180240010396;МФО;"ТОО ""PRO-LOMBARD""";Г.АСТАНА, РАЙОН ЕСИЛЬ, Проспект Әл-Фараби, дом 17;ТЕН АЛЕКСАНДР СЕРГЕЕВИЧ;
"ТОО ""Адамант24-Ломбард""";170840013485;Ломбард;"ТОО ""АДАМАНТ24-ЛОМБАРД""";Г.АСТАНА, РАЙОН САРЫАРКА, улица Шабал Бейсековой, здание 3;ЖОРАЕВ АЙНАБЕК ОРЫМБЕКОВИЧ;
"ТОО ""Ломбард ""ДК Алтын Тага""";130140003291;Ломбард;"ТОО ""ЛОМБАРД ""ДК АЛТЫН ТАҒА""";ОБЛАСТЬ ЖЕТІСУ, ТАЛДЫКОРГАН Г.А., Г.ТАЛДЫКОРГАН, улица Казахстанская, дом 143, кв. 22;ДАУЛЕТЯРОВ КАЙРАТ БУТИНБАЕВИЧ;
"ТОО ""Ломбард ""Деньги населению""";141240005256;Ломбард;"ТОО ""ЛОМБАРД ""ДЕНЬГИ НАСЕЛЕНИЮ""";КОСТАНАЙСКАЯ ОБЛАСТЬ, КОСТАНАЙ Г.А., Г.КОСТАНАЙ, улица Амангельды, дом 46;ШЕБЕДА ДМИТРИЙ БОРИСОВИЧ;
"ТОО ""Бастау-Ломбард-А""";110840018737;Ломбард;"ТОО ""БАСТАУ-ЛОМБАРД-А""";ПАВЛОДАРСКАЯ ОБЛАСТЬ, ЭКИБАСТУЗ Г.А., Г.ЭКИБАСТУЗ, улица Мухтара Ауэзова, дом 77, кв. 46;КАРИМОВА РЫМКУЛ МАНАШОВНА;
"ТОО ""Микрофинансовая организация ""Казмикрокредит""";030640002042;МФО;"ТОО ""МИКРОФИНАНСОВАЯ ОРГАНИЗАЦИЯ ""КАЗМИКРОКРЕДИТ""";Г.АЛМАТЫ, АЛМАЛИНСКИЙ РАЙОН, улица Шевченко, дом 100;САГИНДЫКОВА МАЙКО ОРАЗЫМБЕТОВНА;
"ТОО ""Кредитное товарищество ""Жаркаин""";030640007806;Кредитное товарищество;"ТОО ""КРЕДИТНОЕ ТОВАРИЩЕСТВО ""ЖАРКАИН""";АКМОЛИНСКАЯ ОБЛАСТЬ, ЖАРКАИНСКИЙ РАЙОН, Г.ДЕРЖАВИНСК, улица Пушкина, дом 40;СМАИЛОВ ТИМУР МАКСУТОВИЧ;
"ТОО ""Кредитное товарищество ""Коргалжын""";080540000894;Кредитное товарищество;"ТОО ""КРЕДИТНОЕ ТОВАРИЩЕСТВО ""КОРГАЛЖЫН""";АКМОЛИНСКАЯ ОБЛАСТЬ, КОРГАЛЖЫНСКИЙ РАЙОН, КОРГАЛЖЫНСКИЙ С.О., С.КОРГАЛЖЫН, улица Хайретдина Болганбаева, здание 9;ШАЙМЕРДЕНОВА ЛАУРА СЕРИКОВНА;
"ТОО ""Кредитное Товарищество ""Самрук""";200240024451;МФО;"ТОО ""КРЕДИТНОЕ ТОВАРИЩЕСТВО ""САМРУК""";АКМОЛИНСКАЯ ОБЛАСТЬ, БУРАБАЙСКИЙ РАЙОН, ЩУЧИНСКАЯ Г.А., Г.ЩУЧИНСК, улица Ломоносова, дом 6;ДИЛЬДЕБАЕВ БАУРЖАН КАЙРАТОВИЧ;
"ТОО ""Кредитное товарищество ""Жаксы-Кийма""";050640002432;Кредитное товарищество;"ТОО ""КРЕДИТНОЕ ТОВАРИЩЕСТВО ""ЖАКСЫ-КИЙМА""";АКМОЛИНСКАЯ ОБЛАСТЬ, ЖАКСЫНСКИЙ РАЙОН, ЖАНАКИИМИНСКИЙ С.О., С.ЖАНА КИИМА, улица М.Маметовой, дом 8;БАЕШЕВ СЕРИКБОЛ КАЙНУЛЛОВИЧ;
"ТОО ""Аванс Ломбард""";100640008770;Ломбард;"ТОО ""АВАНС ЛОМБАРД""";Г.АЛМАТЫ, МЕДЕУСКИЙ РАЙОН, улица Макатаева, дом 33/2, кв. 31;КРИВЕНЯ НИКОЛАЙ НИКОЛАЕВИЧ;
"ТОО ""Контакт Ломбард""";180140028127;Ломбард;"ТОО ""КОНТАКТ ЛОМБАРД""";Г.АЛМАТЫ, АЛМАЛИНСКИЙ РАЙОН, улица Толе би, дом 259, н.п. 8;ЕРЖИЕНОВ ТАЛАНТ ЧАКРЖАНОВИЧ;
"ТОО ""МФО ""Life Credit""";180840013789;МФО;"ТОО МИКРОФИНАНСОВАЯ ОРГАНИЗАЦИЯ ""LIFE CREDIT""";Г.АЛМАТЫ, БОСТАНДЫКСКИЙ РАЙОН, Проспект Аль-Фараби, дом 17;КУЛУМБЕТОВ АРМАН СЕРИКОВИЧ;
"ТОО ""МФО ""Almaty""";190740027486;МФО;"ТОО ""МИКРОФИНАНСОВАЯ ОРГАНИЗАЦИЯ ""ALMATY""";Г.АЛМАТЫ, БОСТАНДЫКСКИЙ РАЙОН, улица Байзакова, дом 303;ТУРҒАНБАЕВ БЕРІК ТҰРҒАНБАЙҰЛЫ;
"ТОО ""Ломбард Молодой рубин""";171240027074;Ломбард;"ТОО ""ЛОМБАРД МОЛОДОЙ РУБИН""";АЛМАТИНСКАЯ ОБЛАСТЬ, КАРАСАЙСКИЙ РАЙОН, КАСКЕЛЕНСКАЯ Г.А., Г.КАСКЕЛЕН, улица ҚР Тәуелсіздігіне 10 жыл, дом 47;САРСЕНБАЕВА ГУЛЖАМИЛА ЖАКСЫБАЕВНА;
"ТОО ""МФО ""СиСиЛоун.кз""";151040016751;МФО;"ТОО ""МИКРОФИНАНСОВАЯ ОРГАНИЗАЦИЯ"" СИСИЛОУН.КЗ""";Г.АЛМАТЫ, АЛМАЛИНСКИЙ РАЙОН, улица Муратбаева, дом 180;ДЖАҚСЫБАЕВА ДАНА СМАИЛОВНА;
"ТОО ""Микрофинансовая организация аФинанс""";200240014008;МФО;"ТОО ""МИКРОФИНАНСОВАЯ ОРГАНИЗАЦИЯ АФИНАНС""";Г.АЛМАТЫ, АЛМАЛИНСКИЙ РАЙОН, улица Толе би, дом 265;БЕЛЬДЕУБАЕВ АЛМАС МУРАТХАНОВИЧ;
"ТОО ""Ломбард Экспресс Финанс №1""";180440021735;Ломбард;"ТОО ""ЛОМБАРД ЭКСПРЕСС ФИНАНС №1""";Г.АЛМАТЫ, АЛМАЛИНСКИЙ РАЙОН, улица Наурызбай батыра, дом 21;РАЙМБЕК ҰЛАР БЕРІКҰЛЫ;
"ТОО ""Ломбард ""Асар-С""";151040021887;Ломбард;"ТОО ""ЛОМБАРД ""АСАР-С""";АЛМАТИНСКАЯ ОБЛАСТЬ, КАРАСАЙСКИЙ РАЙОН, КАСКЕЛЕНСКАЯ Г.А., Г.КАСКЕЛЕН, улица Байтұрсынов, дом 27;ЛЯЙЛИЕВ РУСТАМ-МИДАСТАН НАИЛЬЕВИЧ;
"ТОО ""Кредитное товарищество ""Степняк""";130340003318;Кредитное товарищество;"ТОО ""КРЕДИТНОЕ ТОВАРИЩЕСТВО ""СТЕПНЯК""";АКМОЛИНСКАЯ ОБЛАСТЬ, РАЙОН БИРЖАН САЛ, СТЕПНЯКСКАЯ Г.А., Г.СТЕПНЯК, улица Наурызбай батыра, строение 28;ИМАНТАЕВ КАЖИГАЛИ КАБИЛКАЕВИЧ;
"ТОО ""Астана Ломбард-9""";161040023111;Ломбард;"ТОО ""АСТАНА ЛОМБАРД-9""";АКМОЛИНСКАЯ ОБЛАСТЬ, КОКШЕТАУ Г.А., Г.КОКШЕТАУ, улица Ю. Гагарина, дом 68, кв. 9;ТОКТАРОВА ЗӘУРЕ;
"ТОО ""Фирма S Ломбард Кокше""";100740011368;Ломбард;"ТОО ""ФИРМА S ЛОМБАРД КОКШЕ""";АКМОЛИНСКАЯ ОБЛАСТЬ, КОКШЕТАУ Г.А., Г.КОКШЕТАУ, улица А.Пушкина, дом 14;СЕИТОВ ЖАЙЫК ЖЕТЫБАЕВИЧ;
"ТОО ""Ломбард Sanjar Gold""";100440007775;Ломбард;"ТОО ""ЛОМБАРД ""SANJAR GOLD""";АКМОЛИНСКАЯ ОБЛАСТЬ, КОКШЕТАУ Г.А., Г.КОКШЕТАУ, улица Дзержинского, дом 60, кв. 1;ШАЙКЕНОВА АЖАРБИКЕ КАБЫКЕНОВНА;
"ТОО ""Бизнес KZ-Ломбард""";170640029092;Ломбард;"ТОО ""БИЗНЕС KZ - ЛОМБАРД""";Г.АСТАНА, РАЙОН АЛМАТЫ, улица Қаныш Сәтбаев, дом 3;АБИЛОВА АЙНУРА КАНИБЕКОВНА;
"ТОО ""Микрофинансовая организация ""FB Кредит""";170840035361;МФО;"ТОО ""МИКРОФИНАНСОВАЯ ОРГАНИЗАЦИЯ ""FB КРЕДИТ""";Г.АЛМАТЫ, АУЭЗОВСКИЙ РАЙОН, Микрорайон Достык, улица Садвакасова, дом 183, корпус 1;РАХЫМЖАНОВ ТИМУР МАКСУТХАНОВИЧ;
"ТОО ""Алтын-Ломбард 2007""";061140024707;Ломбард;"ТОО ""АЛТЫН-ЛОМБАРД 2007""";Г.АСТАНА, РАЙОН САРАЙШЫҚ, улица Темирбек Жургенов, дом 34, н.п. 1;НУКУТОВА ДИНАРА ДЖАМБУЛОВНА;
"ТОО ""Ломбард Береке KZ""";191140006239;Ломбард;"ТОО ""ЛОМБАРД БЕРЕКЕ KZ""";Г.АСТАНА, РАЙОН САРЫАРКА, улица Аспара, дом 2Б, кв. 27;БОТБАЕВА БАГИЛА ШЕРИМХАНОВНА;
"Товарищество с ограниченной ответственностью ""Ломбард Сенімділік-2018""";181040029729;Ломбард;"ТОО ""ЛОМБАРД СЕНІМДІЛІК-2018""";КАРАГАНДИНСКАЯ ОБЛАСТЬ, БАЛХАШ Г.А., Г.БАЛХАШ, улица Караменде Би, строение 9;ТУРСУМБАЕВА ЖАНАР ЕЛТАЙКЫЗЫ;
"Товарищество с ограниченной ответственностью ""Балхаш - Ломбард""";031040004743;Ломбард;"ТОО ""БАЛХАШ-ЛОМБАРД""";КАРАГАНДИНСКАЯ ОБЛАСТЬ, БАЛХАШ Г.А., Г.БАЛХАШ, улица Караменде Би, дом 2, н.п. 2;АКИМЖАНОВА ТОРГЫН АЛДАБЕРГЕНОВНА;
"Товарищество с ограниченной ответственностью ""Техно-ломбард""";140740005757;Ломбард;"ТОО ""ТЕХНО-ЛОМБАРД""";КАРАГАНДИНСКАЯ ОБЛАСТЬ, БАЛХАШ Г.А., Г.БАЛХАШ, улица Жүніс Әбуғалиев, дом 12;БОЛБАКОВА МЕРУЕРТ АМАНТАЕВНА;
"Товарищество с ограниченной ответственностью ""Триумф Ломбард""";091040005603;Ломбард;"ТОО ""ТРИУМФ ЛОМБАРД""";КАРАГАНДИНСКАЯ ОБЛАСТЬ, АБАЙСКИЙ РАЙОН, ТОПАРСКАЯ П.А., П.ТОПАР, улица Дінмұхамед Қонаев, дом 2, корпус 1;МОНАСТЫРСКИЙ ДМИТРИЙ ВИКТОРОВИЧ;
"Товарищество с ограниченной ответственностью ""Ломбард INVEST GOLD""";191240008854;Ломбард;"ТОО ""ЛОМБАРД INVEST GOLD""";КАРАГАНДИНСКАЯ ОБЛАСТЬ, КАРАГАНДА Г.А., Г.КАРАГАНДА, Р.А. ИМ. КАЗЫБЕК БИ, РАЙОН ИМ.КАЗЫБЕК БИ, Проспект Бухар Жырау, строение 49;БУХТОЯРОВА ЛИЛИЯ МИНЯРОВНА;
"Товарищество с ограниченной ответственностью ""Ломбард LUX 888""";170740016410;Ломбард;"ТОО ""ЛОМБАРД LUX 888""";ОБЛАСТЬ ҰЛЫТАУ, ЖЕЗКАЗГАН Г.А., Г.ЖЕЗКАЗГАН, ПРОСПЕКТ МИРА, 19, КВ 19;ИБРАЕВ МУРАТ ОСПАНОВИЧ;
"Товарищество с ограниченной ответственностью ""Ломбард Демеу Капиталы 11""";111040018839;Ломбард;"ТОО ""ЛОМБАРД ДЕМЕУ КАПИТАЛЫ 11""";КАРАГАНДИНСКАЯ ОБЛАСТЬ, КАРАГАНДА Г.А., Г.КАРАГАНДА, Р.А. ИМ. КАЗЫБЕК БИ, РАЙОН ИМ.КАЗЫБЕК БИ, Проспект Строителей, дом 33, н.п. 6;ИСКАКОВ ДАРХАН РЫМБАЙУЛЫ;
"ТОО ""Микрофинансовая организация ""Деньги говорят""";190540004760;МФО;"ТОО МИКРОФИНАНСОВАЯ ОРГАНИЗАЦИЯ ""ДЕНЬГИ ГОВОРЯТ""";Г.АЛМАТЫ, НАУРЫЗБАЙСКИЙ РАЙОН, Микрорайон Рахат, улица Култобе, дом 4;ТЕЛЬМАН БАГЛАН;
"ТОО ""Ваш Столичный Ломбард""";100940008741;Ломбард;"ТОО ""ВАШ СТОЛИЧНЫЙ ЛОМБАРД""";Г.АСТАНА, РАЙОН САРЫАРКА, Проспект Жеңіс, дом 24, н.п. 7;МОЛОДЦОВ КОНСТАНТИН ВЛАДИМИРОВИЧ;
"ТОО ""Ақша-Ломбард""";060240003913;Ломбард;"ТОО ""АҚША-ЛОМБАРД""";Г.АЛМАТЫ, ЖЕТЫСУСКИЙ РАЙОН, МИКРОРАЙОН КУЛАГЕР, 13, КВ 3;ДОСМУКАМЕТОВА ЖАНАТ МУХАМЕТКАРИМОВНА;
"ТОО ""Микрофинансовая организация ""Капиталинвест""";170940011249;МФО;"ТОО ""МИКРОФИНАНСОВАЯ ОРГАНИЗАЦИЯ ""КАПИТАЛИНВЕСТ""";Г.АЛМАТЫ, АЛМАЛИНСКИЙ РАЙОН, улица Байзакова, здание 125;МАШАНЛО СЕРГЕЙ ГЕННАДЬЕВИЧ;
"ТОО ""Ломбард ЖаДа""";110140010845;Ломбард;"ТОО ""ЛОМБАРД ""ЖАДА""";Г.АСТАНА, РАЙОН БАЙҚОҢЫР, улица Альмухана Сембинова, дом 9;ИСЕНОВ АСКАТ ЗЕЙНУЛИННОВИЧ;
"ТОО ""Ломбард АСТ""";090940017141;Ломбард;"ТОО ""ЛОМБАРД АСТ""";Г.АЛМАТЫ, МЕДЕУСКИЙ РАЙОН, УЛИЦА ПУШКИНА, 41;ИСМАИЛОВА ИРАНА ШИРИЯЕВНА;
"ТОО ""Кредитное товарищество ""ПОЗИТИВ Кредит""";111040003207;Кредитное товарищество;"ТОО ""КРЕДИТНОЕ ТОВАРИЩЕСТВО ""ПОЗИТИВ КРЕДИТ""";Г.АЛМАТЫ, МЕДЕУСКИЙ РАЙОН, ПРОСПЕКТ ДОСТЫК, 310/15;СИМАЧЁВ ВАСИЛИЙ ВАСИЛЬЕВИЧ;
"ТОО ""Кредитное товарищество ""Жәрдем""";020840001347;Кредитное товарищество;"ТОО ""КРЕДИТНОЕ ТОВАРИЩЕСТВО ""ЖӘРДЕМ""";КОСТАНАЙСКАЯ ОБЛАСТЬ, ЖИТИКАРИНСКИЙ РАЙОН, Г.ЖИТИКАРА, Микрорайон 11, дом 16, кв. 1;АМАНКУЛОВ ЕРЛАН КАЙРХАНОВИЧ;
"ТОО ""Кредитное товарищество ""Капитал""";010840000505;Кредитное товарищество;"ТОО ""КРЕДИТНОЕ ТОВАРИЩЕСТВО ""КАПИТАЛ""";КОСТАНАЙСКАЯ ОБЛАСТЬ, ФЕДОРОВСКИЙ РАЙОН, ФЕДОРОВСКИЙ С.О., С.ФЕДОРОВКА, улица Легкодухова, дом 24;АНИСИМОВА ТАТЬЯНА ИВАНОВНА;
"ТОО ""Кредитное товарищество ""Қарлығаш""";010940001285;Кредитное товарищество;"ТОО ""КРЕДИТНОЕ ТОВАРИЩЕСТВО ""ҚАРЛЫҒАШ""";КОСТАНАЙСКАЯ ОБЛАСТЬ, КОСТАНАЙ Г.А., Г.КОСТАНАЙ, улица Баумана, строение 1А;МЕДЫБАЕВ РЕНАТ КАБДУЛАЕВИЧ;
"Товарищество с ограниченной ответственностью ""Ломбард ""Южный Кредит""";020240000228;Ломбард;"ТОО ""ЛОМБАРД ""ЮЖНЫЙ КРЕДИТ""";ЖАМБЫЛСКАЯ ОБЛАСТЬ, ТАРАЗ Г.А., Г.ТАРАЗ, РАЙОН ӘУЛИЕАТА, ПРОСПЕКТ АБАЯ, 144, КВ ОФИС 9;ЧЕРНОВ ЮРИЙ АЛЕКСАНДРОВИЧ;
"Товарищество с ограниченной ответственностью ""Ломбард ""Тараз Кредитный двор""";120540009144;Ломбард;"ТОО ""ЛОМБАРД ""ТАРАЗ КРЕДИТНЫЙ ДВОР""";ЖАМБЫЛСКАЯ ОБЛАСТЬ, ТАРАЗ Г.А., Г.ТАРАЗ, РАЙОН ЖІБЕК ЖОЛЫ, Переулок Райымбек батыр 1, дом 35;ТОХТИЕВ АЗИЗ АНВАРОВИЧ;
"Товарищество с ограниченной ответственностью ""Ломбард ""Кредитный двор""";080340002308;Ломбард;"ТОО ""ЛОМБАРД ""КРЕДИТНЫЙ ДВОР""";ЖАМБЫЛСКАЯ ОБЛАСТЬ, ТАРАЗ Г.А., Г.ТАРАЗ, РАЙОН ЖІБЕК ЖОЛЫ, Переулок Райымбек батыр 1, дом 35;ТОХТИЕВ АЗИЗ АНВАРОВИЧ;
"Товарищество с ограниченной ответственностью ""Ломбард ""Әмір-Маржан""";081240003444;Ломбард;"ТОО ""ЛОМБАРД ""ӘМІР-МАРЖАН""";ЖАМБЫЛСКАЯ ОБЛАСТЬ, ТАРАЗ Г.А., Г.ТАРАЗ, РАЙОН ӘУЛИЕАТА, Микрорайон Жайлау, дом 4, кв. 48;БЕКБАСАРОВА САУЛЕ ИСАТАЕВНА;
"Товарищество с ограниченной ответственностью ""Ломбард ""Мадина и К""";130640018753;Ломбард;"ТОО ""ЛОМБАРД ""МАДИНА И К""";ЖАМБЫЛСКАЯ ОБЛАСТЬ, РАЙОН ТУРАРА РЫСКУЛОВА, КУЛАНСКИЙ С.О., С.КУЛАН, улица Рахметалы Тажиев, дом 2;БЕГАЛИЕВ СЕРІК ШҮКІРБАЙҰЛЫ;
"Товарищество с ограниченной ответственностью ""Ломбард ""Динар-Акбаян""";080740019842;Ломбард;"ТОО ""ЛОМБАРД ""ДИНАР-АҚБАЯН""";ЖАМБЫЛСКАЯ ОБЛАСТЬ, ТАРАЗ Г.А., Г.ТАРАЗ, РАЙОН ӘУЛИЕАТА, Проспект Жамбыла, дом 172;КАБЫШЕВА ЖАНАР ЕШЕНКУЛОВНА;
"Товарищество с ограниченной ответственностью ""Микрофинансовая организация ""Тараз""";181040021545;МФО;"ТОО ""МИКРОФИНАНСОВАЯ ОРГАНИЗАЦИЯ ""ТАРАЗ""";ЖАМБЫЛСКАЯ ОБЛАСТЬ, ТАРАЗ Г.А., Г.ТАРАЗ, РАЙОН ӘУЛИЕАТА, Проспект Абая, дом 127;КУТТЫБАЕВ БЕРДИЯР КАДЫРБЕКОВИЧ;
"ТОО ""Микрофинансовая организация ""SM-INVEST""";160940032021;МФО;"ТОО ""МФО ""SM-INVEST""";Г.АЛМАТЫ, АЛМАЛИНСКИЙ РАЙОН, улица Казыбек би, дом 164, н.п. 1;МАЛЬЦЕВА НАТАЛЬЯ ВЛАДИМИРОВНА;
"Товарищество с ограниченной ответственностью ""Микрофинансовая организация ""Квадро-финанс""";150940010504;МФО;"ТОО ""КВАДРО 5""";Г.ШЫМКЕНТ, АЛЬ-ФАРАБИЙСКИЙ РАЙОН, улица К.Токаева, здание 27;КОЖАКОВА ЖАННА АЛПЫСБАЕВНА;
"Товарищество с ограниченной ответственностью ""Голд-Юг Ломбард""";180940031552;Ломбард;"ТОО ""ГОЛД-ЮГ ЛОМБАРД""";Г.ШЫМКЕНТ, КАРАТАУСКИЙ РАЙОН, Микрорайон Нуртас, улица Таскескен, дом 114;СУЛЕЙМЕНОВ ЕРЛАН АХМЕДЖАНОВИЧ;
"Товарищество с ограниченной ответственностью ""Ломбард ""Престиж Капитал плюс""";101140003447;Ломбард;"ТОО ""ЛОМБАРД ""ПРЕСТИЖ КАПИТАЛ ПЛЮС""""";Г.ШЫМКЕНТ, АБАЙСКИЙ РАЙОН, ТРАССА ТЕМИРЛАНОВСКОЕ, Д.53А;АСҚАР НҰРЖАН ИКРАМҰЛЫ;
"Товарищество с ограниченной ответственностью ""Ломбард ""Капитал""";081140014476;Ломбард;"ТОО ""ЛОМБАРД ""КАПИТАЛ""";Г.ШЫМКЕНТ, АБАЙСКИЙ РАЙОН, Трасса Темирлановское, дом 34, кв. 25;СЕНКИБАЕВ ЛЕСБЕК ЖАЙЛАУБАЕВИЧ;
"ТОО ""Микрофинансовая организация Business Finance""";180740010314;МФО;"ТОО ""МИКРОФИНАНСОВАЯ ОРГАНИЗАЦИЯ BUSINESS FINANCE""";Г.АЛМАТЫ, АЛМАЛИНСКИЙ РАЙОН, улица Амангельды, дом 59А, н.п. 8а;ЗУФАРОВА КАРИНА МИРАХМАДОВНА;
"ТОО Ломбард ""Маяк KZ""";120640005412;Ломбард;"ТОО ЛОМБАРД ""МАЯК KZ""";ПАВЛОДАРСКАЯ ОБЛАСТЬ, ПАВЛОДАР Г.А., Г.ПАВЛОДАР, улица Максима Горького, дом 27, кв. 73;НАУКЕНОВ КАЗБЕК ИСКАКОВИЧ;
"ТОО ""ЛОМБАРД ""ОРЛАН""";100440006836;МФО;"ТОО ""ЛОМБАРД ""ОРЛАН""";ПАВЛОДАРСКАЯ ОБЛАСТЬ, ПАВЛОДАР Г.А., Г.ПАВЛОДАР, улица Академика Бектурова, дом 71, кв. 59;МЕЛЬНИК ВИТАЛИЙ НИКОЛАЕВИЧ;
"ТОО ""ЛОМБАРД ""ORLAN-PVL""";140840013018;МФО;"ТОО ""ЛОМБАРД ""ORLAN-PVL""";ПАВЛОДАРСКАЯ ОБЛАСТЬ, ПАВЛОДАР Г.А., Г.ПАВЛОДАР, ПРОСПЕКТ НУРСУЛТАНА НАЗАРБАЕВА, 89, КВ 86;МЕЛЬНИК ВИТАЛИЙ НИКОЛАЕВИЧ;
"ТОО ""ЛОМБАРД АЛЬЯНС ЭК""";160340022677;МФО;"ТОО ""ЛОМБАРД АЛЬЯНС ЭК""";ПАВЛОДАРСКАЯ ОБЛАСТЬ, ЭКИБАСТУЗ Г.А., Г.ЭКИБАСТУЗ, улица Мухтара Ауэзова, дом 157, кв. 103;ЖАНПЕИСОВ МАРАТ КОКЕНОВИЧ;
"ТОО ""Просто Ломбард Плюс""";170940008685;Ломбард;"ТОО ""ПРОСТО ЛОМБАРД ПЛЮС""";ПАВЛОДАРСКАЯ ОБЛАСТЬ, ПАВЛОДАР Г.А., Г.ПАВЛОДАР, улица Академика Чокина, дом 42, кв. 148;МАХАМБЕТОВА БОТАГОЗ ГАБДИЛМАНАПОВНА;
"ТОО ""Qaz Finance Ломбард""";161240015564;Ломбард;"ТОО ""QAZ FINANCE ЛОМБАРД""";ПАВЛОДАРСКАЯ ОБЛАСТЬ, АКСУ Г.А., Г.АКСУ, улица М.О. Ауэзова, дом 47;РАХИШЕВ ЖАКАН КАБИЕВИЧ;
"ТОО ""Миллениум Ломбард""";190140003550;Ломбард;"ТОО ""МИЛЛЕНИУМ ЛОМБАРД""";ПАВЛОДАРСКАЯ ОБЛАСТЬ, ПАВЛОДАР Г.А., Г.ПАВЛОДАР, улица Торайгырова, дом 73, н.п. 62;КАНАПИН ОЛЖАС АМАНТАЕВИЧ;
"ТОО ""Ломбард-SS""";200940020523;Ломбард;"ТОО ""ЛОМБАРД-SS""";ПАВЛОДАРСКАЯ ОБЛАСТЬ, ЭКИБАСТУЗ Г.А., Г.ЭКИБАСТУЗ, улица Мухтара Ауэзова, строение 24/68;САДЫРБАЕВА НУРГУЛЬ СЕКЕНОВНА;
"ТОО ""Ломбард Қазына плюс""";100240013475;Ломбард;"ТОО ""ЛОМБАРД ""ҚАЗЫНА ПЛЮС""";Г.АСТАНА, РАЙОН БАЙҚОҢЫР, улица Альмухана Сембинова, здание 13/1;СКУПОВСКАЯ МАРИНА ВЯЧЕСЛАВОВНА;
"ТОО ""Ломбард ""Евразия""";091040004526;Ломбард;"ТОО ""ЛОМБАРД ""ЕВРАЗИЯ""";КАРАГАНДИНСКАЯ ОБЛАСТЬ, КАРАГАНДА Г.А., Г.КАРАГАНДА, Р.А. ИМ. КАЗЫБЕК БИ, РАЙОН ИМ.КАЗЫБЕК БИ, Проспект Бухар Жырау, дом 75, н.п. 23;ЖАКСЫБАЕВА САЛТАНАТ ДУКЕНОВНА;
"ТОО ""Ломбард ""КазКредит""";191140004987;Ломбард;"ТОО ""ЛОМБАРД ""КАЗКРЕДИТ""";КАРАГАНДИНСКАЯ ОБЛАСТЬ, КАРАГАНДА Г.А., Г.КАРАГАНДА, Р.А. ИМ. КАЗЫБЕК БИ, РАЙОН ИМ.КАЗЫБЕК БИ, Микрорайон Степной-2, дом 6/2;ИЛЬЯСОВА РОЗА АХМЕТКАЛИЕВНА;
"Товарищество с ограниченной ответственностью ""Ломбард Капитал-Т""";170240013339;Ломбард;"ТОО ""ЛОМБАРД КАПИТАЛ - Т""";КАРАГАНДИНСКАЯ ОБЛАСТЬ, ПРИОЗЕРСК Г.А., Г.ПРИОЗЕРСК, улица Абая, дом 17/3;АМАНБЕКОВА САБИНА БОЛАТОВНА;
"ТОО ""Ақтай-Ломбард""";140240024735;Ломбард;"ТОО ""АҚТАЙ -ЛОМБАРД""";ВОСТОЧНО-КАЗАХСТАНСКАЯ ОБЛАСТЬ, УСТЬ-КАМЕНОГОРСК Г.А., Г.УСТЬ-КАМЕНОГОРСК, УЛИЦА КАЗАХСТАН, 159/4;НАЗБИЕВА АЙГЕРИМ АМАНГЕЛЬДИНОВНА;
"ТОО ""DE GRAND PRIXI Ломбард""";080740009934;Ломбард;"ТОО ""DE GRAND PRIXI ЛОМБАРД""";ВОСТОЧНО-КАЗАХСТАНСКАЯ ОБЛАСТЬ, УСТЬ-КАМЕНОГОРСК Г.А., Г.УСТЬ-КАМЕНОГОРСК, улица Сағадат Нұрмағамбетов, дом 44, кв. 50;РАКОВСКАЯ ТАТЬЯНА СЕРГЕЕВНА;
"ТОО ""Жан ломбард""";170340017622;Ломбард;"ТОО ""ЖАН ЛОМБАРД""";ОБЛАСТЬ АБАЙ, СЕМЕЙ Г.А., Г.СЕМЕЙ, улица Жусупбека Аймаутова, дом 56;КАСЕНОВА МАРЖАН СЕРГАЛИЕВНА;
ТОО «Микрофинансовая организация «MOST»;181140010048;МФО;"ТОО ""МИКРОФИНАНСОВАЯ ОРГАНИЗАЦИЯ ""MOST""";Г.АЛМАТЫ, БОСТАНДЫКСКИЙ РАЙОН, улица Еділ Ерғожин, здание 27;АХМЕТСАДЫКОВ МИРАТ ЕРКИНБЕКОВИЧ;
"ТОО ""Мой Ломбард""";140840018871;Ломбард;"ТОО ""МОЙ ЛОМБАРД""";ОБЛАСТЬ АБАЙ, СЕМЕЙ Г.А., Г.СЕМЕЙ, улица Абая Кунанбаева, дом 81;ИСКАКОВА ГУЛЬМИРА СЕРИККАЗЫЕВНА;
"ТОО ""АСТ-Ломбард 777""";081140007433;Ломбард;"ТОО ""АСТ-ЛОМБАРД 777""";Г.АСТАНА, РАЙОН ЕСИЛЬ, Проспект Мәңгілік Ел, здание 20/2;ТОКТАРОВА ЗӘУРЕ;
"ТОО ""Актив Gold Ломбард""";191240026634;Ломбард;"ТОО ""АКТИВ GOLD ЛОМБАРД""";Г.АЛМАТЫ, МЕДЕУСКИЙ РАЙОН, улица Пушкина, дом 41, н.п. 114;МАЛГАЖДАРОВА ГАЛИЯ МУБАРАКОВНА;
"ТОО ""Арсат Ломбард""";170140002914;Ломбард;"ТОО ""АРСАТ ЛОМБАРД""";Г.АСТАНА, РАЙОН ЕСИЛЬ, улица Турара Рыскулова, дом 3, кв. 229;НУРБАЕВ ЕЛЬДАР КАМБАРБЕКОВИЧ;
"ТОО ""Kiwi Gold S Ломбард""";160740019949;Ломбард;"ТОО ""KIWI GOLD S ЛОМБАРД""";Г.АСТАНА, РАЙОН БАЙҚОҢЫР, улица Кенесары, дом 52;БЕРИКБАЕВ АБЗАЛ МАРАТОВИЧ;
"ТОО ""Голди-Ломбард""";060740014352;Ломбард;"ТОО ""ГОЛДИ-ЛОМБАРД""";Г.АСТАНА, РАЙОН САРАЙШЫҚ, улица Қасым Аманжолов, дом 32/1, кв. 25;ДАВЫДОВА АЛИЯ МИХАЙЛОВНА;
ТОО «JJJ Senim Lombard»;190840012237;МФО;"ТОО ТОО ""JJJ SENIM LOMBARD""";Г.АСТАНА, РАЙОН БАЙҚОҢЫР, улица Шоқан Уәлиханов, дом 21/3;ДУИСЕНБАЕВ ЖАКСЫЛЫК ТОЛЫСБЕКОВИЧ;
"ТОО ""Ломбард ""€lit"" (Евролит)"" Алматы""";181140033919;Ломбард;"ТОО ""ЛОМБАРД ""€LIT"" (ЕВРОЛИТ) АЛМАТЫ""";Г.АЛМАТЫ, АЛМАЛИНСКИЙ РАЙОН, Проспект Сейфуллина, дом 416, н.п. 251;САЗДАНОВА МАЛИКА АРДАКОВНА;
"ТОО ""Микрофинансовая организация ""Казахстанская Микрофинансовая Компания""";160440003416;МФО;"ТОО ""МИКРОФИНАНСОВАЯ ОРГАНИЗАЦИЯ ""КАЗАХСТАНСКАЯ МИКРОФИНАНСОВАЯ КОМПАНИЯ""";Г.АЛМАТЫ, АЛМАЛИНСКИЙ РАЙОН, улица Шевченко, дом 165Б;ЖУМАГАЛИЕВ НУРИСЛАН НАСИБУЛЛАЕВИЧ;
"ТОО ""EURO Capital Ломбард""";200940030957;Ломбард;"ТОО ""EURO CAPITAL ЛОМБАРД""";АЛМАТИНСКАЯ ОБЛАСТЬ, ИЛИЙСКИЙ РАЙОН, БАЙСЕРКЕНСКИЙ С.О., С.БАЙСЕРКЕ, улица Д.Рақышев, дом 2;КАНАЙБЕКОВ РАШИД САЙРАНБЕКОВИЧ;
"ТОО ""Автоломбард Алматы ""Виват Финанс""";081240009808;Ломбард;"ТОО ""АВТОЛОМБАРД АЛМАТЫ ""ВИВАТ ФИНАНС""";Г.АЛМАТЫ, МЕДЕУСКИЙ РАЙОН, улица Богенбай батыра, дом 102/58;НУРТАЗИНА ДИНА САБИРОВНА;
"ТОО ""ASED-Ломбард""";160240012636;Ломбард;"ТОО ""ASED-ЛОМБАРД""";Г.АСТАНА, РАЙОН САРЫАРКА, Проспект Бөгенбай Батыр, здание 69;МУХАМЕДЖАНОВА САИДА АДИЛЬБЕКОВНА;
"ТОО ""Ломбард Берекелі""";110940007894;Ломбард;"ТОО ""ЛОМБАРД БЕРЕКЕЛІ""";ТУРКЕСТАНСКАЯ ОБЛАСТЬ, САЙРАМСКИЙ РАЙОН, МАНКЕНТСКИЙ С.О., С.МАНКЕНТ, улица Кайырагаш, дом 55А;СЕЙТЖАППАРОВА ДАНА СЕЙТЖАППАРОВНА;
"ТОО ""Ломбард Дархан""";150740014391;Ломбард;"ТОО ""ЛОМБАРД ДАРХАН""";ТУРКЕСТАНСКАЯ ОБЛАСТЬ, ТОЛЕБИЙСКИЙ РАЙОН, Г.ЛЕНГЕР, улица Ащы, дом 1;ЛЕСБАЕВА КАМИЛА НЫШАНБАЙКЫЗЫ;
"ТОО ""Демеу Ломбард""";100440014577;Ломбард;"ТОО ""ДЕМЕУ ЛОМБАРД""";ТУРКЕСТАНСКАЯ ОБЛАСТЬ, КЕЛЕССКИЙ РАЙОН, АБАЙСКИЙ С.О., С.АБАЙ, улица Д.Конаев, строение 119Б;ЕСИМХАНОВА РАЙКУЛЬ САТЫБАЛДИЕВНА;
"ТОО ""ДОС ЛОМБАРД ПЛЮС""";180340010508;МФО;"ТОО ""ДОС ЛОМБАРД ПЛЮС""";ТУРКЕСТАНСКАЯ ОБЛАСТЬ, САЙРАМСКИЙ РАЙОН, КАРАСУСКИЙ С.О., С.КАРАСУ, улица И.В.Панфилова, здание 1/13;ШОЛИМОВА ШОЛПАН ЕСИМОВНА;
"ТОО ""ЭКО - Ломбард""";150240018039;Ломбард;"ТОО ""ЭКО - ЛОМБАРД""";ТУРКЕСТАНСКАЯ ОБЛАСТЬ, КЕЛЕССКИЙ РАЙОН, АБАЙСКИЙ С.О., С.АБАЙ, улица Д.Конаев, строение 126;ОРАЗБАЙ КЕРІМХАН ХАЛЫҚҰЛЫ;
"ТОО ""НҰР-КӨМЕК Ломбард""";130440000585;Ломбард;"ТОО ""НҰР-КӨМЕК ЛОМБАРД""";ТУРКЕСТАНСКАЯ ОБЛАСТЬ, КЕЛЕССКИЙ РАЙОН, АБАЙСКИЙ С.О., С.АБАЙ, улица М.Артыков, строение 121А;САДЫКБАЕВА НУРЖАМАЛ ЛЕСБЕКОВНА;
"ТОО ""Ломбард Нұр - 001""";170440033955;Ломбард;"ТОО ""ЛОМБАРД НҰР - 001""";ТУРКЕСТАНСКАЯ ОБЛАСТЬ, САРЫАГАШСКИЙ РАЙОН, Г.САРЫАГАШ, УЛИЦА Б.ЕРМЕКОВ, Д.1/1;МЫКТЫБАЕВ КУАНЫШ НУРТАЗАЕВИЧ;
"ТОО ""Кредитное товарищество ""Байдибек-несие""";030940000196;Кредитное товарищество;"ТОО ""КРЕДИТНОЕ ТОВАРИЩЕСТВО ""БАЙДИБЕК-НЕСИЕ""";ТУРКЕСТАНСКАЯ ОБЛАСТЬ, РАЙОН БАЙДИБЕКА, ШАЯНСКИЙ С.О., С.ШАЯН, улица Абай, здание 84;ӘБІЛДАБЕК ЖАЗЫЛБЕК ӘБІЛДАБЕКҰЛЫ;
"ТОО ""Кредитное товарищество ""Karabulak-Agro""";180440014920;Кредитное товарищество;"ТОО ""КРЕДИТНОЕ ТОВАРИЩЕСТВО ""KARABULAK-AGRO""";ТУРКЕСТАНСКАЯ ОБЛАСТЬ, САЙРАМСКИЙ РАЙОН, КАРАСУСКИЙ С.О., С.КАРАСУ, улица И.В.Панфилова, дом 1;ТЕМИРОВ КАДИРКУЛ ДИЛБЕКОВИЧ;
"ТОО ""Кредитное товарищество ""Наурыз-несие""";160240006463;Кредитное товарищество;"ТОО ""КРЕДИТНОЕ ТОВАРИЩЕСТВО ""НАУРЫЗ-НЕСИЕ""";ТУРКЕСТАНСКАЯ ОБЛАСТЬ, ТУРКЕСТАН Г.А., Г.ТУРКЕСТАН, улица А.Сабырханов, Переулок 3, здание 25;ТОҚСАНБАЙ МЕДЕТ БАЙМЫРЗАҰЛЫ;
"ТОО ""Кредитное товарищество ""Туркестан-Несие""";030540002346;Кредитное товарищество;"ТОО ""КРЕДИТНОЕ ТОВАРИЩЕСТВО ""ТУРКЕСТАН-НЕСИЕ""";ТУРКЕСТАНСКАЯ ОБЛАСТЬ, РАЙОН САУРАН, С.О.ЕСКИ ИКАН, С.СТАРОИКАН, улица Д.Конаев, здание 1А;КАМАЛОВ КАМОЛИДДИН БУСТАНОВИЧ;
"ТОО ""Кредитное товарищество ""Оңтүстік Несие""";171140021943;Кредитное товарищество;"ТОО ""КРЕДИТНОЕ ТОВАРИЩЕСТВО ""ОҢТҮСТІК НЕСИЕ""";ТУРКЕСТАНСКАЯ ОБЛАСТЬ, КАЗЫГУРТСКИЙ РАЙОН, КАЗЫГУРТСКИЙ С.О., С.КАЗЫГУРТ, улица А.Тогаев, здание 1А;ЖҮСІПОВ МҰХТАР СӘБИТҰЛЫ;
"ТОО ""Ломбард ""Ержан-Шапағат""";120340002853;Ломбард;"ТОО ""ЛОМБАРД ""ЕРЖАН-ШАПАҒАТ""";ТУРКЕСТАНСКАЯ ОБЛАСТЬ, ЖЕТЫСАЙСКИЙ РАЙОН, Г.ЖЕТЫСАЙ, улица Жайшибеков Орами, строение 12;СЕРІК САЛТАНАТ ЕРКІНБЕКҚЫЗЫ;
"ТОО Ломбард ""РАХАТ""";081240003632;Ломбард;"ТОО ЛОМБАРД ""РАХАТ""";ТУРКЕСТАНСКАЯ ОБЛАСТЬ, ЖЕТЫСАЙСКИЙ РАЙОН, Г.ЖЕТЫСАЙ, улица М.Ауезова, строение 63;ТАСТАЕВА КАРЛЫГАШ ШОХАНОВНА;
"ТОО ""Ломбард ""Копейка""";120540007574;Ломбард;"ТОО ""ЛОМБАРД ""КОПЕЙКА""";ТУРКЕСТАНСКАЯ ОБЛАСТЬ, КЕЛЕССКИЙ РАЙОН, АБАЙСКИЙ С.О., С.АБАЙ, улица А.Балтабаев, дом 4;ИСАХМЕТОВА АЙНАШ НИЯЗОВНА;
"ТОО ""ЗАМАНКЕЛДІ"" Ломбард""";150440005738;Ломбард;"ТОО ""ЗАМНКЕЛДІ ЛОМБАРД""";ТУРКЕСТАНСКАЯ ОБЛАСТЬ, ШАРДАРИНСКИЙ РАЙОН, Г.ШАРДАРА, улица Толе би, здание 38А;МУСАЕВА ПЕРИЗАТ АЛПАМЫШОВНА;
"ТОО ""Ломбард Жұлдыз-1""";170240032840;Ломбард;"ТОО ""ЛОМБАРД ЖҰЛДЫЗ-1""";ТУРКЕСТАНСКАЯ ОБЛАСТЬ, МАКТААРАЛЬСКИЙ РАЙОН, П.А.АТАКЕНТ, П.АТАКЕНТ, улица Маяковский, дом 16;МЫРЗАКУЛОВ ЕСБОЛ КАЛЖАНОВИЧ;
"ТОО ""Ломбард ""Экспресс-Финанс""";170440014354;Ломбард;"ТОО ""ЛОМБАРД ""ЭКСПРЕСС-ФИНАНС""";ТУРКЕСТАНСКАЯ ОБЛАСТЬ, МАКТААРАЛЬСКИЙ РАЙОН, П.А.АТАКЕНТ, П.АТАКЕНТ, УЛИЦА ПУШКИНА, Д.18В;ЮНУСОВА САРСЕНГУЛ ДАВРАНОВНА;
"ТОО ""Ломбард АРНА GOLD""";190140035191;Ломбард;"ТОО ""ЛОМБАРД АРНА GOLD""";ТУРКЕСТАНСКАЯ ОБЛАСТЬ, ЖЕТЫСАЙСКИЙ РАЙОН, С.О. КАЗЫБЕК БИ, С.КУРБАН-АТА, улица Кобылан ата, дом 47;ТУРГАНБАЙҰЛЫ БЕРІК;
"ТОО ""Ломбард A.D.S""";170640026870;Ломбард;"ТОО ""ЛОМБАРД A.D.S""";ТУРКЕСТАНСКАЯ ОБЛАСТЬ, КЕНТАУ Г.А., КАРНАКСКИЙ С.О., С.КАРНАК, улица Туркестан, строение 1/9;ЖИПСИБАЕВ АРНУР АСЫЛХАНОВИЧ;
"ТОО ""МК-Тенге Ломбард""";190940020330;Ломбард;"ТОО ""МК-ТЕНГЕ ЛОМБАРД""";ТУРКЕСТАНСКАЯ ОБЛАСТЬ, КЕНТАУ Г.А., Г.КЕНТАУ, Проспект Ахмета Ясави, строение 112У;ЖИПСЫБАЕВА АСЕЛЬ АБИЛХАСИМОВНА;
"ТОО ""Кредитное товарищество"" ""Түлкібас""";030640002032;Кредитное товарищество;"ТОО ""КРЕДИТНОЕ ТОВАРИЩЕСТВО"" ""ТҮЛКІБАС""";ТУРКЕСТАНСКАЯ ОБЛАСТЬ, ТЮЛЬКУБАССКИЙ РАЙОН, МАЙЛЫКЕНТСКИЙ С.О., С.ТУРАРА РЫСКУЛОВА, улица Д.Кунаев, строение 16;КАРАБАЛАЕВ ЖАМАЛБЕК КУРМАНАЛЫЕВИЧ;
"ТОО ""Кредитное товарищество ""Шардара-Несие""";041240003040;Кредитное товарищество;"ТОО ""КРЕДИТНОЕ ТОВАРИЩЕСТВО ""ШАРДАРА-НЕСИЕ""";ТУРКЕСТАНСКАЯ ОБЛАСТЬ, ШАРДАРИНСКИЙ РАЙОН, Г.ШАРДАРА, Проспект Отегул Тугелбаев, здание 12А;ЖУНУСОВ КИРИЛЛ АЛЬБЕКОВИЧ;
"ТОО ""Кредитное товарищество ""Adilet Invest""";190540014064;Кредитное товарищество;"ТОО ""КРЕДИТНОЕ ТОВАРИЩЕСТВО ""ADILET INVEST""";ТУРКЕСТАНСКАЯ ОБЛАСТЬ, САЙРАМСКИЙ РАЙОН, КАРАМУРТСКИЙ С.О., С.КАРАМУРТ, улица М.Мухитдинова, здание 2;КАРВАНОВ БАХРАМ ДАНИЯРОВИЧ;
"ТОО Ломбард ""Асем""";191040011639;Ломбард;"ТОО ""ЛОМБАРД ""АСЕМ""";ТУРКЕСТАНСКАЯ ОБЛАСТЬ, САРЫАГАШСКИЙ РАЙОН, КУРКЕЛЕССКИЙ С.О., С.АКНИЕТ, УЛИЦА АБАЙ, 1;МАУЛЕН АКЖОЛ ЕРМЕКУЛЫ;
"ТОО Ломбард ""Несібелі""";180140036108;Ломбард;"ТОО ""ЛОМБАРД ""НЕСІБЕЛІ""";ТУРКЕСТАНСКАЯ ОБЛАСТЬ, ОРДАБАСЫНСКИЙ РАЙОН, ШУБАРСКИЙ С.О., С.ШУБАР, улица О.Жандосов, дом 7/2;ПИРНАЗАРОВА ЛЯЗЗАТ ТУРЛЫБЕКОВНА;
"ТОО ""Ломбард Аванс Plus""";190340031710;Ломбард;"ТОО ""ЛОМБАРД АВАНС PLUS""";ТУРКЕСТАНСКАЯ ОБЛАСТЬ, ТУРКЕСТАН Г.А., Г.ТУРКЕСТАН, Проспект Тауке Хан, здание 180;САМБЕТОВ ӘЛНУР ЕРЛАНҰЛЫ;
"ТОО ""Мейер - Ломбард""";031140002522;Ломбард;"ТОО ""МЕЙЕР-ЛОМБАРД""";ОБЛАСТЬ ЖЕТІСУ, ТАЛДЫКОРГАН Г.А., Г.ТАЛДЫКОРГАН, улица Биржан Сал, дом 66, кв. 16;УТЕЛЬБАЕВ МЕЙРАМ МЕДИЛЬХАНОВИЧ;
"ТОО ""Ломбард 888.KZ""";170340023667;Ломбард;"ТОО ""ЛОМБАРД 888.KZ""";Г.АСТАНА, РАЙОН САРЫАРКА, улица Әлия Молдағұлова, дом 37, н.п. 4;ХУРМАНХАН АДИЯ;
"ТОО ""МФО Bravo Business""";200940035066;МФО;"ТОО ""МФО BRAVO BUSINESS""";Г.АСТАНА, РАЙОН ЕСИЛЬ, улица Дінмұхамед Қонаев, здание 33;САЛИХОВ БОЛАТ МАРАТОВИЧ;
"Товарищество с ограниченной ответственностью ""Кредитное товарищество ""Целиноградское""";040340001164;Кредитное товарищество;"ТОО ""КРЕДИТНОЕ ТОВАРИЩЕСТВО ""ЦЕЛИНОГРАДСКОЕ""";Г.АСТАНА, РАЙОН НҰРА, Проспект Тұран, дом 19/1;АШЕБЕКОВ САГАДАТ КАИРЖАНОВИЧ;
"Товарищество с ограниченной ответственостью ""Микрофинансовая организация БОЛАШАК""";140240027204;МФО;"ТОО ""МИКРОФИНАНСОВАЯ ОРГАНИЗАЦИЯ БОЛАШАК""";АКТЮБИНСКАЯ ОБЛАСТЬ, АКТОБЕ Г.А., Г.АКТОБЕ, РАЙОН АСТАНА , улица Есет-Батыра, дом 118, н.п. 1;ТҰРТАЕВА ФАРИЗА БАҚИҚЫЗЫ;
"ТОО ""Ломбард GOLD888""";101040004194;Ломбард;"ТОО ""ЛОМБАРД GOLD888""";Г.АСТАНА, РАЙОН АЛМАТЫ, улица Қаныш Сәтбаев, дом 18, н.п. 5;МАМЫРХАН АМАНЖОЛ ВАЛИХАНҰЛЫ;
"ТОО ""Микрофинансовая организация ""Бастау Агро Финанс""";170540026867;МФО;ТОО «МИКРОФИНАНСОВАЯ ОРГАНИЗАЦИЯ «БАСТАУ АГРО ФИНАНС»;Г.АЛМАТЫ, АЛМАЛИНСКИЙ РАЙОН, Проспект Абылай хана, дом 135;ЖАНГУНОВ ЕРЖАН ОРЫНБАСАРОВИЧ;
"ТОО ""Ломбард 585 проба""";191240022621;Ломбард;"ТОО ""ЛОМБАРД 585 ПРОБА""";Г.АСТАНА, РАЙОН САРЫАРКА, Проспект Бөгенбай Батыр, дом 23/1, кв. 42;ВААКС ЕВГЕНИЙ НИКОЛАЕВИЧ;
"ТОО ""Алтын ломбард Астана 1""";191040006414;Ломбард;"ТОО ""АЛТЫН ЛОМБАРД АСТАНА 1""";Г.АСТАНА, РАЙОН САРЫАРКА, улица Гете, дом 10, кв. 36;ВЕЛЬДИН ДЕНИС ЮРЬЕВИЧ;
"ТОО ""Сейф-Ломбард""";090440011332;Ломбард;"ТОО ""СЕЙФ-ЛОМБАРД""";Г.АЛМАТЫ, АЛМАЛИНСКИЙ РАЙОН, улица Богенбай батыра, дом 156;КИМ ГЕННАДИЙ ВИКТОРОВИЧ;
"ТОО ""МК-Золото Ломбард""";180640013454;Ломбард;"ТОО ""МК-ЗОЛОТО ЛОМБАРД""";Г.АЛМАТЫ, БОСТАНДЫКСКИЙ РАЙОН, Проспект Аль-Фараби, дом 73/2;ОСИПОВА ЛЮДМИЛА ВАЛЕНТИНОВНА;
"ТОО ""Микрофинансовая организация ""Альфа-Траст""";180140011509;МФО;"ТОО ""МИКРОФИНАНСОВАЯ ОРГАНИЗАЦИЯ ""АЛЬФА ТРАСТ""";ЗАПАДНО-КАЗАХСТАНСКАЯ ОБЛАСТЬ, УРАЛЬСК Г.А., Г.УРАЛЬСК, Проспект Абулхаир Хана, строение 6/2;МИШИНА ЕКАТЕРИНА АЛЕКСАНДРОВНА;
"ТОО ""Кредитное товарищество ""Есиль-2030""";070740007728;Кредитное товарищество;"ТОО ""КРЕДИТНОЕ ТОВАРИЩЕСТВО ""ЕСИЛЬ-2030""";АКМОЛИНСКАЯ ОБЛАСТЬ, ЕСИЛЬСКИЙ РАЙОН, Г.ЕСИЛЬ, улица Мухтара Ауэзова, здание 54;АДИЛЬБАЕВ ТАЛГАТ АСЕТОВИЧ;
"ТОО ""Кредитное товарищество ""Егиндыколь-Финанс""";050740003008;Кредитное товарищество;"ТОО ""КРЕДИТНОЕ ТОВАРИЩЕСТВО ""ЕГИНДЫКОЛЬ-ФИНАНС""";АКМОЛИНСКАЯ ОБЛАСТЬ, ЕГИНДЫКОЛЬСКИЙ РАЙОН, ЕГИНДЫКОЛЬСКИЙ С.О., С.ЕГИНДЫКОЛЬ, улица Победы, дом 16, кв. 3;АЛПЫСПАЕВ РЕНАТ МУХАМЕДЖАНОВИЧ;
"ТОО ""Кредитное товарищество ""Атамекен""";080340012701;Кредитное товарищество;"ТОО ""КРЕДИТНОЕ ТОВАРИЩЕСТВО ""АТАМЕКЕН""";АКМОЛИНСКАЯ ОБЛАСТЬ, САНДЫКТАУСКИЙ РАЙОН, БАЛКАШИНСКИЙ С.О., С.БАЛКАШИНО, улица Абая, строение 60А;КОШЕКОВ КУРМАНГАЗЫ АМАНТАЕВИЧ;
"ТОО ""Кредитное товарищество ""Мұнайлы несие""";190240023508;Кредитное товарищество;"ТОО ""КРЕДИТНОЕ ТОВАРИЩЕСТВО ""МҰНАЙЛЫ НЕСИЕ""";МАНГИСТАУСКАЯ ОБЛАСТЬ, АКТАУ Г.А., Г.АКТАУ, Микрорайон 29, здание 225;АХМЕДЕЕВА ГУЛЬМИРА МАКСАТОВНА;
ТОО «DOSGOLD Ломбард»;120740012984;Ломбард;"ТОО ""DOSGOLD ЛОМБАРД""";Г.АСТАНА, РАЙОН НҰРА, улица Е 900, дом 10, кв. 367;ДОСКЕЛДИЕВА АКШОЛПАН НУРЛАНОВНА;
"ТОО ""VA LOMBARD"" ЛОМБАРД""";170440007094;МФО;"ТОО ""VA LOMBARD"" ЛОМБАРД""";ОБЛАСТЬ ЖЕТІСУ, ТАЛДЫКОРГАН Г.А., Г.ТАЛДЫКОРГАН, улица С.Сейфуллина, дом 16;АКЫЛТАЕВА АСЕЛЬ СЪЕЗБЕКОВНА;
"Товарищество с ограниченной ответственностью ""MaxCredit Ломбард""";170340019976;Ломбард;"ТОО ""MAXCREDIT ЛОМБАРД""";АКТЮБИНСКАЯ ОБЛАСТЬ, АКТОБЕ Г.А., Г.АКТОБЕ, РАЙОН АСТАНА , улица Есет-Батыра, дом 154;БАЙМАНКУНОВА АЙДАНА НУРЛУХАНОВНА;
"ТОО ""МК-Ломбард""";090540011693;Ломбард;"ТОО ""МК-ЛОМБАРД""";Г.АЛМАТЫ, БОСТАНДЫКСКИЙ РАЙОН, улица Попова, дом 29;АЛИЕВ ГУЛАМ АРИФОВИЧ;
"ТОО ""М-Ломбард""";010540000712;Ломбард;"ТОО ""М-ЛОМБАРД""";Г.АЛМАТЫ, БОСТАНДЫКСКИЙ РАЙОН, УЛИЦА ПОПОВА, 33;АЛИЕВ ГУЛАМ АРИФОВИЧ;
"Товарищество с ограниченной ответственностью ""Ломбард Болашак""";140240026692;Ломбард;"ТОО ""ЛОМБАРД БОЛАШАК""";АКТЮБИНСКАЯ ОБЛАСТЬ, АКТОБЕ Г.А., Г.АКТОБЕ, РАЙОН АСТАНА , улица Есет-Батыра, дом 118, н.п. 1;МҮСТЕКЕНОВ ТАЛҒАТ ТҰРТАЙҰЛЫ;
"Товарищество с ограниченной ответственностью ""Кредитное товарищество ""ENRC Credit"" (ЕЭнЭрСи Кредит)";040640000147;Кредитное товарищество;"ТОО ""КРЕДИТНОЕ ТОВАРИЩЕСТВО ""ENRC CREDIT"" (ЕЭНЭРСИ КРЕДИТ)";Г.АСТАНА, РАЙОН ЕСИЛЬ, Проспект Мәңгілік Ел, здание 43;ИСИМБАЕВА АЛМА ТУРАШЕВНА;
"ТОО ""Тех.ломбард""";180240009243;Ломбард;"ТОО ""ТЕХ.ЛОМБАРД""";КОСТАНАЙСКАЯ ОБЛАСТЬ, КОСТАНАЙ Г.А., Г.КОСТАНАЙ, УЛИЦА И.АЛТЫНСАРИНА, 131А;АЛИМБАЕВ МАГЗУМ ТУЛЕГЕНОВИЧ;
"ТОО ""Кредитное товарищество ""Тобыл""";030840001795;Кредитное товарищество;"ТОО ""КРЕДИТНОЕ ТОВАРИЩЕСТВО ""ТОБЫЛ""";КОСТАНАЙСКАЯ ОБЛАСТЬ, КОСТАНАЙ Г.А., Г.КОСТАНАЙ, улица А.П.Чехова, дом 103;УТЕБАЕВ ЖУМАГАЗЫ АБДИКАРИМОВИЧ;
"ТОО ""ALG Ломбард""";050540003893;Ломбард;"ТОО ""ALG ЛОМБАРД""";АЛМАТИНСКАЯ ОБЛАСТЬ, КАРАСАЙСКИЙ РАЙОН, КАСКЕЛЕНСКАЯ Г.А., Г.КАСКЕЛЕН, улица Аубай Байғазиев, строение 39;ИБРАГИМОВ ЭЛЬДАР МУСЛИМОВИЧ;
"ТОО ""Микрофинансовая организация ""Kredit Seven Kazakhstan (Кредит Севен Казахстан)""";200340016315;МФО;"ТОО ""МИКРОФИНАНСОВАЯ ОРГАНИЗАЦИЯ ""KREDIT SEVEN KAZAKHSTAN (КРЕДИТ СЕВЕН КАЗАХСТАН)""";ТУРКЕСТАНСКАЯ ОБЛАСТЬ, САЙРАМСКИЙ РАЙОН, АКСУКЕНТСКИЙ С.О., С.АКСУ, улица Улы Дала, здание 1;ВОЛКОВА АННА АЛЕКСАНДРОВНА;
"ТОО ""Микрофинансовая организация ""БИИК-Кредит""";031240002487;МФО;"ТОО ""МИКРОФИНАНСОВАЯ ОРГАНИЗАЦИЯ ""БИИК-КРЕДИТ""";Г.ШЫМКЕНТ, АЛЬ-ФАРАБИЙСКИЙ РАЙОН, улица Казыбек Би, дом 18, н.п. 1;ШАТАБАЕВА МАДИНА ТОРЕБАЕВНА;
"ТОО ""Ломбард ""БИИК""";980840001217;Ломбард;"ТОО ""ЛОМБАРД ""БИИК""";Г.ШЫМКЕНТ, АЛЬ-ФАРАБИЙСКИЙ РАЙОН, улица Казыбек Би, дом 18, н.п. 1;ШАТАБАЕВА МАДИНА ТОРЕБАЕВНА;
"ТОО ""Ломбард Капиталъ""";160240005643;Ломбард;"ТОО ""ЛОМБАРД КАПИТАЛЪ""";Г.ШЫМКЕНТ, РАЙОН ТУРАН, улица Гани Иляева, дом 4, кв. 24;БАКТЫБАЕВА МАДИНА АЙТКУЛОВНА;
"ТОО ""Сары Ломбард""Сары Ломбард";150340018875;Ломбард;"ТОО ""САРЫ ЛОМБАРД""";Г.ШЫМКЕНТ, АЛЬ-ФАРАБИЙСКИЙ РАЙОН, ПРОСПЕКТ КАБАНБАЙ БАТЫРА;ТӨРЕХАН ДАНИЯР ТӨЛЕГЕНҰЛЫ;
"ТОО ""Ломбард Көлдария""";120140012487;Ломбард;"ТОО ""ЛОМБАРД ""КӨЛДАРИЯ""";ТУРКЕСТАНСКАЯ ОБЛАСТЬ, САРЫАГАШСКИЙ РАЙОН, Г.САРЫАГАШ, улица 9-мая, дом 22;ТОЛЕГЕНОВА ФАРИДА ТУРАБЕКОВНА;
"ТОО ""Ломбард Р-Люкс""";090740005329;Ломбард;"ТОО ""ЛОМБАРД ""Р-ЛЮКС""";Г.ШЫМКЕНТ, РАЙОН ТУРАН, улица Асанбай Аскаров, дом 32, кв. 21;ДОСЫМБЕТОВ АЗИЗ СЕРИКОВИЧ;
"ТОО ""Ломбард CVOY""";200540016615;Ломбард;"ТОО ""ЛОМБАРД CVOY""";Г.ШЫМКЕНТ, АЛЬ-ФАРАБИЙСКИЙ РАЙОН, УЛИЦА МУХАМЕД ХАЙДАР ДУЛАТИ, Д.200А;ИМАНБАЕВА МАРИНА ВЛАДИМИРОВНА;
"ТОО ""Кредитное товарищество ""Жеті-Нар""";040240003503;Кредитное товарищество;"ТОО ""КРЕДИТНОЕ ТОВАРИЩЕСТВО ""ЖЕТІ-НАР""";ОБЛАСТЬ ЖЕТІСУ, КОКСУСКИЙ РАЙОН, БАЛПЫКСКИЙ С.О., С.БАЛПЫК БИ, Микрорайон И. Шадрин, дом 9, кв. 11;ДЕМЕУБАЕВА НУРЗАДА АБИЛГАЛЫМОВНА;
"ТОО ""Негосударственный ломбард ""Дисконт""";950340001917;Ломбард;"ТОО ""НЕГОСУДАРСТВЕННЫЙ ЛОМБАРД ""ДИСКОНТ""";КОСТАНАЙСКАЯ ОБЛАСТЬ, КОСТАНАЙ Г.А., Г.КОСТАНАЙ, Проспект Аль-Фараби, дом 88;АХМЕДИЕВ ТЭМИРЛАН САБИРЖАНОВИЧ;
"ТОО ""Кредитное товарищество ""имени Райымбека""";040340002797;Кредитное товарищество;"ТОО ""КРЕДИТНОЕ ТОВАРИЩЕСТВО ""ИМЕНИ РАЙЫМБЕКА""";АЛМАТИНСКАЯ ОБЛАСТЬ, КЕГЕНСКИЙ РАЙОН, КЕГЕНСКИЙ С.О., С.КЕГЕН, УЛИЦА Б МОМЫШУЛЫ, 19;БОЛАТОВА БАХЫТ БОЛАТОВНА;
"Товарищество с ограниченной ответственностью ""Микрофинансовая организация ""Аtаmекеn Qaragandy""";181040023511;МФО;"ТОО ""МИКРОФИНАНСОВАЯ ОРГАНИЗАЦИЯ «АTАMЕКЕN QARAGANDY»";КАРАГАНДИНСКАЯ ОБЛАСТЬ, КАРАГАНДА Г.А., Г.КАРАГАНДА, Р.А. ИМ. КАЗЫБЕК БИ, РАЙОН ИМ.КАЗЫБЕК БИ, Микрорайон Степной-1, строение 10/1;НУКИНА САИДА СЕЙТГАЛИЕВНА;
"ТОО ""Микрофинансовая организация ""Азиатский Кредитный Фонд""";051040001396;МФО;"ТОО ""МИКРОФИНАНСОВАЯ ОРГАНИЗАЦИЯ ""АЗИАТСКИЙ КРЕДИТНЫЙ ФОНД""";Г.АЛМАТЫ, АЛМАЛИНСКИЙ РАЙОН, улица Ауэзова, дом 60;ЖАКУПОВА ЖАННА БОЛАТХАНОВНА;
"ТОО ""Микрофинансовая организация ""Finbox""";150940005022;МФО;"ТОО ""МИКРОФИНАНСОВАЯ ОРГАНИЗАЦИЯ ""FINBOX""";Г.АЛМАТЫ, АЛМАЛИНСКИЙ РАЙОН, улица Жамбыла, дом 114/85;МЕДЕУБЕКОВ ДИЯР НУРЛАНОВИЧ;
"ТОО ""Кредитное товарищество ""Жаркент""";020740000890;Кредитное товарищество;"ТОО ""КРЕДИТНОЕ ТОВАРИЩЕСТВО ""ЖАРКЕНТ""";ОБЛАСТЬ ЖЕТІСУ, ПАНФИЛОВСКИЙ РАЙОН, ЖАРКЕНТСКАЯ Г.А., Г.ЖАРКЕНТ, улица Айтжана Туркебаева, сооружение 40/4;АШИРОВА НАЗИГУЛЬ ТУРСЫНКАНОВНА;
"ТОО Кредитное товарищество ""Бейнеу""";171140035389;Кредитное товарищество;"ТОО ""КРЕДИТНОЕ ТОВАРИЩЕСТВО ""БЕЙНЕУ""";МАНГИСТАУСКАЯ ОБЛАСТЬ, БЕЙНЕУСКИЙ РАЙОН, БЕЙНЕУСКИЙ С.О., С.БЕЙНЕУ, улица Әлихан Бөкейхан, дом 28, кв. 24;ТУЛЕУГАЛИЕВ ТИМУР КАБДСИХОВИЧ;
"ТОО ""Кредитное товарищество ""Денисовское""";030640000978;Кредитное товарищество;"ТОО ""КРЕДИТНОЕ ТОВАРИЩЕСТВО ""ДЕНИСОВСКОЕ""";КОСТАНАЙСКАЯ ОБЛАСТЬ, ДЕНИСОВСКИЙ РАЙОН, ДЕНИСОВСКИЙ С.О., С.ДЕНИСОВКА, УЛИЦА ЛЕНИНА, 8;СУЕРБАСОВ МАРАТ ЖАКСЛЫКОВИЧ;
"ТОО ""Ломбард Миллион-М""";140240022848;Ломбард;"ТОО ""ЛОМБАРД МИЛЛИОН-М""";КОСТАНАЙСКАЯ ОБЛАСТЬ, КОСТАНАЙ Г.А., Г.КОСТАНАЙ, улица Шевченко, дом 37;КОВАЛЕВ ИГОРЬ ИГОРЕВИЧ;
"ТОО ""Кредитное товарищество ""Сункар""";051040002483;Кредитное товарищество;"ТОО ""КРЕДИТНОЕ ТОВАРИЩЕСТВО ""СУНКАР""";КОСТАНАЙСКАЯ ОБЛАСТЬ, КАМЫСТИНСКИЙ РАЙОН, КАМЫСТИНСКИЙ С.О., С.КАМЫСТЫ, улица Гумилева, дом 68;ЕДРИСОВ САМРАТ ХАЛИТОВИЧ;
"ТОО ""Кредитное товарищество ""Сарыколь""";070240004537;Кредитное товарищество;"ТОО ""КРЕДИТНОЕ ТОВАРИЩЕСТВО ""САРЫКОЛЬ""";КОСТАНАЙСКАЯ ОБЛАСТЬ, САРЫКОЛЬСКИЙ РАЙОН, САРЫКОЛЬСКАЯ П.А., П.САРЫКОЛЬ, улица Тәуелсіздік, дом 93;ШЕКА ТАТЬЯНА ВИКТОРОВНА;
"ТОО ""Проффит – ломбард 24""";150240017239;Ломбард;ТОО «ПРОФФИТ – ЛОМБАРД 24»;ОБЛАСТЬ АБАЙ, СЕМЕЙ Г.А., Г.СЕМЕЙ, УЛИЦА АЙТКЕША ИБРАЕВА, 152, КВ 3;ДИКАНБАЕВА ДАНАРА АКЫЛЖАНОВНА;
"ТОО ""Кредитное товарищество ""Ауыл""";010640000062;Кредитное товарищество;"ТОО ""КРЕДИТНОЕ ТОВАРИЩЕСТВО ""АУЫЛ""";КЫЗЫЛОРДИНСКАЯ ОБЛАСТЬ, ЖАЛАГАШСКИЙ РАЙОН, ЖАЛАГАШСКИЙ С.О., П.ЖАЛАГАШ, улица Толеген Кистаубаев, строение 4;ОМАРОВ САМАТ ДӘУІРҰЛЫ;
"ТОО ""АВТО МИГ ЛОМБАРД""";170140009023;МФО;"ТОО ""АВТО МИГ ЛОМБАРД""";КЫЗЫЛОРДИНСКАЯ ОБЛАСТЬ, КЫЗЫЛОРДА Г.А., Г.КЫЗЫЛОРДА, улица Гани Муратбаев, дом 2;АЛТЫНБЕК ЗАРИНА АЛИБЕКҚЫЗЫ;
"ТОО ""Кредитное товарищество ""Наурыз-Дем""";031040000780;Кредитное товарищество;"ТОО ""КРЕДИТНОЕ ТОВАРИЩЕСТВО ""НАУРЫЗ - ДЕМ""";КЫЗЫЛОРДИНСКАЯ ОБЛАСТЬ, ШИЕЛИЙСКИЙ РАЙОН, ШИЕЛИЙСКИЙ С.О., П.ШИЕЛИ, улица Сакен Сейфуллин, здание 66;ЖАЛТЕНОВ НУРЛАН ГАНИЕВИЧ;
"ТОО ""Астана Ломбард-7""";160840012231;Ломбард;"ТОО ""АСТАНА ЛОМБАРД-7""";Г.АСТАНА, РАЙОН АЛМАТЫ, УЛИЦА АЛЕКСЕЙ ПЕТРОВ, 19, КВ 6;ШАХЗАДИНА ШЫНАР ТОРГАУЫТОВНА;
"Товарищество с ограниченной ответственностью ""TopLombard (ТопЛомбард""";180940013564;Ломбард;"ТОО ""TOPLOMBARD (ТОПЛОМБАРД)""";КАРАГАНДИНСКАЯ ОБЛАСТЬ, КАРАГАНДА Г.А., Г.КАРАГАНДА, Р.А. ИМ. КАЗЫБЕК БИ, РАЙОН ИМ.КАЗЫБЕК БИ, улица Гоголя, дом 52, н.п. 42;ЕФИМЕНКО ОЛЬГА ПАВЛОВНА;
"ТОО ""Ломбард Алтын Орал""";070940006320;Ломбард;"ТОО ""ЛОМБАРДАЛТЫНОРАЛ""";ЗАПАДНО-КАЗАХСТАНСКАЯ ОБЛАСТЬ, УРАЛЬСК Г.А., Г.УРАЛЬСК, Микрорайон Северо-Восток 2, дом 46, кв. 1;МАКСИМЕНКО ЛЮДМИЛА СЕРГЕЕВНА;
"ТОО ""Іскер Ломбард""";130540003781;Ломбард;"ТОО ""ІСКЕР ЛОМБАРД""";Г.АЛМАТЫ, ТУРКСИБСКИЙ РАЙОН, улица Станкевича, дом 5, н.п. 13;БУЕВА НОННА ИВАНОВНА;
"ТОО ""Микрофинансовая организация ""Алтын Кредит""";150640013805;МФО;"ТОО ""МИКРОФИНАНСОВАЯ ОРГАНИЗАЦИЯ ""АЛТЫН КРЕДИТ""";Г.АСТАНА, РАЙОН БАЙҚОҢЫР, улица Шоқан Уәлиханов, дом 9/1, кв. 2;ОРМАНБЕКОВА ГУЛЬЖАН АЛИШЕРОВНА;
"ТОО ""Кредитное товарищество ""Сыр бойы""";061140005106;Кредитное товарищество;"ТОО ""КРЕДИТНОЕ ТОВАРИЩЕСТВО ""СЫР БОЙЫ""";КЫЗЫЛОРДИНСКАЯ ОБЛАСТЬ, КЫЗЫЛОРДА Г.А., Г.КЫЗЫЛОРДА, улица Динмухамед Конаев, здание 33;ТОҒЫМОВ ЖАРАСХАН РАЙЫСБЕКҰЛЫ;
"ТОО ""Авто Рост Ломбард""";161040005572;Ломбард;"ТОО ""АВТО РОСТ ЛОМБАРД""";КЫЗЫЛОРДИНСКАЯ ОБЛАСТЬ, КЫЗЫЛОРДА Г.А., Г.КЫЗЫЛОРДА, улица Айтеке Би, дом 23, кв. 10;ПАК ЮРИЙ ВИТАЛЬЕВИЧ;
ТОО «Восток ломбард»;190940009865;Ломбард;"ТОО ""ВОСТОК ЛОМБАРД""";Г.АЛМАТЫ, МЕДЕУСКИЙ РАЙОН, улица Алимжанова, дом 48;ДЮСЮПОВА АЛГИЗА УРАЛКАНОВНА;
"ТОО ""Шик585Ломбард""";180840010714;Ломбард;"ТОО ""ШИК585ЛОМБАРД""";ОБЛАСТЬ АБАЙ, СЕМЕЙ Г.А., Г.СЕМЕЙ, КВАРТАЛ 20, 14, кв 77;АСКАРОВА АИДА АРМАНОВНА;
Товарищество с ограниченной ответственностью «PLATINUM Ломбард»;190440035300;Ломбард;"ТОО ""PLATINUM ЛОМБАРД""";Г.ШЫМКЕНТ, АЛЬ-ФАРАБИЙСКИЙ РАЙОН, улица Толе би, здание 9/3;АЛЖАНОВА АЙКЕРИМ ЖАНЗАКОВНА;
"ТОО ""Кредитное товарищество ""Родник""";040540002388;Кредитное товарищество;"ТОО ""КРЕДИТНОЕ ТОВАРИЩЕСТВО ""РОДНИК""";ОБЛАСТЬ АБАЙ, БОРОДУЛИХИНСКИЙ РАЙОН, БОРОДУЛИХИНСКИЙ С.О., С.БОРОДУЛИХА, улица Тәуелсіздік, строение 73;МУХАЕВ НАРИМАН ГАБДРАШИТОВИЧ;
"ТОО ""Микрофинансовая организация ""ТТ-Финанс""";060740006371;МФО;"ТОО ""МИКРОФИНАНСОВАЯ ОРГАНИЗАЦИЯ ""ТТ-ФИНАНС""";КАРАГАНДИНСКАЯ ОБЛАСТЬ, КАРАГАНДА Г.А., Г.КАРАГАНДА, Р.А. ИМ. КАЗЫБЕК БИ, РАЙОН ИМ.КАЗЫБЕК БИ, Проспект Бухар Жырау, строение 75Г;БАТРАШЕВ МАРГУЛАН МАРАТОВИЧ;
"ТОО ""Ломбард Platinum""";091240009782;Ломбард;"ТОО ""ЛОМБАРД PLATINUM""";ОБЛАСТЬ ЖЕТІСУ, АЛАКОЛЬСКИЙ РАЙОН, УШАРАЛЬСКАЯ Г.А., Г.УШАРАЛ, улица Садық Құсайын, дом 92;КАРАБЕКОВА ЛЯЗЗАТ КАЙРАТОВНА;
"ТОО ""Ломбард - Арасан""";050640004311;Ломбард;"ТОО ""ЛОМБАРД-АРАСАН""";ОБЛАСТЬ ЖЕТІСУ, ТАЛДЫКОРГАН Г.А., Г.ТАЛДЫКОРГАН, улица Кабанбай батыра, дом 62, кв. 1;АВДЕЕВ ВАЛЕРИЙ НИКОЛАЕВИЧ;
"ТОО ""Кредитное товарищество ""Ырыс""";160340012808;Кредитное товарищество;ТОО «КРЕДИТНОЕ ТОВАРИЩЕСТВО «ЫРЫС»;АЛМАТИНСКАЯ ОБЛАСТЬ, ЕНБЕКШИКАЗАХСКИЙ РАЙОН, ЕСИКСКАЯ Г.А., Г.ЕСИК, улица Алтын Адам аллеясы, дом 131, кв. 2;ИСКАКОВА АЙНУР ОРАЗБАЕВНА;
"ТОО ""Кредитное товарищество ""Каскелен""";030640003161;Кредитное товарищество;"ТОО ""КРЕДИТНОЕ ТОВАРИЩЕСТВО ""КАСКЕЛЕН""";АЛМАТИНСКАЯ ОБЛАСТЬ, КАРАСАЙСКИЙ РАЙОН, КАСКЕЛЕНСКАЯ Г.А., Г.КАСКЕЛЕН, улица Наурызбай, дом 23А;СУЛЕЙМЕНОВ КАНАТ САТТАРБЕКОВИЧ;
"ТОО ""Кредитное товарищество ""Болашақ Инвест""";171140032760;Кредитное товарищество;"ТОО ""КРЕДИТНОЕ ТОВАРИЩЕСТВО БОЛАШАК ИНВЕСТ""";АЛМАТИНСКАЯ ОБЛАСТЬ, ЖАМБЫЛСКИЙ РАЙОН, УЗЫНАГАШСКИЙ С.О., С.УЗЫНАГАШ, улица Мажитов, здание 12;БЕРЕКЕТОВА РАУАН ТАЛГАТОВНА;
"ТОО ""Кредитное товарищество ""АгроКапитал""";170240015098;Кредитное товарищество;"ТОО ""КРЕДИТНОЕ ТОВАРИЩЕСТВО ""АГРОКАПИТАЛ""";ОБЛАСТЬ ЖЕТІСУ, ТАЛДЫКОРГАН Г.А., Г.ТАЛДЫКОРГАН, улица Т.Рустембекова, здание 55/57;ГАЛИЕВ РУСЛАН НУРЛАНОВИЧ;
"ТОО ""Ломбард ""Вега""";120540019924;Ломбард;"ТОО ""ЛОМБАРД ""ВЕГА""";ОБЛАСТЬ ЖЕТІСУ, ТАЛДЫКОРГАН Г.А., Г.ТАЛДЫКОРГАН, Проспект Нұрсұлтан Назарбаев, дом 54, н.п. 27а;МАЛИНИНА ЛЮДМИЛА ВИТАЛЬЕВНА;
ТОО «Ломбард «HAYAT CAPITAL»;200440003565;Ломбард;"ТОО ""ЛОМБАРД ""HAYAT CAPITAL""";Г.АЛМАТЫ, АУЭЗОВСКИЙ РАЙОН, улица Толе би, дом 285/3;ИСМАИЛОВА АЛЬФИЯ АНАСОВНА;
"ТОО ""Ассы-Ломбард""";081240008772;Ломбард;"ТОО ""АССЫ-ЛОМБАРД""";АЛМАТИНСКАЯ ОБЛАСТЬ, ЕНБЕКШИКАЗАХСКИЙ РАЙОН, ЕСИКСКАЯ Г.А., Г.ЕСИК, Микрорайон 1, дом 10, кв. 40;ИСКАКОВА КУЛШАТ ТОРГАЙБЕКОВНА;
"ТОО ""Ломбард West""";091140003561;Ломбард;"ТОО ""ЛОМБАРД ""WEST""";ЗАПАДНО-КАЗАХСТАНСКАЯ ОБЛАСТЬ, ТАСКАЛИНСКИЙ РАЙОН, ТАСКАЛИНСКИЙ С.О., С.ТАСКАЛА, улица М.Маметовой, дом 7;ЮНИНА ОЛЬГА НИКОЛАЕВНА;
"Товарищество с ограниченной ответственностью ""Ломбард ""Магнит ТиК""";160840023960;Ломбард;"ТОО ""ЛОМБАРД ""МАГНИТ ТИК""";ЖАМБЫЛСКАЯ ОБЛАСТЬ, ТАРАЗ Г.А., Г.ТАРАЗ, РАЙОН ӘУЛИЕАТА, Переулок 3 Абая, дом 49Б;БИБОЛОВ ЕРЛАН ХАБДУЛЛИНУЛЫ;
"Товарищество с ограниченной ответственностью ""Ломбард Натали""";140740022271;Ломбард;"ТОО ""ЛОМБАРД НАТАЛИ""";ЖАМБЫЛСКАЯ ОБЛАСТЬ, КОРДАЙСКИЙ РАЙОН, КОРДАЙСКИЙ С.О., С.КОРДАЙ, улица Жібек жолы, дом 185;ПОПОВА НАТАЛЬЯ МИХАЙЛОВНА;
"Товарищество с ограниченной ответственностью ""Микрофинансовая организация ""Атамекен Тараз""";160840012172;МФО;"ТОО ""МИКРОФИНАНСОВАЯ ОРГАНИЗАЦИЯ ""АТАМЕКЕН ТАРАЗ""";ЖАМБЫЛСКАЯ ОБЛАСТЬ, ТАРАЗ Г.А., Г.ТАРАЗ, РАЙОН ӘУЛИЕАТА, улица Колбасшы Койгельди, строение 173;АБДРАХМАНОВ РУСТЕМ АЗАМАТОВИЧ;
"ТОО ""Светлана Ломбард""";070540004270;Ломбард;"ТОО ""СВЕТЛАНА ЛОМБАРД""";АЛМАТИНСКАЯ ОБЛАСТЬ, КАРАСАЙСКИЙ РАЙОН, ШАМАЛГАНСКИЙ С.О., С.ШАМАЛГАН, улица Әбіш, дом 113;БАКИШЕВА САНИЯ СЕРИКОВНА;
"ТОО ""Зергер ломбард""";180140000593;Ломбард;"ТОО ""ЗЕРГЕР ЛОМБАРД""";ОБЛАСТЬ ЖЕТІСУ, ТАЛДЫКОРГАН Г.А., Г.ТАЛДЫКОРГАН, улица Кабанбай батыра, дом 51, н.п. 1;КАЛАШНИКОВА ИРИНА АЛЕКСАНДРОВНА;
"ТОО ""Кредитное товарищество ""Ұзынағаш-Несие""";160440005155;Кредитное товарищество;"ТОО ""КРЕДИТНОЕ ТОВАРИЩЕСТВО ""ҰЗЫНАҒАШ-НЕСИЕ""";АЛМАТИНСКАЯ ОБЛАСТЬ, ЖАМБЫЛСКИЙ РАЙОН, УЗЫНАГАШСКИЙ С.О., С.УЗЫНАГАШ, улица Саурық Батыр, дом 183А;ШАЛАБАЕВА ЛАУРА ЕРТАЛИПОВНА;
"ТОО ""ЛОМБАРД TASSI""";190740009471;МФО;"ТОО ""ЛОМБАРД TASSI""";ОБЛАСТЬ ЖЕТІСУ, ТАЛДЫКОРГАН Г.А., Г.ТАЛДЫКОРГАН, улица Биржан Сал, дом 80, н.п. 13;САМРАТБЕКОВ СУЛТАНБЕК ТАЛГАТОВИЧ;
"ТОО ""Ломбард ""АК и К""";080240000168;Ломбард;"ТОО ""ЛОМБАРД ""АК И К""";АЛМАТИНСКАЯ ОБЛАСТЬ, ҚОНАЕВ Г.А., Г.ҚОНАЕВ, Микрорайон 4, дом 30;АБЕУОВ КАНАТ ЖУМАГАЛИЕВИЧ;
"ТОО ""Кредитное товарищество ""Талгар""";031240002239;Кредитное товарищество;"ТОО ""КРЕДИТНОЕ ТОВАРИЩЕСТВО ""ТАЛГАР""";АЛМАТИНСКАЯ ОБЛАСТЬ, ТАЛГАРСКИЙ РАЙОН, ТАЛГАРСКАЯ Г.А., Г.ТАЛГАР, улица Лермонтова, здание 53;КЫДЫРАЛИЕВА ДИНАРА ТУРЫМТАЕВНА;
"ТОО ""Мирас ЛОМБАРД-1""";190640029373;МФО;"ТОО ""МИРАС ЛОМБАРД-1""";АЛМАТИНСКАЯ ОБЛАСТЬ, ЖАМБЫЛСКИЙ РАЙОН, УЗЫНАГАШСКИЙ С.О., С.УЗЫНАГАШ, улица Абай, здание 51;БАЙСУГУРОВ ЗАКАРИЯ САПАРОВИЧ;
"Товарищество с ограниченной ответственностью ""Микрофинансовая организация ""ERG Microfinance""";071140005613;МФО;"ТОО ""МИКРОФИНАНСОВАЯ ОРГАНИЗАЦИЯ ""ERG MICROFINANCE""";Г.АСТАНА, РАЙОН ЕСИЛЬ, Проспект Мәңгілік Ел, здание 43;ЖАКИМОВА ГУЛЬМИРА ОЛИЕВНА;
"Товарищество с ограниченной ответственностью ""Микрофинансовая организация ""TESQUA FINANCE""";191040022016;МФО;"ТОО МИКРОФИНАНСОВАЯ ОРГАНИЗАЦИЯ ""TESQUA FINANCE""";Г.АСТАНА, РАЙОН НҰРА, улица Кайым Мухамедханов, здание 5;КУСАИНОВ АРМАН АБЕЛЬГАЗИЕВИЧ;
"АО ""Микрофинансовая организация ""ОнлайнКазФинанс""";160840000397;МФО;"АО ""МИКРОФИНАНСОВАЯ ОРГАНИЗАЦИЯ ОНЛАЙНКАЗФИНАНС""";Г.АЛМАТЫ, АЛМАЛИНСКИЙ РАЙОН, Проспект Сейфуллина, дом 502;МУХАМЕДЖАНОВ АДИЛЬ БЕКТАСОВИЧ;
"ТОО ""Микрофинансовая организация ""ЭКО - Финанс""";170140006253;МФО;"ТОО ""МИКРОФИНАНСОВАЯ ОРГАНИЗАЦИЯ ЭКО - ФИНАНС""";Г.АЛМАТЫ, ТУРКСИБСКИЙ РАЙОН, улица Бекмаханова, дом 95А;ЖУНУСОВ ДАНИЯР МУСАЕВИЧ;
"ТОО ""Центрально-Азиатская микрофинансовая организация""";151240021140;МФО;"ТОО ""ЦЕНТРАЛЬНО-АЗИАТСКАЯ МИКРОФИНАНСОВАЯ ОРГАНИЗАЦИЯ""";Г.АЛМАТЫ, БОСТАНДЫКСКИЙ РАЙОН, Проспект Аль-Фараби, дом 71, корпус 17;МЭН СЯОХУ;
"ТОО ""Кредитное товарищество ""Талдыкорган-Агро""";080840012704;Кредитное товарищество;"ТОО ""КРЕДИТНОЕ ТОВАРИЩЕСТВО ""ТАЛДЫКОРГАН-АГРО""";ОБЛАСТЬ ЖЕТІСУ, ТАЛДЫКОРГАН Г.А., Г.ТАЛДЫКОРГАН, улица М.Толебаева, дом 58/64;КАПАНОВ НУРЛАН БЕКБЕРГЕНОВИЧ;
"ТОО ""Кредитное товарищество ""Агро несие""";170540031338;Кредитное товарищество;"ТОО ""КРЕДИТНОЕ ТОВАРИЩЕСТВО ""АГРО НЕСИЕ""";АЛМАТИНСКАЯ ОБЛАСТЬ, ЖАМБЫЛСКИЙ РАЙОН, УЗЫНАГАШСКИЙ С.О., С.УЗЫНАГАШ, улица Абай, дом 51А;БАЙСУГУРОВ ЗАКАРИЯ САПАРОВИЧ;
"Товарищество с ограниченной ответственностью ""Ди Асыл Ломбард""";171040035137;Ломбард;"ТОО ""ДИ АСЫЛ ЛОМБАРД""";АКТЮБИНСКАЯ ОБЛАСТЬ, АКТОБЕ Г.А., Г.АКТОБЕ, РАЙОН АСТАНА , Проспект Абилкайыр Хана, дом 34;ТУЛЕБАЕВ РУСЛАН УЗАКБАЕВИЧ;
"Товарищество с ограниченной ответственностью ""Ломбард ""Алтын Алмаз""";141140005232;Ломбард;"ТОО ""ЛОМБАРД ""АЛТЫН АЛМАЗ""";АКТЮБИНСКАЯ ОБЛАСТЬ, АКТОБЕ Г.А., Г.АКТОБЕ, РАЙОН АСТАНА , Микрорайон 11, дом 19, н.п. 83;КУЛБЕКОВА ГУЛИМ КУРМАНОВНА;
"Товарищество с ограниченной ответственностью ""Альфа Ломбард""";140540001816;Ломбард;"ТОО ""АЛЬФА ЛОМБАРД""";КАРАГАНДИНСКАЯ ОБЛАСТЬ, КАРАГАНДА Г.А., Г.КАРАГАНДА, Р.А. ИМ. КАЗЫБЕК БИ, РАЙОН ИМ.КАЗЫБЕК БИ, улица Гоголя, дом 39;КОСТИНА ЕЛЕНА ВАЛЕНТИНОВНА;
"Товарищество с ограниченной ответственностью ""Грандъ-Ломбард""";150240027642;Ломбард;"ТОО ""ГРАНДЪ-ЛОМБАРД""";КАРАГАНДИНСКАЯ ОБЛАСТЬ, ТЕМИРТАУ Г.А., Г.ТЕМИРТАУ, Микрорайон 6, строение 13Б;НАЗАРЕНКО ЕВГЕНИЙ ПАВЛОВИЧ;
"ТОО ""Кредитное товарищество ""Жерұйық""";160840027943;Кредитное товарищество;"ТОО ""КРЕДИТНОЕ ТОВАРИЩЕСТВО ""ЖЕРҰЙЫҚ""";ОБЛАСТЬ ЖЕТІСУ, ТАЛДЫКОРГАН Г.А., Г.ТАЛДЫКОРГАН, улица Абылай хана, строение 190/1;ЯНГУЧИН НАИЛЬ АДИЛЬЕВИЧ;
"ТОО ""Ломбард Эдем &amp; Л""";090240008840;Ломбард;"ТОО ""ЛОМБАРД ЭДЕМ & Л""";ОБЛАСТЬ ЖЕТІСУ, КАРАТАЛЬСКИЙ РАЙОН, УШТОБИНСКАЯ Г.А., Г.УШТОБЕ, улица Б.Момышулы, строение 176Е;БАТРАЧЕНКО НАТАЛЬЯ АЛЕКСЕЕВНА;
"ТОО ""Микрофинансовая организация ""TAS FINANCE GROUP""";100240019642;МФО;ТОО «МИКРОФИНАНСОВАЯ ОРГАНИЗАЦИЯ «TAS FINANCE GROUP» (ТАС ФИНАНС ГРУПП);ОБЛАСТЬ АБАЙ, РАЙОН АҚСУАТ, АКСУАТСКИЙ С.О., С.АКСУАТ, улица Ы.Кабекова, здание 16;ТАСТЕКЕЙ ДУЛАТ ТҰРСЫНҰЛЫ;
"ТОО ""Кредитное товарищество ""Алтын Адам""";030540002544;Кредитное товарищество;"ТОО ""КРЕДИТНОЕ ТОВАРИЩЕСТВО ""АЛТЫН АДАМ""";АЛМАТИНСКАЯ ОБЛАСТЬ, ЕНБЕКШИКАЗАХСКИЙ РАЙОН, ЕСИКСКАЯ Г.А., Г.ЕСИК, улица Марат Абошұлы Ысқақ, дом 76;САВИНА ЖАННА АЛЕКСАНДРОВНА;
"ТОО ""Кредитное товарищество ""Айыртау несие""";040240002179;Кредитное товарищество;"ТОО ""КРЕДИТНОЕ ТОВАРИЩЕСТВО ""АЙЫРТАУ НЕСИЕ""";ВОСТОЧНО-КАЗАХСТАНСКАЯ ОБЛАСТЬ, УЛАНСКИЙ РАЙОН, КАСЫМ КАЙСЕНОВА С.О., С.КАСЫМА КАЙСЕНОВА, улица З.Ахметова, здание 3;КАСАНБАЕВА АЙТЖАН ИДРЫШЕВНА;
"ТОО ""Кредитное товарищество ""Зыряновское""";030840000955;Кредитное товарищество;"ТОО ""КРЕДИТНОЕ ТОВАРИЩЕСТВО ""ЗЫРЯНОВСКОЕ""";ВОСТОЧНО-КАЗАХСТАНСКАЯ ОБЛАСТЬ, РАЙОН АЛТАЙ, Г.А.АЛТАЙ, Г.АЛТАЙ, улица Фрунзе, дом 52, н.п. 52;ГАБИТОВА ЛАЙЛА АБДИСАМЕТОВНА;
"ТОО ""Ломбард Восток-Казына""";160140021443;Ломбард;"ТОО ""ЛОМБАРД ВОСТОК-КАЗЫНА""";ОБЛАСТЬ АБАЙ, СЕМЕЙ Г.А., Г.СЕМЕЙ, УЛИЦА ЗАСЯДКО, 88;РЫМБЕК АСЕЛЬ КАЙРАТОВНА;
"ТОО ""Ломбард АЛТЫН БИЗНЕС""";141140004610;Ломбард;"ТОО ""ЛОМБАРД АЛТЫН БИЗНЕС""";ВОСТОЧНО-КАЗАХСТАНСКАЯ ОБЛАСТЬ, УСТЬ-КАМЕНОГОРСК Г.А., Г.УСТЬ-КАМЕНОГОРСК, улица Бурова, дом 22, кв. 23;КОНЫСБАЕВ КУАНЫШ АХМЕТКАЛИЕВИЧ;
"ТОО ""Ломбард ""Асыл-Казына Лтд""";140840005641;Ломбард;"ТОО ""ЛОМБАРД ""АСЫЛ-КАЗЫНА ЛТД""";ОБЛАСТЬ АБАЙ, СЕМЕЙ Г.А., Г.СЕМЕЙ, улица Глинки, дом 32, кв. 2;ТОЛЕУБЕК ЕРЛАН ТОЛЕУБЕКОВИЧ;
"ТОО ""Ломбард ""АЛҚА""";110540014416;Ломбард;"ТОО ""ЛОМБАРД ""АЛҚА""";ОБЛАСТЬ АБАЙ, СЕМЕЙ Г.А., Г.СЕМЕЙ, Проспект Шакарима, дом 82/1;СЫДЫКОВА ЖАНАР ХАМИТОВНА;
"ТОО ""Кредитное товарищество ""Әулиекөл""";070240004180;Кредитное товарищество;"ТОО ""КРЕДИТНОЕ ТОВАРИЩЕСТВО ""ӘУЛИЕКӨЛ""";КОСТАНАЙСКАЯ ОБЛАСТЬ, АУЛИЕКОЛЬСКИЙ РАЙОН, АУЛИЕКОЛЬСКИЙ С.О., С.АУЛИЕКОЛЬ, улица имени Саржетім Қарабалуан батыра, дом 22;КЕТЕБАЕВ АМАНБОЛГАН КАКИМБЕКОВИЧ;
"ТОО ""Кредитное товарищество ""Аркалык""";050940006793;Кредитное товарищество;"ТОО ""КРЕДИТНОЕ ТОВАРИЩЕСТВО ""АРКАЛЫК""";КОСТАНАЙСКАЯ ОБЛАСТЬ, АРКАЛЫК Г.А., Г.АРКАЛЫК, улица Шакшак Жанибека, дом 75, кв. 57;УТБАЕВА БИНАРА НҰРҒАЛИҚЫЗЫ;
"ТОО ""МФО ""Атамекен Костанай""";160540025232;МФО;"ТОО ""МИКРОФИНАНСОВАЯ ОРГАНИЗАЦИЯ ""АТАМЕКЕН КОСТАНАЙ""";КОСТАНАЙСКАЯ ОБЛАСТЬ, КОСТАНАЙ Г.А., Г.КОСТАНАЙ, Проспект Аль-Фараби, дом 114;МУХАМБЕТОВА РАУШАН ЛЕСБЕККЫЗЫ;
"ТОО ""АЗИЯ ЛОМБАРД KZ""";070940008862;МФО;"ТОО ""ЛОМБАРД АЗИЯ KZ""";КОСТАНАЙСКАЯ ОБЛАСТЬ, КОСТАНАЙ Г.А., Г.КОСТАНАЙ, улица Дмитрия Герасимова, дом 2, н.п. 1;МАСАКБАЕВА ДАМИРА МАКСУТОВНА;
"ТОО ""Кредитное товарищество ""Каратал""";050340000782;Кредитное товарищество;"ТОО ""КРЕДИТНОЕ ТОВАРИЩЕСТВО ""КАРАТАЛ""";ОБЛАСТЬ ЖЕТІСУ, КАРАТАЛЬСКИЙ РАЙОН, УШТОБИНСКАЯ Г.А., Г.УШТОБЕ, Проспект Абылай Хана, дом 28, кв. 11;КИМ АЛЕКСЕЙ БОРИСОВИЧ;
"ТОО ""DDD-M Ломбард""";180240018778;Ломбард;"ТОО ""DDD-M ЛОМБАРД""";ОБЛАСТЬ ЖЕТІСУ, ПАНФИЛОВСКИЙ РАЙОН, ЖАРКЕНТСКАЯ Г.А., Г.ЖАРКЕНТ, улица Айтжана Туркебаева, дом 40/3;БЕКБАТЫРОВА ДИДАР НУРБОЛАТОВНА;
"ТОО ""Золотой Ломбард""";070540028298;Ломбард;"ТОО ""ЗОЛОТОЙ ЛОМБАРД""";ЗАПАДНО-КАЗАХСТАНСКАЯ ОБЛАСТЬ, СЫРЫМСКИЙ РАЙОН, ЖЫМПИТЫНСКИЙ С.О., С.ЖЫМПИТЫ, улица Жумагалиева, дом 9;БАЛМАГАМБЕТОВА ГУЛЬМИРА ТУРЕГАЛИЕВНА;
"ТОО ""Негосударственный ломбард ""Гаухар""";941040001630;Ломбард;"ТОО ""НЕГОСУДАРСТВЕННЫЙ ЛОМБАРД ""ГАУХАР""";ЗАПАДНО-КАЗАХСТАНСКАЯ ОБЛАСТЬ, УРАЛЬСК Г.А., Г.УРАЛЬСК, Проспект Нұрсұлтан Назарбаев, строение 194;АРТАМОНОВА ТАТЬЯНА ПЕТРОВНА;
"ТОО ""Есиль-МК Ломбард""";081040016984;Ломбард;"ТОО ""ЕСИЛЬ-МК"" ЛОМБАРД";Г.АСТАНА, РАЙОН БАЙҚОҢЫР, Микрорайон Алатау, улица Амангелді Иманов, здание 36А;РЫСКУЛБЕКОВ СЕРЖАН ЗИЯБЕКОВИЧ;
"ТОО ""Алтын 585 Ломбард""";191240015659;Ломбард;"ТОО ""АЛТЫН 585 ЛОМБАРД""";Г.АСТАНА, РАЙОН САРЫАРКА, улица Бейбітшілік, дом 32, н.п. 6;ВЕЛЬДИНА СВЕТЛАНА ВАСИЛЬЕВНА;
"ТОО ""Микрофинансовая организация ""Rangeld Finance""";160240004308;МФО;"ТОО ""МФО ""RANGELD FINANCE""";Г.АЛМАТЫ, МЕДЕУСКИЙ РАЙОН, Проспект Достык, дом 52/2;МУСТАФАЕВ РАВИЛЬ НАЗИМОВИЧ;
"ТОО ""Актау Алтын ломбард""";100240019048;Ломбард;"ТОО ""АКТАУ АЛТЫН ЛОМБАРД""";МАНГИСТАУСКАЯ ОБЛАСТЬ, АКТАУ Г.А., Г.АКТАУ, Микрорайон 27, дом 27, н.п. 61;ТЛЕПИЕВА АЙГЮЛЬ САРЛБАЕВНА;
"ТОО ""Ломбард Алмаз""";071140018162;Ломбард;"ТОО ""ЛОМБАРД АЛМАЗ""";МАНГИСТАУСКАЯ ОБЛАСТЬ, АКТАУ Г.А., Г.АКТАУ, МИКРОРАЙОН 8, 8, КВ 14.;ДЖАНЕТОВА АЙГУЛЬ КОЖАНИЯЗОВНА;
"ТОО ""Астра-Ломбард""";950840000213;Ломбард;"ТОО ""АСТРА-ЛОМБАРД""";АЛМАТИНСКАЯ ОБЛАСТЬ, ҚОНАЕВ Г.А., Г.ҚОНАЕВ, МИКРОРАЙОН 4, 29, КВ 18;СУБАЛОВА СВЕТЛАНА ТЕКЕБАЙЕВНА;
"ТОО ""Ломбард-АСТ КЗ""";171140036307;Ломбард;"ТОО ""ЛОМБАРД-АСТ КЗ""";Г.АСТАНА, РАЙОН АЛМАТЫ, улица Алексей Петров, дом 17, кв. 59;БАЙЧУАКОВА ШОЛПАН АСКАРОВНА;
"ТОО ""Ломбард Кредит kz""";150740018324;Ломбард;"ТОО ""ЛОМБАРД КРЕДИТ KZ""";Г.АСТАНА, РАЙОН АЛМАТЫ, Микрорайон Аль-Фараби, Проспект Шәкәрім Құдайбердіұлы, дом 38;ГАБДУЛЛИНА КАМИЛА УМЕРСЕРИКОВНА;
"ТОО ""Ломбард Успех плюс""";170840023020;Ломбард;"ТОО ""ЛОМБАРД ""УСПЕХ ПЛЮС""""";ЗАПАДНО-КАЗАХСТАНСКАЯ ОБЛАСТЬ, УРАЛЬСК Г.А., Г.УРАЛЬСК, УЛИЦА ЧУЙКОВА, 61/1, кв 45;САРБУПИНА ЗУЛЬФИЯ КАЛИУЛЛОВНА;
"ТОО ""Ломбард-Диамонд""";100340012708;Ломбард;"ТОО ""ЛОМБАРД-ДИАМОНД""";МАНГИСТАУСКАЯ ОБЛАСТЬ, ЖАНАОЗЕН Г.А., Г.ЖАНАОЗЕН, Микрорайон Оркен, дом 1;НАУРЫЗОВА АЛТЫН ТИЛЕУОВНА;
"ТОО ""Ломбард ИВА""";080940017932;Ломбард;"ТОО ""ЛОМБАРД ИВА""";Г.АЛМАТЫ, БОСТАНДЫКСКИЙ РАЙОН, улица Жандосова, дом 60А;ИТАХУНОВ РУСЛАН ТУРСУНОВИЧ;
"ТОО ""Кредитное товарищество ""Казалы несие""";031140001435;Кредитное товарищество;"ТОО"" КРЕДИТНОЕ ТОВАРИЩЕСТВО ""КАЗАЛЫ НЕСИЕ""";КЫЗЫЛОРДИНСКАЯ ОБЛАСТЬ, КАЗАЛИНСКИЙ РАЙОН, АЙТЕКЕ БИ П.А., П.АЙТЕКЕ БИ, улица Айтеке Би, дом 95А;БЕРЕКЕТОВА ШОЛПАН АХМЕТОВНА;
"ТОО ""Кредитное товарищество ""Қорқыт елі""";050640002650;Кредитное товарищество;"ТОО ""КРЕДИТНОЕ ТОВАРИЩЕСТВО ""ҚОРҚЫТ ЕЛІ""";КЫЗЫЛОРДИНСКАЯ ОБЛАСТЬ, КАРМАКШИНСКИЙ РАЙОН, ЖОСАЛИНСКИЙ С.О., П.ЖОСАЛЫ, улица Турар Рыскулов, здание 35;АХМЕТОВ ДОСБОЛ СӘБИТҰЛЫ;
"ТОО ""Каспий ломбард""";120240000229;Ломбард;"ТОО ""КАСПИЙ ЛОМБАРД""";МАНГИСТАУСКАЯ ОБЛАСТЬ, АКТАУ Г.А., Г.АКТАУ, Микрорайон 16, дом 64, кв. 112;АМАНГЕЛДИЕВ НҰРСҰЛТАН ҚАЛДАНҰЛЫ;
"ТОО ""Микрофинансовая организация ""Quick Money""";161040009235;МФО;"ТОО ""МИКРОФИНАНСОВАЯ ОРГАНИЗАЦИЯ ""QUICK MONEY""";АЛМАТИНСКАЯ ОБЛАСТЬ, ТАЛГАРСКИЙ РАЙОН, БЕСАГАШСКИЙ С.О., С.БЕСАГАШ, улица Қазыбек Би, дом 25;КУЛУМБЕТОВ АРМАН СЕРИКОВИЧ;
"ТОО ""Микрофинансовая организация ""Болашақ Инвест Финанс""";170640029904;МФО;"ТОО ""МИКРОФИНАНСОВАЯ ОРГАНИЗАЦИЯ ""БОЛАШАҚ ИНВЕСТ ФИНАНС""";АЛМАТИНСКАЯ ОБЛАСТЬ, ИЛИЙСКИЙ РАЙОН, С.О.ӨТЕГЕН БАТЫР, С.ОТЕГЕН БАТЫРА, улица Титов, дом 41;НҰРҚАСЫМ ЕЛАМАН ҒАБИТҰЛЫ;
"ТОО ""Кредитное товарищество ""Бастау-Қызылқоға""";120940006005;Кредитное товарищество;"ТОО ""КРЕДИТНОЕ ТОВАРИЩЕСТВО""БАСТАУ-ҚЫЗЫЛҚОҒА""";АТЫРАУСКАЯ ОБЛАСТЬ, КЗЫЛКОГИНСКИЙ РАЙОН, МИЯЛИНСКИЙ С.О., С.МИЯЛЫ, улица Ыбырай Алтынсарин, здание 41;ДЮСАЛИЕВ СУЙЕУГАЛИ СУЛТАНОВИЧ;
"ТОО ""Кредитное товарищество ""Қаржыгер""";130540020286;Кредитное товарищество;"ТОО ""КРЕДИТНОЕ ТОВАРИЩЕСТВО ""ҚАРЖЫГЕР""";АТЫРАУСКАЯ ОБЛАСТЬ, ЖЫЛЫОЙСКИЙ РАЙОН, КУЛЬСАРИНСКАЯ Г.А., Г.КУЛЬСАРЫ, улица Манап Ғалимов, строение 114;КУЛЕСОВ ДАНАБЕК МЕКТЕПОВИЧ;
"Товарищество с ограниченной ответственностью МФО ""Атырауский Центр Микрофинансирования""";021040004860;МФО;"МИКРОФИНАНСОВАЯ ОРГАНИЗАЦИЯ ТОО ""АТЫРАУСКИЙ ЦЕНТР МИКРОФИНАНСИРОВАНИЯ""";АТЫРАУСКАЯ ОБЛАСТЬ, АТЫРАУ Г.А., Г.АТЫРАУ, улица Құрманғазы, строение 8/6;КАМАЛОВ РЕНУАР БИЖАНОВИЧ;
"ТОО ""Everest Ломбард""";180740032820;Ломбард;"ТОО ""EVEREST ЛОМБАРД""";МАНГИСТАУСКАЯ ОБЛАСТЬ, АКТАУ Г.А., Г.АКТАУ, Микрорайон 32 Б, дом 4, кв. 46;БАҚТИЯРОВА ІНЖУ ҰЗАҚБАЙҚЫЗЫ;
"Товарищество с ограниченной ответственностью Ломбард ""Надежда""";091040007154;Ломбард;"ТОО ЛОМБАРД ""НАДЕЖДА""";АТЫРАУСКАЯ ОБЛАСТЬ, АТЫРАУ Г.А., Г.АТЫРАУ, улица Мұса Баймұханов, дом 66;ЖЕНИСОВ ДАУЛЕТБЕК НУРЛАНОВИЧ;
"ТОО ""Кредитное товарищество ""Бирлик""";010940000767;Кредитное товарищество;"ТОО ""КРЕДИТНОЕ ТОВАРИЩЕСТВО ""БИРЛИК""";СЕВЕРО-КАЗАХСТАНСКАЯ ОБЛАСТЬ, РАЙОН ИМ.ГАБИТА МУСРЕПОВА, НОВОИШИМСКИЙ С.О., С.НОВОИШИМСКОЕ, улица Ленина, дом 10;БЕКЕЕВА АКМАРАЛ ТОКСАНБАЕВНА;
"ТОО ""Ломбард Центральный 2""";150640020431;Ломбард;"ТОО ""ЛОМБАРД ЦЕНТРАЛЬНЫЙ 2""";СЕВЕРО-КАЗАХСТАНСКАЯ ОБЛАСТЬ, ПЕТРОПАВЛОВСК Г.А., Г.ПЕТРОПАВЛОВСК, улица Конституции Казахстана, дом 4;НАУМЕНКО ИРИНА ЮРЬЕВНА;
"ТОО ""Кредитное товарищество ""Мерей""";040940001047;Кредитное товарищество;"ТОО ""КРЕДИТНОЕ ТОВАРИЩЕСТВО ""МЕРЕЙ""";СЕВЕРО-КАЗАХСТАНСКАЯ ОБЛАСТЬ, ТИМИРЯЗЕВСКИЙ РАЙОН, ТИМИРЯЗЕВСКИЙ С.О., С.ТИМИРЯЗЕВО, улица Плетнева, дом 19;ЗАХАРЧУК РОМАН ПАВЛОВИЧ;
"ТОО ""Кредитное товарищество ""Талапкер""";050540001798;Кредитное товарищество;"ТОО ""КРЕДИТНОЕ ТОВАРИЩЕСТВО ""ТАЛАПКЕР""";СЕВЕРО-КАЗАХСТАНСКАЯ ОБЛАСТЬ, МАМЛЮТСКИЙ РАЙОН, МАМЛЮТСКАЯ Г.А., Г.МАМЛЮТКА, улица Абая Кунанбаева, дом 17;ОВЕРКОВСКАЯ СВЕТЛАНА ВАСИЛЬЕВНА;
"ТОО ""Центральный ломбард""";020940001093;Ломбард;"ТОО ""ЦЕНТРАЛЬНЫЙ ЛОМБАРД""";СЕВЕРО-КАЗАХСТАНСКАЯ ОБЛАСТЬ, ПЕТРОПАВЛОВСК Г.А., Г.ПЕТРОПАВЛОВСК, улица Конституции Казахстана, дом 4;НАУМЕНКО ИРИНА ЮРЬЕВНА;
"Товарищество с ограниченной ответственностью ""Думан ломбард""";080840014687;Ломбард;"ТОО ""ДУМАН ЛОМБАРД""";МАНГИСТАУСКАЯ ОБЛАСТЬ, АКТАУ Г.А., Г.АКТАУ, Микрорайон 11, дом 39;ИКЕМБАЕВА АЙЖАМАЛ;
"Товарищество с ограниченной ответственностью ""Ломбард ЧиК""";090240021273;Ломбард;"ТОО ""ЛОМБАРД ЧИК""";МАНГИСТАУСКАЯ ОБЛАСТЬ, АКТАУ Г.А., Г.АКТАУ, Микрорайон 15, дом 37, кв. 72;ЧЕЛНОКОВА ТАТЬЯНА ВИКТОРОВНА;
"Товарищество с ограниченной ответственностью ""Ломбард SK""";120540021163;Ломбард;"ТОО ""ЛОМБАРД SK""";АКТЮБИНСКАЯ ОБЛАСТЬ, АКТОБЕ Г.А., Г.АКТОБЕ, РАЙОН АСТАНА , Микрорайон 11, дом 112Г, корпус 1;КУРБАНОВ СУЛТАН МАГАМЕДОВИЧ;
"Товарищество с ограниченной ответственностью ""Ломбард""Власер""";100840010501;Ломбард;"ТОО ""ЛОМБАРД ""ВЛАСЕР""";ЖАМБЫЛСКАЯ ОБЛАСТЬ, КОРДАЙСКИЙ РАЙОН, КОРДАЙСКИЙ С.О., С.КОРДАЙ, улица Жібек жолы, строение 193;ПАЛЯНИЧКА АЛЕВТИНА ВИКТОРОВНА;
"Товарищество с ограниченной ответственностью ""ЛОМБАРД ЭКСПРЕССЪ""";070340005437;МФО;"ТОО ""ЛОМБАРД ЭКСПРЕССЪ""";КОСТАНАЙСКАЯ ОБЛАСТЬ, КОСТАНАЙ Г.А., Г.КОСТАНАЙ, улица В.Чкалова, дом 9;АККУРАТОВА ИРИНА ВИТАЛЬЕВНА;
"Товарищество с ограниченной ответственностью ""Кредитное товарищество ""Тогузак""";160840000911;Кредитное товарищество;"ТОО ""КРЕДИТНОЕ ТОВАРИЩЕСТВО ""ТОГУЗАК""";КОСТАНАЙСКАЯ ОБЛАСТЬ, КОСТАНАЙ Г.А., Г.КОСТАНАЙ, улица А.П.Чехова, дом 103;УРАЗБАХТИН РЕНАТ ФИЛЬХАТОВИЧ;
"Товарищество с ограниченной ответственностью МФО ""Атамекен""";160340012134;МФО;"ТОО ""МИКРОФИНАНСОВАЯ ОРГАНИЗАЦИЯ ""АТАМЕКЕН""";МАНГИСТАУСКАЯ ОБЛАСТЬ, АКТАУ Г.А., Г.АКТАУ, МИКРОРАЙОН 35, б/н;СЫНАБАЕВА БОТАГОЗ КУРМАШОВНА;
"Товарищество с ограниченной ответственностью ""Батыс-Платина ломбард""";110940017673;Ломбард;"ТОО ""БАТЫС-ПЛАТИНА ЛОМБАРД""";МАНГИСТАУСКАЯ ОБЛАСТЬ, АКТАУ Г.А., Г.АКТАУ, Микрорайон 26, дом 22, кв. 103;МАМБЕТОВА ЗИНА БАЙМАНОВНА;
"Товарищество с ограниченной ответственностью ""Ломбард ""€LIT"" (ЕВРОЛИТ)"" АСТАНА""";171040010111;Ломбард;"ТОО ""ЛОМБАРД ""€LIT"" (ЕВРОЛИТ)"" АСТАНА""";Г.АСТАНА, РАЙОН АЛМАТЫ, улица Жанайдара Жирентаева, дом 9, н.п. 3;ТОҚСАНАЙҚЫЗЫ ДИНА;
"Товарищество с ограниченной ответственностью ""Кредит Сервис Ломбард""";200540016848;Ломбард;"ТОО ""КРЕДИТ СЕРВИС ЛОМБАРД""";Г.АСТАНА, РАЙОН БАЙҚОҢЫР, Проспект Республика, дом 26, н.п. 4;ПУЛЬКЕВИЧ МАКСИМ ВЛАДИМИРОВИЧ;
"Товарищество с ограниченной ответственностью ""Ломбард ""Ж Зергер""";170240030557;Ломбард;"ТОО ""ЛОМБАРД ""Ж ЗЕРГЕР""";Г.ШЫМКЕНТ, РАЙОН ТУРАН, УЛИЦА РЫСКУЛОВА, ДОМ.422;КОЗБАКОВА ГУЛЬЗИНА ТАЖИМУХАНОВНА;
"Товарищество с ограниченной ответственностью ""Ломбард ""Несібе""";090340011725;Ломбард;"ТОО ""ОРДА РЕМСТРОЙ""";Г.ШЫМКЕНТ, АЛЬ-ФАРАБИЙСКИЙ РАЙОН, Микрорайон 16, дом 31, кв. 62;ОРАЗБАЙ ЖАНСҰЛТАН ТҰРҒЫНБАЙҰЛЫ;
"Товарищество с ограниченной ответственностью ""Микрофинансовая организация ""КазМикроИнвест""";160740020645;МФО;"ТОО ""МИКРОФИНАНСОВАЯ ОРГАНИЗАЦИЯ ""КАЗМИКРОИНВЕСТ""";Г.ШЫМКЕНТ, РАЙОН ТУРАН, улица Гани Иляева, дом 4, кв. 24;БАКТЫБАЕВА МАДИНА АЙТКУЛОВНА;
"Товарищество с ограниченной ответственностью ""Ломбард ""Айсұлтан""";140640013823;Ломбард;"ТОО ""ЛОМБАРД ""АЙСҰЛТАН""";Г.ШЫМКЕНТ, АБАЙСКИЙ РАЙОН, Трасса Темирлан, здание 202;АЛПЫСБАЕВА АЙДАНА КЕҢЕСБЕКҚЫЗЫ;
"Товарищество с ограниченной ответственностью ""Ломбард-Қаржы""";040640001591;Ломбард;"ТОО ""ЛОМБАРД-ҚАРЖЫ""";Г.ШЫМКЕНТ, АЛЬ-ФАРАБИЙСКИЙ РАЙОН, Проспект Тауке Хан, дом 7, кв. 9;БАГИРОВА АРАБИ-ЗАНГИ ЭЛЬДАРОВНА;
"Товарищество с ограниченной ответственностью ""Ломбард ""Остров сокровищ""";090640001560;Ломбард;"ТОО ""ЛОМБАРД ""ОСТРОВ СОКРОВИЩ""";ЖАМБЫЛСКАЯ ОБЛАСТЬ, ТАРАЗ Г.А., Г.ТАРАЗ, РАЙОН ӘУЛИЕАТА, Проспект Абая, дом 141, кв. 2;ЛАВРИНЕНКО ТАТЬЯНА ВАСИЛЬЕВНА;
"ТОО ""Микрофинансовая организация ""Региональный инвестиционный центр ""Кызылорда""";140940027214;МФО;"ТОО ""МИКРОФИНАНСОВАЯ ОРГАНИЗАЦИЯ ""РЕГИОНАЛЬНЫЙ ИНВЕСТИЦИОННЫЙ ЦЕНТР ""КЫЗЫЛОРДА""";КЫЗЫЛОРДИНСКАЯ ОБЛАСТЬ, КЫЗЫЛОРДА Г.А., Г.КЫЗЫЛОРДА, Микрорайон Арай, улица Мусирали Ажикожа, дом 10;МАТАЕВ ТАЛГАТ МУСТАФАЕВИЧ;
"ТОО ""Кредитное товарищество ""Сырдария-1""";040540001348;Кредитное товарищество;"ТОО ""КРЕДИТНОЕ ТОВАРИЩЕСТВО ""СЫРДАРИЯ-1""";КЫЗЫЛОРДИНСКАЯ ОБЛАСТЬ, СЫРДАРЬИНСКИЙ РАЙОН, ТЕРЕНОЗЕКСКИЙ С.О., С.ТЕРЕНОЗЕК, улица Касым Бодеев, дом 63;АБДУЛЛАЕВ АЛМАТ ТУРЕХАНОВИЧ;
"ТОО ""Delux-Lombard""";150940022101;МФО;"ТОО ""DELUX-LOMBARD""";Г.АСТАНА, РАЙОН АЛМАТЫ, Проспект Шәкәрім Құдайбердіұлы, дом 33, н.п. 7;РАХМЕТУЛЛИН АРНҰР АЯНҰЛЫ;
"ТОО ""ЛОМБАРД СТОЛИЧНЫЙ КЗ""";080840007822;МФО;"ТОО ""ЛОМБАРД СТОЛИЧНЫЙ КЗ""";Г.АСТАНА, РАЙОН САРЫАРКА, ПРОСПЕКТ ЖЕҢІС, 77, КВ 4;КОЛОСОВСКАЯ ОКСАНА ИОСИФОВНА;
"ТОО ""Кредитное товарищество ""Есиль""";010940000509;Кредитное товарищество;"ТОО ""КРЕДИТНОЕ ТОВАРИЩЕСТВО ""ЕСИЛЬ""";СЕВЕРО-КАЗАХСТАНСКАЯ ОБЛАСТЬ, КЫЗЫЛЖАРСКИЙ РАЙОН, БЕСКОЛЬСКИЙ С.О., С.БЕСКОЛЬ, улица Ульянова, дом 1Б;БИЛЯЛОВА ШЫНАР САГЫНДЫКОВНА;
"Товарищество с ограниченной ответственностью ""Ломбард ""Данияр""";101140000046;Ломбард;"ТОО ""ЛОМБАРД ""ДАНИЯР""";Г.ШЫМКЕНТ, АЛЬ-ФАРАБИЙСКИЙ РАЙОН, Микрорайон Куншыгыс, дом 114, кв. 15;РАБИЕВА ФИРУЗА ЕЛМУРАТОВНА;
"Товарищество с ограниченной ответственностью ""АЙ-КАЙСАР"" Ломбард""";120640020921;Ломбард;"ТОО ""АЙ-КАЙСАР"" ЛОМБАРД""";ЖАМБЫЛСКАЯ ОБЛАСТЬ, ЖУАЛЫНСКИЙ РАЙОН, Б.МОМЫШУЛЫ С.О., С.ИМ.Б.МОМЫШУЛЫ, улица Рысбек Батыр, дом 86, кв. 10;ИШМАДИЛОВА ГУЛЬНАР ЕРКИМБЕКОВНА;
"ТОО ""Кредитное товарищество ""Боралдай Агро-Несие""";170940015162;Кредитное товарищество;"ТОО ""КРЕДИТНОЕ ТОВАРИЩЕСТВО ""БОРАЛДАЙ АГРО - НЕСИЕ""";АЛМАТИНСКАЯ ОБЛАСТЬ, ИЛИЙСКИЙ РАЙОН, БОРАЛДАЙСКАЯ П.А., П.БОРАЛДАЙ, улица Алатау, здание 4Г;ДЖАНАБЕКОВА АРАЙ АСЕНГАЗЫЕВНА;
"ТОО ""Кредитное товарищество ""Алматы несие""";170440000582;Кредитное товарищество;"ТОО ""КТ ""АЛМАТЫ НЕСИЕ""";АЛМАТИНСКАЯ ОБЛАСТЬ, ТАЛГАРСКИЙ РАЙОН, ТАЛГАРСКАЯ Г.А., Г.ТАЛГАР, улица Рыскулова, дом 42/1;МУСАБЕКОВ ЕРКИНБАЙ САЙДАХМЕТОВИЧ;
"ТОО ""Микрофинансовая организация ""Батыс Финанс""";070640002862;МФО;"ТОО ""МИКРОФИНАНСОВАЯ ОРГАНИЗАЦИЯ ""БАТЫС ФИНАНС""";ЗАПАДНО-КАЗАХСТАНСКАЯ ОБЛАСТЬ, ТЕРЕКТИНСКИЙ РАЙОН, С.О.ТЕРЕКТІ, С.ТЕРЕКТІ, улица Сұнқар, здание 20;БУРПИЕВ РУСЛАН ЖАКСЛЫКОВИЧ;
"Товарищество с ограниченной ответственностью ""Ломбард ""D-Финанс.KZ""";171140011262;Ломбард;"ТОО ""ЛОМБАРД D-ФИНАНС.KZ""";КАРАГАНДИНСКАЯ ОБЛАСТЬ, КАРАГАНДА Г.А., Г.КАРАГАНДА, Р.А. ИМ. КАЗЫБЕК БИ, РАЙОН ИМ.КАЗЫБЕК БИ, улица Гоголя, дом 52, н.п. 42;ЛУПОЛОВСКИЙ ВИКТОР ВИКТОРОВИЧ;
"Товарищество с ограниченной ответственностью ""Микрофинансовая организация ""Дом кредитов""";180540035203;МФО;"ТОО ""МИКРОФИНАНСОВАЯ ОРГАНИЗАЦИЯ ""ДОМ КРЕДИТОВ""";КАРАГАНДИНСКАЯ ОБЛАСТЬ, КАРАГАНДА Г.А., Г.КАРАГАНДА, Р.А. ИМ. КАЗЫБЕК БИ, РАЙОН ИМ.КАЗЫБЕК БИ, улица Жамбыла, строение 47/1;ВЫРУПАЕВА ВАЛЕНТИНА ВЛАДИМИРОВНА;
"Товарищество с ограниченной ответственностью ""Микрофинансовая организация ""Инкар &amp; S""";170340023062;МФО;"ТОО ""МИКРОФИНАНСОВАЯ ОРГАНИЗАЦИЯ ""ИНКАР & S""";КАРАГАНДИНСКАЯ ОБЛАСТЬ, КАРАГАНДА Г.А., Г.КАРАГАНДА, Р.А. ИМ. КАЗЫБЕК БИ, РАЙОН ИМ.КАЗЫБЕК БИ, улица Ерубаева, дом 44/2;ХЕГАЙ ВИКТОР АЛЕКСАНДРОВИЧ;
"Товарищество с ограниченной ответственностью ""Ломбард ВЕР""";160440008030;Ломбард;"ТОО ""ЛОМБАРД ВЕР""";Г.ШЫМКЕНТ, АЛЬ-ФАРАБИЙСКИЙ РАЙОН, улица Казыбек Би, дом 12;МОЛИБОГА ВЯЧЕСЛАВ ВИКТОРОВИЧ;
"ТОО ""Эльдорадо Ломбард""";100940004997;Ломбард;"ТОО ""РУ-ЛОМБАРД""";Г.АЛМАТЫ, АЛМАЛИНСКИЙ РАЙОН, улица Наурызбай батыра, дом 26, кв. 43;АБДРАХМАНОВА АЙГУЛЬ БИГЕЛЬДИЕВНА;
"ТОО ""Микрофинансовая организация ""Жаркент-Финанс""";091040015758;МФО;"ТОО ""МИКРОФИНАНСОВАЯ ОРГАНИЗАЦИЯ ""ЖАРКЕНТ-ФИНАНС""";ОБЛАСТЬ ЖЕТІСУ, ПАНФИЛОВСКИЙ РАЙОН, ЖАРКЕНТСКАЯ Г.А., Г.ЖАРКЕНТ, улица Сульхи Лутфулин, дом 20А;ЕНКЕЖИКОВ ТАСТАН КЫДЫРБЕКОВИЧ;
"ТОО ""Кредитное товарищество ""Камкоршы""";020440000887;Кредитное товарищество;"ТОО ""КРЕДИТНОЕ ТОВАРИЩЕСТВО ""КАМКОРШЫ""";КЫЗЫЛОРДИНСКАЯ ОБЛАСТЬ, ЖАНАКОРГАНСКИЙ РАЙОН, ЖАНАКОРГАНСКИЙ С.О., П.ЖАНАКОРГАН, Проспект Амангельди Иманов, здание 132;ЕРКИШЕВ ЕРБОЛ ДУЙСЕНХАНОВИЧ;
"ТОО ""Микрофинансовая организация ""Group-Инвест""";070940004166;МФО;"ТОО ""МИКРОФИНАНСОВАЯ ОРГАНИЗАЦИЯ ""GROUP-ИНВЕСТ""";КЫЗЫЛОРДИНСКАЯ ОБЛАСТЬ, КЫЗЫЛОРДА Г.А., Г.КЫЗЫЛОРДА, улица Гани Муратбаев, здание 13;НАУРЫЗБАЕВА ЖУМАКУЛ ИСКАКОВНА;
"Товарищество с ограниченной ответственностью ""Ай-Н Ломбард""";151140025734;Ломбард;"ТОО ""АЙ-Н ЛОМБАРД""";Г.ШЫМКЕНТ, КАРАТАУСКИЙ РАЙОН, Микрорайон Нурсат, дом 221, н.п. 2;ЕСЕНКУЛОВА ГУЛШАТ НАЛИБАЕВНА;
"Товарищество с ограниченной ответственностью ""Ломбард Ел-Дана""";161040024318;Ломбард;"ТОО ""ЛОМБАРД ЕЛ-ДАНА""";ТУРКЕСТАНСКАЯ ОБЛАСТЬ, МАКТААРАЛЬСКИЙ РАЙОН, МАКТААРАЛЬСКИЙ С.О., С.ОРКЕНИЕТ, улица Жана Курылыс, дом 16У;ЕСЕНТАЕВА ГАЛИЯ ТУЛЕНДЫЕВНА;
"Товарищество с ограниченной ответственностью ""Микрофинансовая организация ""Express Finance Group""";120140021096;МФО;"ТОО ""МИКРОФИНАНСОВАЯ ОРГАНИЗАЦИЯ ""EXPRESS FINANCE GROUP""";Г.АСТАНА, РАЙОН БАЙҚОҢЫР, Проспект Абай, дом 63, н.п. 6;ЛИ ВАДИМ ВИКТОРОВИЧ;
"Товарищество с ограниченной ответственностью ""Микрофинансовая организация ""Serta""";150940000428;МФО;"ТОО ""МИКРОФИНАНСОВАЯ ОРГАНИЗАЦИЯ ""SERTA""";Г.АСТАНА, РАЙОН САРЫАРКА, Проспект Республика, дом 9/1;ТАГАШЕВ АЛИБЕК АЗРЕКОВИЧ;
"ТОО ""Микрофинансовая организация ""Кызылорда Авангард финанс""";090740012341;МФО;"ТОО ""МИКРОФИНАНСОВАЯ ОРГАНИЗАЦИЯ КЫЗЫЛОРДА АВАНГАРД ФИНАНС""";КЫЗЫЛОРДИНСКАЯ ОБЛАСТЬ, КЫЗЫЛОРДА Г.А., Г.КЫЗЫЛОРДА, улица Динмухамед Конаев, строение 10А;САВИНА ТАТЬЯНА ВАСИЛЬЕВНА;
"ТОО ""Ломбард GOLD EXPERT""";130640020894;Ломбард;"ТОО ""ЛОМБАРД GOLD EXPERT""";АЛМАТИНСКАЯ ОБЛАСТЬ, КАРАСАЙСКИЙ РАЙОН, УМТЫЛСКИЙ С.О., С.ЖАЛПАКСАЙ, улица О Шегебаев, дом 8;САРБАСОВА ГАЛИЯ АМАНГЕЛЬДИЕВНА;
"Товарищество с ограниченной ответственностью ""Негосударственный ломбард ""Мост-ломбард""";000640004826;Ломбард;"ТОО НЕГОСУДАРСТВЕННЫЙ ЛОМБАРД ""МОСТ-ЛОМБАРД""";Г.АСТАНА, РАЙОН САРЫАРКА, Проспект Жеңіс, дом 57;ГИЛЬМИЯРОВ ВЛАДИМИР ФИРДУСОВИЧ;
"ТОО ""Ломбард Финанс плюс""";150940019429;Ломбард;"ТОО ""ЛОМБАРД ФИНАНС ПЛЮС""";ОБЛАСТЬ ЖЕТІСУ, ТАЛДЫКОРГАН Г.А., Г.ТАЛДЫКОРГАН, улица Кабанбай батыра, дом 56;КУСЕМИСОВА АРДАК КАЙРАТОВНА;
"ТОО ""KAZ ЛОМБАРД 01""";130440008739;МФО;"ТОО ""KAZ ЛОМБАРД 01""";ОБЛАСТЬ ЖЕТІСУ, САРКАНСКИЙ РАЙОН, САРКАНСКАЯ Г.А., Г.САРКАН, улица Динмухамет Конаев, дом 5;АХМЕТОВ ТАЛГАТ АЛМУХАНБЕТОВИЧ;
"ТОО ""ӨСЕР Ломбард""";121040002518;Ломбард;"ТОО ""ӨСЕР ЛОМБАРД""";АЛМАТИНСКАЯ ОБЛАСТЬ, ТАЛГАРСКИЙ РАЙОН, ТУЗДЫБАСТАУСКИЙ С.О., С.ТУЗДЫБАСТАУ, улица Жылкыбай, здание 136/1;НУРЛАНОВА РОЗА САМИДИНОВНА;
"ТОО ""Микрофинансовая организация Элит-Кредит KZ""";201140025736;МФО;"ТОО ""МИКРОФИНАНСОВАЯ ОРГАНИЗАЦИЯ ЭЛИТ-КРЕДИТ KZ""";КОСТАНАЙСКАЯ ОБЛАСТЬ, КОСТАНАЙ Г.А., Г.КОСТАНАЙ, Проспект Аль-Фараби, строение 74;МАЗУРОВ НИКОЛАЙ НИКОЛАЕВИЧ;
"ТОО ""МФО ""Sator""";040340006978;МФО;"ТОО ""МИКРОФИНАНСОВАЯ ОРГАНИЗАЦИЯ ""SATOR""";СЕВЕРО-КАЗАХСТАНСКАЯ ОБЛАСТЬ, ПЕТРОПАВЛОВСК Г.А., Г.ПЕТРОПАВЛОВСК, улица Конституции Казахстана, дом 17;КАРМЕНОВА КАЛИЯ УРАЗБАЕВНА;
"ТОО ""Кредитное товарищество ""Арал ырысы""";050340002431;Кредитное товарищество;"ТОО ""КРЕДИТНОЕ ТОВАРИЩЕСТВО ""АРАЛ ЫРЫСЫ""";КЫЗЫЛОРДИНСКАЯ ОБЛАСТЬ, АРАЛЬСКИЙ РАЙОН, АРАЛЬСКАЯ Г.А., Г.АРАЛЬСК, улица Карасакал Еримбет, здание 23;НУРМАГАМБЕТОВА ЗОЯ СЕЙТКАЛИЕВНА;
"Товарищество с ограниченной ответственностью ""МИК Ломбард""";151240016441;Ломбард;"ТОО ""МИК ЛОМБАРД""";Г.АСТАНА, РАЙОН ЕСИЛЬ, улица Әлихан Бөкейхан, дом 27/1, кв. 135;МЕЙРХАНОВ РУСЛАН ТАЛГАТОВИЧ;
"ТОО ""Микрофинансовая организация ""PRO Финанс""";160940015577;МФО;"ТОО ""МИКРОФИНАНСОВАЯ ОРГАНИЗАЦИЯ ""PRO ФИНАНС""";Г.ШЫМКЕНТ, АЛЬ-ФАРАБИЙСКИЙ РАЙОН, улица Толеген Айбергенов, дом 1, н.п. 64;АБДУВАЛИЕВ НУРЛАН БЕКЖАНОВИЧ;
"Товарищество с ограниченной ответственностью ""Ломбард Жанар""";090240014568;Ломбард;"ТОО ""ЛОМБАРД ЖАНАР""";АКТЮБИНСКАЯ ОБЛАСТЬ, АКТОБЕ Г.А., Г.АКТОБЕ, РАЙОН АСТАНА , Проспект Абилкайыр Хана, дом 21, н.п. 3;МУХАМЕДЯРОВА АКМАРАЛ МУХАМЕДЯРКЫЗЫ;
"Товарищество с ограниченной ответственностью ""Ломбард RAMAD FINANCE""";100640016117;Ломбард;"ТОО ""ЛОМБАРД RAMAD FINANCE""";АКТЮБИНСКАЯ ОБЛАСТЬ, АКТОБЕ Г.А., Г.АКТОБЕ, РАЙОН АСТАНА , улица Братьев Жубановых, дом 298, кв. 83;СЫЗДЫКОВ АРМАН ЕРАХАНОВИЧ;
"Товарищество с ограниченной ответственностью ""Ломбард БЕТА KZ""";130440000921;Ломбард;"ТОО ""ЛОМБАРД БЕТА KZ""";АКТЮБИНСКАЯ ОБЛАСТЬ, АКТОБЕ Г.А., Г.АКТОБЕ, РАЙОН АЛМАТЫ , улица Шернияза Жарылгас-улы, дом 45;ГЕРИНГ МАРГАРИТА ПАВЛОВНА;
"Товарищество с ограниченной ответственностью ""Ломбард ""Мега-Алтын""";070740011934;Ломбард;"ТОО ""ЛОМБАРД ""МЕГА-АЛТЫН""";АКТЮБИНСКАЯ ОБЛАСТЬ, АКТОБЕ Г.А., Г.АКТОБЕ, РАЙОН АЛМАТЫ , Жилой массив Каргалы, улица Геологтар, дом 19;БАСЫГАРИНА АЛТЫН УМИРБАЕВНА;
"ТОО ""Ломбард Зангар""";030740000713;Ломбард;"ТОО ""ЛОМБАРД ""ЗАНГАР""";СЕВЕРО-КАЗАХСТАНСКАЯ ОБЛАСТЬ, ПЕТРОПАВЛОВСК Г.А., Г.ПЕТРОПАВЛОВСК, УЛИЦА КОНСТИТУЦИИ КАЗАХСТАНА, ДОМ 17;КАРМЕНОВА ГУЛАЙЫМ БЕРИКОВНА;
"ТОО ""Д-Ломбард 2020""";191240007241;Ломбард;"ТОО ""Д-ЛОМБАРД 2020""";Г.АСТАНА, РАЙОН НҰРА, ПРОСПЕКТ ҚАБАНБАЙ БАТЫР, 9/2, КВ 10;ЕСМУХАН АЙГЕРИМ САЙЛАУОВНА;
"ТОО ""GOOD-ЛОМБАРД""";151040010237;МФО;"ТОО ""GOOD - ЛОМБАРД""";Г.АСТАНА, РАЙОН САРЫАРКА, улица Ілияс Есенберлин, дом 20, н.п. 3;СУЛТАНОВА КАМИЛА БИРЖАНОВНА;
ТОО «Берекет Ломбард»;101240002145;Ломбард;"ТОО ""БЕРЕКЕТ ЛОМБАРД""";Г.АСТАНА, РАЙОН ЕСИЛЬ, Проспект Мәңгілік Ел, дом 19/2, н.п. 83;КАБЫКЕЕВА ДИНАРА РАШИТОВНА;
"Товарищество с ограниченной ответственностью ""Ломбард МАГНИТТ""";121240011257;Ломбард;ТОО «ЛОМБАРД МАГНИТТ»;ОБЛАСТЬ ЖЕТІСУ, ТАЛДЫКОРГАН Г.А., Г.ТАЛДЫКОРГАН, Проспект Нұрсұлтан Назарбаев, здание 44;АХМЕТОВА МИРА КАДЫРОВНА;
"Товарищество с ограниченной ответственностью ""Ломбард Ювелир плюс""";080740013176;Ломбард;"ТОО ""ЛОМБАРД ЮВЕЛИР ПЛЮС""";ОБЛАСТЬ ЖЕТІСУ, ТАЛДЫКОРГАН Г.А., Г.ТАЛДЫКОРГАН, Проспект Нұрсұлтан Назарбаев, дом 81;АХМЕТОВА МИРА КАДЫРОВНА;
"Товарищество с ограниченной ответственностью ""Бірлік-Ломбард""";060340012728;Ломбард;"ТОО ""БІРЛІК-ЛОМБАРД""";ОБЛАСТЬ ЖЕТІСУ, ТАЛДЫКОРГАН Г.А., Г.ТАЛДЫКОРГАН, Микрорайон Самал, дом 12, кв. 23;УСПАНОВА САМАЛ САПАШЕВНА;
"Товарищество с ограниченной ответственностью ""ДИАДЭ ЛОМБАРД""";010940002095;МФО;"ТОО ""ДИАДЭ-ЛОМБАРД""";ОБЛАСТЬ ЖЕТІСУ, ТАЛДЫКОРГАН Г.А., Г.ТАЛДЫКОРГАН, улица Биржан Сал, дом 66, н.п. 28;ДАМЕНОВА ЭЛЬМИРА ЕРКЕНОВНА;
"Товарищество с ограниченной ответственностью ""Ломбард ""Магнит""";101140000056;Ломбард;"ТОО ""ЛОМБАРД ""МАГНИТ""";Г.ШЫМКЕНТ, ЕНБЕКШИНСКИЙ РАЙОН, Проспект Жибек жолы, дом 30/7;ПАК ОЛЕГ ВАЛЕРЬЕВИЧ;
"Товарищество с ограниченной ответственностью ""Оңтүстік Қазақстан Ломбарды""";090540015207;Ломбард;"ТОО ""ОҢТҮСТІК ҚАЗАҚСТАН ЛОМБАРДЫ""";Г.ШЫМКЕНТ, АЛЬ-ФАРАБИЙСКИЙ РАЙОН, УЛИЦА КАЛДАЯКОВА, Д.1/35;КАРАБЕКОВА БАХЫТЖАМАЛ ЕРЕЖЕПОВНА;
"ТОО ""Элит-Ломбард KZ""";130240014072;Ломбард;"ТОО ""ЭЛИТ-ЛОМБАРД KZ""";КОСТАНАЙСКАЯ ОБЛАСТЬ, КОСТАНАЙ Г.А., Г.КОСТАНАЙ, Проспект Аль-Фараби, строение 74;МАЗУРОВ НИКОЛАЙ НИКОЛАЕВИЧ;
"ТОО ""Ломбард Аквилон""";160240014008;Ломбард;"ТОО ""ЛОМБАРД ""АКВИЛОН""";СЕВЕРО-КАЗАХСТАНСКАЯ ОБЛАСТЬ, ПЕТРОПАВЛОВСК Г.А., Г.ПЕТРОПАВЛОВСК, улица Нұрсұлтан Назарбаев, дом 223;ПЕТРУХИНА ОКСАНА ГЕННАДЬЕВНА;
"ТОО ""Ломбард Пятачок""";090640016291;Ломбард;"ТОО ""ЛОМБАРД ПЯТАЧОК""";СЕВЕРО-КАЗАХСТАНСКАЯ ОБЛАСТЬ, ПЕТРОПАВЛОВСК Г.А., Г.ПЕТРОПАВЛОВСК, улица Интернациональная, дом 94А, кв. 9;НУРМАТОВА ЕКАТЕРИНА СЕРГЕЕВНА;
"Товарищество с ограниченной ответственностью ""МК Экстра Ломбард""";131140013251;Ломбард;"ТОО ""МК ЭКСТРА ЛОМБАРД""";Г.АСТАНА, РАЙОН БАЙҚОҢЫР, улица Ахмета Жубанова, дом 29/1, кв. 19;КИМ СЕРГЕЙ ВИКТОРОВИЧ;
"Товарищество с ограниченной ответственностью ""Bravo Lombard""";180640003040;МФО;"ТОО ""BRAVO LOMBARD""";Г.АСТАНА, РАЙОН ЕСИЛЬ, УЛИЦА САРАЙШЫҚ, 32;САЛИХОВ БОЛАТ МАРАТОВИЧ;
"Товарищество с ограниченной ответственностью ""Ломбард Рахат Несие""";160240010692;Ломбард;"ТОО ""ЛОМБАРД РАХАТ НЕСИЕ""";Г.ШЫМКЕНТ, АЛЬ-ФАРАБИЙСКИЙ РАЙОН, улица Жумабай Шаяхметов, дом 42, н.п. 16;МИРЗАКУЛОВ ЕРБОЛ КАЛЖАНОВИЧ;
"Товарищество с ограниченной ответственностью ""Ломбард Алмаз-999""";150240013966;Ломбард;"ТОО ""ЛОМБАРД АЛМАЗ-999""";Г.ШЫМКЕНТ, АЛЬ-ФАРАБИЙСКИЙ РАЙОН, Микрорайон 16, дом 24, кв. 36;БЕКЖАНОВА САУЛЕ АБДЫМАЛИКОВНА;
ТОО «Ломбард «SERT FINANCE GROUР»;151040023714;Ломбард;"ТОО ""ЛОМБАРД ""SERT FINANCE GROUP""";Г.ШЫМКЕНТ, РАЙОН ТУРАН, улица Тұрар Рысқұлов, здание 22/4;КЕНЖЕБЕК САБЫРЖАН БӨРІБАЙҰЛЫ;
"Товарищество с ограниченной ответственностью ""Ломбард ""БЕК""";090140011242;Ломбард;"ТОО ""ЛОМБАРД ""БЕК""";Г.ШЫМКЕНТ, АЛЬ-ФАРАБИЙСКИЙ РАЙОН, улица Туркестанская, здание 6;МАНСУРОВА ЗУХРА САЙЛАУБЕКОВНА;
"Товарищество с ограниченной ответственностью ""Ломбард ""ҰЛЫ ШЫҢ""";080740015205;Ломбард;"ТОО ""ЛОМБАРД ""ҰЛЫ ШЫҢ""";Г.ШЫМКЕНТ, АБАЙСКИЙ РАЙОН, КАЖЫМУКАН;ИМАШОВ КЫДЫРБЕК ДОСЖАНОВИЧ;
"Товарищество с ограниченной ответственностью ""Микрофинансовая организация ""CityCredit""";080540008057;МФО;"ТОО ""МИКРОФИНАНСОВАЯ ОРГАНИЗАЦИЯ ""CITYCREDIT""";Г.ШЫМКЕНТ, АЛЬ-ФАРАБИЙСКИЙ РАЙОН, улица Санжар Жандосов, здание 73В;СУГУРБЕКОВА ЗАМИРА КЕНЕСОВНА;
"Товарищество с ограниченной ответственностью ""Микрофинансовая организация ""Теньгофф""";161240001158;МФО;"ТОО ""МИКРОФИНАНСОВАЯ ОРГАНИЗАЦИЯ ""ТЕНЬГОФФ""";Г.АСТАНА, РАЙОН САРАЙШЫҚ, Проспект Тәуелсіздік, здание 41;ЖАНБУРБАЕВА МОНИКА НУРМАТОВНА;
"Товарищество с ограниченной ответственностью ""Микрофинансовая организация ""НИЕТ Кредит""";030540007377;МФО;"ТОО ""МИКРОФИНАНСОВАЯ ОРГАНИЗАЦИЯ"" НИЕТ КРЕДИТ""";Г.ШЫМКЕНТ, АЛЬ-ФАРАБИЙСКИЙ РАЙОН, улица Мухамед Хайдар Дулати, здание 2/5;БУРМАГАНОВ СЕРИК АЛИБЕКОВИЧ;
"Товарищество с ограниченной ответственностью ""Ломбард Партнер Казахстан""";140340023770;Ломбард;"ТОО ""ЛОМБАРД ПАРТНЕР КАЗАХСТАН""";Г.ШЫМКЕНТ, РАЙОН ТУРАН, БН;МЕХИТБАЕВ СУБХАНБЕРДИ ГУСЕЙНОВИЧ;
"Товарищество с ограниченной ответственностью ""Ломбард ""Серт А""";160740000908;Ломбард;"ТОО ""ЛОМБАРД ""СЕРТ А""";Г.ШЫМКЕНТ, РАЙОН ТУРАН, Проспект Республики, дом 12, кв. 43;КЕНЖЕБЕК САБЫРЖАН БӨРІБАЙҰЛЫ;
"Товарищество с ограниченной ответственностью "" Ломбард ""Серт KZ""";100840015770;Ломбард;"ТОО ""ЛОМБАРД ""СЕРТ KZ""";Г.ШЫМКЕНТ, РАЙОН ТУРАН, улица Шамши Калдаяков, здание 6/3;ЖАҚСЫЛЫҚ МЕРУЕРТ НҰРБОЛҚЫЗЫ;
"Товарищество с ограниченной ответственностью ""Ломбард ""Байбол""";120540013162;Ломбард;"ТОО ""ЛОМБАРД ""БАЙБОЛ""";Г.ШЫМКЕНТ, РАЙОН ТУРАН, улица Мангельдина, дом 42, н.п. 4;БАЙБОЛ НАЗГҮЛ ТЕМІРБАЙҚЫЗЫ;
"Товарищество с ограниченной ответственностью ""Капитал Ломбард Плюс""";180840022976;Ломбард;"ТОО ""КАПИТАЛ ЛОМБАРД ПЛЮС""";Г.ШЫМКЕНТ, ЕНБЕКШИНСКИЙ РАЙОН, улица Толе би, дом 37, кв. 7;АБДРАЛИЕВА АЙСУЛУ БАЙЖИГИТОВНА;
"Товарищество с ограниченной ответственностью ""Микрофинансовая организация GoldFinMarket""";071140021635;МФО;"ТОО ""МИКРОФИНАНСОВАЯ ОРГАНИЗАЦИЯ GOLDFINMARKET""";ТУРКЕСТАНСКАЯ ОБЛАСТЬ, ОТРАРСКИЙ РАЙОН, ШАУЛЬДЕРСКИЙ С.О., С.ШАУЛЬДЕР, Проспект Жибек жолы, здание 22/6;ЕРГАЛИЕВА ГУЛЬМИРА КОНУСБАЕВНА;
"ТОО ""Ломбард ""Кредит +""";080340007110;Ломбард;"ТОО ""ЛОМБАРД КРЕДИТ+""";КОСТАНАЙСКАЯ ОБЛАСТЬ, КОСТАНАЙ Г.А., Г.КОСТАНАЙ, улица А.Касымканова, дом 114;СОЛОМАХА ИГОРЬ ВИКТОРОВИЧ;
"ТОО ""Кредитное товарищество ""Аят""";040540001419;Кредитное товарищество;"ТОО ""КРЕДИТНОЕ ТОВАРИЩЕСТВО ""АЯТ""";КОСТАНАЙСКАЯ ОБЛАСТЬ, РАЙОН БЕИМБЕТА МАЙЛИНА, С.О.ӘЙЕТ, С.ӘЙЕТ, улица Тәуелсіздік, здание 115;ЗАВЬЯЛОВ ЕВГЕНИЙ СЕРГЕЕВИЧ;
"Товарищество с ограниченной ответственностью ""Микрофинансовая организация ""Кредит Time""";200640010377;МФО;"ТОО ""МИКРОФИНАНСОВАЯ ОРГАНИЗАЦИЯ ""КРЕДИТ TIME""";АКТЮБИНСКАЯ ОБЛАСТЬ, АКТОБЕ Г.А., Г.АКТОБЕ, РАЙОН АСТАНА , Проспект Абилкайыр Хана, дом 53, кв. 3;АЙТЖАНОВ СУЛТАН ЕДИЛГАЛИЕВИЧ;
